Country,CountryCode,Province,City,CityCode,Lat,Lon,Cases,Status,Date
Australia,AU,Australian Capital Territory,,,-35.47,149.01,0,confirmed,2020-03-01T00:00:00Z
Australia,AU,New South Wales,,,-33.87,151.21,6,confirmed,2020-03-01T00:00:00Z
Australia,AU,Northern Territory,,,-12.46,130.85,0,confirmed,2020-03-01T00:00:00Z
Australia,AU,Queensland,,,-28.02,153.4,9,confirmed,2020-03-01T00:00:00Z
Australia,AU,South Australia,,,-34.93,138.6,3,confirmed,2020-03-01T00:00:00Z
Australia,AU,Tasmania,,,-41.45,145.97,0,confirmed,2020-03-01T00:00:00Z
Australia,AU,Victoria,,,-37.81,144.96,7,confirmed,2020-03-01T00:00:00Z
Australia,AU,Western Australia,,,-31.95,115.86,2,confirmed,2020-03-01T00:00:00Z
Australia,AU,Australian Capital Territory,,,-35.47,149.01,0,confirmed,2020-03-02T00:00:00Z
Australia,AU,New South Wales,,,-33.87,151.21,6,confirmed,2020-03-02T00:00:00Z
Australia,AU,Northern Territory,,,-12.46,130.85,0,confirmed,2020-03-02T00:00:00Z
Australia,AU,Queensland,,,-28.02,153.4,9,confirmed,2020-03-02T00:00:00Z
Australia,AU,South Australia,,,-34.93,138.6,3,confirmed,2020-03-02T00:00:00Z
Australia,AU,Tasmania,,,-41.45,145.97,1,confirmed,2020-03-02T00:00:00Z
Australia,AU,Victoria,,,-37.81,144.96,9,confirmed,2020-03-02T00:00:00Z
Australia,AU,Western Australia,,,-31.95,115.86,2,confirmed,2020-03-02T00:00:00Z
Australia,AU,Australian Capital Territory,,,-35.47,149.01,0,confirmed,2020-03-03T00:00:00Z
Australia,AU,New South Wales,,,-33.87,151.21,13,confirmed,2020-03-03T00:00:00Z
Australia,AU,Northern Territory,,,-12.46,130.85,0,confirmed,2020-03-03T00:00:00Z
Australia,AU,Queensland,,,-28.02,153.4,11,confirmed,2020-03-03T00:00:00Z
Australia,AU,South Australia,,,-34.93,138.6,3,confirmed,2020-03-03T00:00:00Z
Australia,AU,Tasmania,,,-41.45,145.97,1,confirmed,2020-03-03T00:00:00Z
Australia,AU,Victoria,,,-37.81,144.96,9,confirmed,2020-03-03T00:00:00Z
Australia,AU,Western Australia,,,-31.95,115.86,2,confirmed,2020-03-03T00:00:00Z
Australia,AU,Australian Capital Territory,,,-35.47,149.01,0,confirmed,2020-03-04T00:00:00Z
Australia,AU,New South Wales,,,-33.87,151.21,22,confirmed,2020-03-04T00:00:00Z
Australia,AU,Northern Territory,,,-12.46,130.85,1,confirmed,2020-03-04T00:00:00Z
Australia,AU,Queensland,,,-28.02,153.4,11,confirmed,2020-03-04T00:00:00Z
Australia,AU,South Australia,,,-34.93,138.6,5,confirmed,2020-03-04T00:00:00Z
Australia,AU,Tasmania,,,-41.45,145.97,1,confirmed,2020-03-04T00:00:00Z
Australia,AU,Victoria,,,-37.81,144.96,10,confirmed,2020-03-04T00:00:00Z
Australia,AU,Western Australia,,,-31.95,115.86,2,confirmed,2020-03-04T00:00:00Z
Australia,AU,Australian Capital Territory,,,-35.47,149.01,0,confirmed,2020-03-05T00:00:00Z
Australia,AU,New South Wales,,,-33.87,151.21,22,confirmed,2020-03-05T00:00:00Z
Australia,AU,Northern Territory,,,-12.46,130.85,1,confirmed,2020-03-05T00:00:00Z
Australia,AU,Queensland,,,-28.02,153.4,13,confirmed,2020-03-05T00:00:00Z
Australia,AU,South Australia,,,-34.93,138.6,5,confirmed,2020-03-05T00:00:00Z
Australia,AU,Tasmania,,,-41.45,145.97,1,confirmed,2020-03-05T00:00:00Z
Australia,AU,Victoria,,,-37.81,144.96,10,confirmed,2020-03-05T00:00:00Z
Australia,AU,Western Australia,,,-31.95,115.86,3,confirmed,2020-03-05T00:00:00Z
Australia,AU,Australian Capital Territory,,,-35.47,149.01,0,confirmed,2020-03-06T00:00:00Z
Australia,AU,New South Wales,,,-33.87,151.21,26,confirmed,2020-03-06T00:00:00Z
Australia,AU,Northern Territory,,,-12.46,130.85,0,confirmed,2020-03-06T00:00:00Z
Australia,AU,Queensland,,,-28.02,153.4,13,confirmed,2020-03-06T00:00:00Z
Australia,AU,South Australia,,,-34.93,138.6,7,confirmed,2020-03-06T00:00:00Z
Australia,AU,Tasmania,,,-41.45,145.97,1,confirmed,2020-03-06T00:00:00Z
Australia,AU,Victoria,,,-37.81,144.96,10,confirmed,2020-03-06T00:00:00Z
Australia,AU,Western Australia,,,-31.95,115.86,3,confirmed,2020-03-06T00:00:00Z
Australia,AU,Australian Capital Territory,,,-35.47,149.01,0,confirmed,2020-03-07T00:00:00Z
Australia,AU,New South Wales,,,-33.87,151.21,28,confirmed,2020-03-07T00:00:00Z
Australia,AU,Northern Territory,,,-12.46,130.85,0,confirmed,2020-03-07T00:00:00Z
Australia,AU,Queensland,,,-28.02,153.4,13,confirmed,2020-03-07T00:00:00Z
Australia,AU,South Australia,,,-34.93,138.6,7,confirmed,2020-03-07T00:00:00Z
Australia,AU,Tasmania,,,-41.45,145.97,1,confirmed,2020-03-07T00:00:00Z
Australia,AU,Victoria,,,-37.81,144.96,11,confirmed,2020-03-07T00:00:00Z
Australia,AU,Western Australia,,,-31.95,115.86,3,confirmed,2020-03-07T00:00:00Z
Australia,AU,Australian Capital Territory,,,-35.47,149.01,0,confirmed,2020-03-08T00:00:00Z
Australia,AU,New South Wales,,,-33.87,151.21,38,confirmed,2020-03-08T00:00:00Z
Australia,AU,Northern Territory,,,-12.46,130.85,0,confirmed,2020-03-08T00:00:00Z
Australia,AU,Queensland,,,-28.02,153.4,15,confirmed,2020-03-08T00:00:00Z
Australia,AU,South Australia,,,-34.93,138.6,7,confirmed,2020-03-08T00:00:00Z
Australia,AU,Tasmania,,,-41.45,145.97,2,confirmed,2020-03-08T00:00:00Z
Australia,AU,Victoria,,,-37.81,144.96,11,confirmed,2020-03-08T00:00:00Z
Australia,AU,Western Australia,,,-31.95,115.86,3,confirmed,2020-03-08T00:00:00Z
Australia,AU,Australian Capital Territory,,,-35.47,149.01,0,confirmed,2020-03-09T00:00:00Z
Australia,AU,New South Wales,,,-33.87,151.21,48,confirmed,2020-03-09T00:00:00Z
Australia,AU,Northern Territory,,,-12.46,130.85,0,confirmed,2020-03-09T00:00:00Z
Australia,AU,Queensland,,,-28.02,153.4,15,confirmed,2020-03-09T00:00:00Z
Australia,AU,South Australia,,,-34.93,138.6,7,confirmed,2020-03-09T00:00:00Z
Australia,AU,Tasmania,,,-41.45,145.97,2,confirmed,2020-03-09T00:00:00Z
Australia,AU,Victoria,,,-37.81,144.96,15,confirmed,2020-03-09T00:00:00Z
Australia,AU,Western Australia,,,-31.95,115.86,4,confirmed,2020-03-09T00:00:00Z
Australia,AU,Australian Capital Territory,,,-35.47,149.01,0,confirmed,2020-03-10T00:00:00Z
Australia,AU,New South Wales,,,-33.87,151.21,55,confirmed,2020-03-10T00:00:00Z
Australia,AU,Northern Territory,,,-12.46,130.85,1,confirmed,2020-03-10T00:00:00Z
Australia,AU,Queensland,,,-28.02,153.4,18,confirmed,2020-03-10T00:00:00Z
Australia,AU,South Australia,,,-34.93,138.6,7,confirmed,2020-03-10T00:00:00Z
Australia,AU,Tasmania,,,-41.45,145.97,2,confirmed,2020-03-10T00:00:00Z
Australia,AU,Victoria,,,-37.81,144.96,18,confirmed,2020-03-10T00:00:00Z
Australia,AU,Western Australia,,,-31.95,115.86,6,confirmed,2020-03-10T00:00:00Z
Australia,AU,Australian Capital Territory,,,-35.47,149.01,0,confirmed,2020-03-11T00:00:00Z
Australia,AU,New South Wales,,,-33.87,151.21,65,confirmed,2020-03-11T00:00:00Z
Australia,AU,Northern Territory,,,-12.46,130.85,1,confirmed,2020-03-11T00:00:00Z
Australia,AU,Queensland,,,-28.02,153.4,20,confirmed,2020-03-11T00:00:00Z
Australia,AU,South Australia,,,-34.93,138.6,9,confirmed,2020-03-11T00:00:00Z
Australia,AU,Tasmania,,,-41.45,145.97,3,confirmed,2020-03-11T00:00:00Z
Australia,AU,Victoria,,,-37.81,144.96,21,confirmed,2020-03-11T00:00:00Z
Australia,AU,Western Australia,,,-31.95,115.86,9,confirmed,2020-03-11T00:00:00Z
Australia,AU,Australian Capital Territory,,,-35.47,149.01,0,confirmed,2020-03-12T00:00:00Z
Australia,AU,New South Wales,,,-33.87,151.21,65,confirmed,2020-03-12T00:00:00Z
Australia,AU,Northern Territory,,,-12.46,130.85,1,confirmed,2020-03-12T00:00:00Z
Australia,AU,Queensland,,,-28.02,153.4,20,confirmed,2020-03-12T00:00:00Z
Australia,AU,South Australia,,,-34.93,138.6,9,confirmed,2020-03-12T00:00:00Z
Australia,AU,Tasmania,,,-41.45,145.97,3,confirmed,2020-03-12T00:00:00Z
Australia,AU,Victoria,,,-37.81,144.96,21,confirmed,2020-03-12T00:00:00Z
Australia,AU,Western Australia,,,-31.95,115.86,9,confirmed,2020-03-12T00:00:00Z
Australia,AU,Australian Capital Territory,,,-35.47,149.01,1,confirmed,2020-03-13T00:00:00Z
Australia,AU,New South Wales,,,-33.87,151.21,92,confirmed,2020-03-13T00:00:00Z
Australia,AU,Northern Territory,,,-12.46,130.85,1,confirmed,2020-03-13T00:00:00Z
Australia,AU,Queensland,,,-28.02,153.4,35,confirmed,2020-03-13T00:00:00Z
Australia,AU,South Australia,,,-34.93,138.6,16,confirmed,2020-03-13T00:00:00Z
Australia,AU,Tasmania,,,-41.45,145.97,5,confirmed,2020-03-13T00:00:00Z
Australia,AU,Victoria,,,-37.81,144.96,36,confirmed,2020-03-13T00:00:00Z
Australia,AU,Western Australia,,,-31.95,115.86,14,confirmed,2020-03-13T00:00:00Z
Australia,AU,Australian Capital Territory,,,-35.47,149.01,1,confirmed,2020-03-14T00:00:00Z
Australia,AU,New South Wales,,,-33.87,151.21,112,confirmed,2020-03-14T00:00:00Z
Australia,AU,Northern Territory,,,-12.46,130.85,1,confirmed,2020-03-14T00:00:00Z
Australia,AU,Queensland,,,-28.02,153.4,46,confirmed,2020-03-14T00:00:00Z
Australia,AU,South Australia,,,-34.93,138.6,19,confirmed,2020-03-14T00:00:00Z
Australia,AU,Tasmania,,,-41.45,145.97,5,confirmed,2020-03-14T00:00:00Z
Australia,AU,Victoria,,,-37.81,144.96,49,confirmed,2020-03-14T00:00:00Z
Australia,AU,Western Australia,,,-31.95,115.86,17,confirmed,2020-03-14T00:00:00Z
Australia,AU,Australian Capital Territory,,,-35.47,149.01,1,confirmed,2020-03-15T00:00:00Z
Australia,AU,New South Wales,,,-33.87,151.21,134,confirmed,2020-03-15T00:00:00Z
Australia,AU,Northern Territory,,,-12.46,130.85,1,confirmed,2020-03-15T00:00:00Z
Australia,AU,Queensland,,,-28.02,153.4,61,confirmed,2020-03-15T00:00:00Z
Australia,AU,South Australia,,,-34.93,138.6,20,confirmed,2020-03-15T00:00:00Z
Australia,AU,Tasmania,,,-41.45,145.97,6,confirmed,2020-03-15T00:00:00Z
Australia,AU,Victoria,,,-37.81,144.96,57,confirmed,2020-03-15T00:00:00Z
Australia,AU,Western Australia,,,-31.95,115.86,17,confirmed,2020-03-15T00:00:00Z
Australia,AU,Australian Capital Territory,,,-35.47,149.01,2,confirmed,2020-03-16T00:00:00Z
Australia,AU,New South Wales,,,-33.87,151.21,171,confirmed,2020-03-16T00:00:00Z
Australia,AU,Northern Territory,,,-12.46,130.85,1,confirmed,2020-03-16T00:00:00Z
Australia,AU,Queensland,,,-28.02,153.4,68,confirmed,2020-03-16T00:00:00Z
Australia,AU,South Australia,,,-34.93,138.6,29,confirmed,2020-03-16T00:00:00Z
Australia,AU,Tasmania,,,-41.45,145.97,7,confirmed,2020-03-16T00:00:00Z
Australia,AU,Victoria,,,-37.81,144.96,71,confirmed,2020-03-16T00:00:00Z
Australia,AU,Western Australia,,,-31.95,115.86,28,confirmed,2020-03-16T00:00:00Z
Australia,AU,Australian Capital Territory,,,-35.47,149.01,2,confirmed,2020-03-17T00:00:00Z
Australia,AU,New South Wales,,,-33.87,151.21,210,confirmed,2020-03-17T00:00:00Z
Australia,AU,Northern Territory,,,-12.46,130.85,1,confirmed,2020-03-17T00:00:00Z
Australia,AU,Queensland,,,-28.02,153.4,78,confirmed,2020-03-17T00:00:00Z
Australia,AU,South Australia,,,-34.93,138.6,29,confirmed,2020-03-17T00:00:00Z
Australia,AU,Tasmania,,,-41.45,145.97,7,confirmed,2020-03-17T00:00:00Z
Australia,AU,Victoria,,,-37.81,144.96,94,confirmed,2020-03-17T00:00:00Z
Australia,AU,Western Australia,,,-31.95,115.86,31,confirmed,2020-03-17T00:00:00Z
Australia,AU,Australian Capital Territory,,,-35.47,149.01,3,confirmed,2020-03-18T00:00:00Z
Australia,AU,New South Wales,,,-33.87,151.21,267,confirmed,2020-03-18T00:00:00Z
Australia,AU,Northern Territory,,,-12.46,130.85,1,confirmed,2020-03-18T00:00:00Z
Australia,AU,Queensland,,,-28.02,153.4,94,confirmed,2020-03-18T00:00:00Z
Australia,AU,South Australia,,,-34.93,138.6,37,confirmed,2020-03-18T00:00:00Z
Australia,AU,Tasmania,,,-41.45,145.97,10,confirmed,2020-03-18T00:00:00Z
Australia,AU,Victoria,,,-37.81,144.96,121,confirmed,2020-03-18T00:00:00Z
Australia,AU,Western Australia,,,-31.95,115.86,35,confirmed,2020-03-18T00:00:00Z
Australia,AU,Australian Capital Territory,,,-35.47,149.01,4,confirmed,2020-03-19T00:00:00Z
Australia,AU,New South Wales,,,-33.87,151.21,307,confirmed,2020-03-19T00:00:00Z
Australia,AU,Northern Territory,,,-12.46,130.85,1,confirmed,2020-03-19T00:00:00Z
Australia,AU,Queensland,,,-28.02,153.4,144,confirmed,2020-03-19T00:00:00Z
Australia,AU,South Australia,,,-34.93,138.6,42,confirmed,2020-03-19T00:00:00Z
Australia,AU,Tasmania,,,-41.45,145.97,10,confirmed,2020-03-19T00:00:00Z
Australia,AU,Victoria,,,-37.81,144.96,121,confirmed,2020-03-19T00:00:00Z
Australia,AU,Western Australia,,,-31.95,115.86,52,confirmed,2020-03-19T00:00:00Z
Australia,AU,Australian Capital Territory,,,-35.47,149.01,6,confirmed,2020-03-20T00:00:00Z
Australia,AU,New South Wales,,,-33.87,151.21,353,confirmed,2020-03-20T00:00:00Z
Australia,AU,Northern Territory,,,-12.46,130.85,3,confirmed,2020-03-20T00:00:00Z
Australia,AU,Queensland,,,-28.02,153.4,184,confirmed,2020-03-20T00:00:00Z
Australia,AU,South Australia,,,-34.93,138.6,50,confirmed,2020-03-20T00:00:00Z
Australia,AU,Tasmania,,,-41.45,145.97,10,confirmed,2020-03-20T00:00:00Z
Australia,AU,Victoria,,,-37.81,144.96,121,confirmed,2020-03-20T00:00:00Z
Australia,AU,Western Australia,,,-31.95,115.86,64,confirmed,2020-03-20T00:00:00Z
Australia,AU,Australian Capital Territory,,,-35.47,149.01,9,confirmed,2020-03-21T00:00:00Z
Australia,AU,New South Wales,,,-33.87,151.21,436,confirmed,2020-03-21T00:00:00Z
Australia,AU,Northern Territory,,,-12.46,130.85,3,confirmed,2020-03-21T00:00:00Z
Australia,AU,Queensland,,,-28.02,153.4,221,confirmed,2020-03-21T00:00:00Z
Australia,AU,South Australia,,,-34.93,138.6,67,confirmed,2020-03-21T00:00:00Z
Australia,AU,Tasmania,,,-41.45,145.97,16,confirmed,2020-03-21T00:00:00Z
Australia,AU,Victoria,,,-37.81,144.96,229,confirmed,2020-03-21T00:00:00Z
Australia,AU,Western Australia,,,-31.95,115.86,90,confirmed,2020-03-21T00:00:00Z
Australia,AU,Australian Capital Territory,,,-35.47,149.01,19,confirmed,2020-03-22T00:00:00Z
Australia,AU,New South Wales,,,-33.87,151.21,669,confirmed,2020-03-22T00:00:00Z
Australia,AU,Northern Territory,,,-12.46,130.85,5,confirmed,2020-03-22T00:00:00Z
Australia,AU,Queensland,,,-28.02,153.4,259,confirmed,2020-03-22T00:00:00Z
Australia,AU,South Australia,,,-34.93,138.6,100,confirmed,2020-03-22T00:00:00Z
Australia,AU,Tasmania,,,-41.45,145.97,22,confirmed,2020-03-22T00:00:00Z
Australia,AU,Victoria,,,-37.81,144.96,355,confirmed,2020-03-22T00:00:00Z
Australia,AU,Western Australia,,,-31.95,115.86,120,confirmed,2020-03-22T00:00:00Z
Australia,AU,Australian Capital Territory,,,-35.47,149.01,32,confirmed,2020-03-23T00:00:00Z
Australia,AU,New South Wales,,,-33.87,151.21,669,confirmed,2020-03-23T00:00:00Z
Australia,AU,Northern Territory,,,-12.46,130.85,5,confirmed,2020-03-23T00:00:00Z
Australia,AU,Queensland,,,-28.02,153.4,319,confirmed,2020-03-23T00:00:00Z
Australia,AU,South Australia,,,-34.93,138.6,134,confirmed,2020-03-23T00:00:00Z
Australia,AU,Tasmania,,,-41.45,145.97,28,confirmed,2020-03-23T00:00:00Z
Australia,AU,Victoria,,,-37.81,144.96,355,confirmed,2020-03-23T00:00:00Z
Australia,AU,Western Australia,,,-31.95,115.86,140,confirmed,2020-03-23T00:00:00Z
Australia,AU,Australian Capital Territory,,,-35.47,149.01,39,confirmed,2020-03-24T00:00:00Z
Australia,AU,New South Wales,,,-33.87,151.21,818,confirmed,2020-03-24T00:00:00Z
Australia,AU,Northern Territory,,,-12.46,130.85,6,confirmed,2020-03-24T00:00:00Z
Australia,AU,Queensland,,,-28.02,153.4,397,confirmed,2020-03-24T00:00:00Z
Australia,AU,South Australia,,,-34.93,138.6,170,confirmed,2020-03-24T00:00:00Z
Australia,AU,Tasmania,,,-41.45,145.97,28,confirmed,2020-03-24T00:00:00Z
Australia,AU,Victoria,,,-37.81,144.96,411,confirmed,2020-03-24T00:00:00Z
Australia,AU,Western Australia,,,-31.95,115.86,175,confirmed,2020-03-24T00:00:00Z
Australia,AU,Australian Capital Territory,,,-35.47,149.01,39,confirmed,2020-03-25T00:00:00Z
Australia,AU,New South Wales,,,-33.87,151.21,1029,confirmed,2020-03-25T00:00:00Z
Australia,AU,Northern Territory,,,-12.46,130.85,6,confirmed,2020-03-25T00:00:00Z
Australia,AU,Queensland,,,-28.02,153.4,443,confirmed,2020-03-25T00:00:00Z
Australia,AU,South Australia,,,-34.93,138.6,170,confirmed,2020-03-25T00:00:00Z
Australia,AU,Tasmania,,,-41.45,145.97,36,confirmed,2020-03-25T00:00:00Z
Australia,AU,Victoria,,,-37.81,144.96,466,confirmed,2020-03-25T00:00:00Z
Australia,AU,Western Australia,,,-31.95,115.86,175,confirmed,2020-03-25T00:00:00Z
Australia,AU,Australian Capital Territory,,,-35.47,149.01,53,confirmed,2020-03-26T00:00:00Z
Australia,AU,New South Wales,,,-33.87,151.21,1219,confirmed,2020-03-26T00:00:00Z
Australia,AU,Northern Territory,,,-12.46,130.85,12,confirmed,2020-03-26T00:00:00Z
Australia,AU,Queensland,,,-28.02,153.4,493,confirmed,2020-03-26T00:00:00Z
Australia,AU,South Australia,,,-34.93,138.6,235,confirmed,2020-03-26T00:00:00Z
Australia,AU,Tasmania,,,-41.45,145.97,47,confirmed,2020-03-26T00:00:00Z
Australia,AU,Victoria,,,-37.81,144.96,520,confirmed,2020-03-26T00:00:00Z
Australia,AU,Western Australia,,,-31.95,115.86,231,confirmed,2020-03-26T00:00:00Z
Australia,AU,Australian Capital Territory,,,-35.47,149.01,62,confirmed,2020-03-27T00:00:00Z
Australia,AU,New South Wales,,,-33.87,151.21,1405,confirmed,2020-03-27T00:00:00Z
Australia,AU,Northern Territory,,,-12.46,130.85,12,confirmed,2020-03-27T00:00:00Z
Australia,AU,Queensland,,,-28.02,153.4,555,confirmed,2020-03-27T00:00:00Z
Australia,AU,South Australia,,,-34.93,138.6,257,confirmed,2020-03-27T00:00:00Z
Australia,AU,Tasmania,,,-41.45,145.97,47,confirmed,2020-03-27T00:00:00Z
Australia,AU,Victoria,,,-37.81,144.96,574,confirmed,2020-03-27T00:00:00Z
Australia,AU,Western Australia,,,-31.95,115.86,231,confirmed,2020-03-27T00:00:00Z
Australia,AU,Australian Capital Territory,,,-35.47,149.01,71,confirmed,2020-03-28T00:00:00Z
Australia,AU,New South Wales,,,-33.87,151.21,1617,confirmed,2020-03-28T00:00:00Z
Australia,AU,Northern Territory,,,-12.46,130.85,15,confirmed,2020-03-28T00:00:00Z
Australia,AU,Queensland,,,-28.02,153.4,625,confirmed,2020-03-28T00:00:00Z
Australia,AU,South Australia,,,-34.93,138.6,287,confirmed,2020-03-28T00:00:00Z
Australia,AU,Tasmania,,,-41.45,145.97,62,confirmed,2020-03-28T00:00:00Z
Australia,AU,Victoria,,,-37.81,144.96,685,confirmed,2020-03-28T00:00:00Z
Australia,AU,Western Australia,,,-31.95,115.86,278,confirmed,2020-03-28T00:00:00Z
Australia,AU,Australian Capital Territory,,,-35.47,149.01,77,confirmed,2020-03-29T00:00:00Z
Australia,AU,New South Wales,,,-33.87,151.21,1791,confirmed,2020-03-29T00:00:00Z
Australia,AU,Northern Territory,,,-12.46,130.85,15,confirmed,2020-03-29T00:00:00Z
Australia,AU,Queensland,,,-28.02,153.4,656,confirmed,2020-03-29T00:00:00Z
Australia,AU,South Australia,,,-34.93,138.6,299,confirmed,2020-03-29T00:00:00Z
Australia,AU,Tasmania,,,-41.45,145.97,66,confirmed,2020-03-29T00:00:00Z
Australia,AU,Victoria,,,-37.81,144.96,769,confirmed,2020-03-29T00:00:00Z
Australia,AU,Western Australia,,,-31.95,115.86,311,confirmed,2020-03-29T00:00:00Z
Australia,AU,Australian Capital Territory,,,-35.47,149.01,78,confirmed,2020-03-30T00:00:00Z
Australia,AU,New South Wales,,,-33.87,151.21,2032,confirmed,2020-03-30T00:00:00Z
Australia,AU,Northern Territory,,,-12.46,130.85,15,confirmed,2020-03-30T00:00:00Z
Australia,AU,Queensland,,,-28.02,153.4,689,confirmed,2020-03-30T00:00:00Z
Australia,AU,South Australia,,,-34.93,138.6,305,confirmed,2020-03-30T00:00:00Z
Australia,AU,Tasmania,,,-41.45,145.97,66,confirmed,2020-03-30T00:00:00Z
Australia,AU,Victoria,,,-37.81,144.96,821,confirmed,2020-03-30T00:00:00Z
Australia,AU,Western Australia,,,-31.95,115.86,355,confirmed,2020-03-30T00:00:00Z
Australia,AU,Australian Capital Territory,,,-35.47,149.01,80,confirmed,2020-03-31T00:00:00Z
Australia,AU,New South Wales,,,-33.87,151.21,2032,confirmed,2020-03-31T00:00:00Z
Australia,AU,Northern Territory,,,-12.46,130.85,17,confirmed,2020-03-31T00:00:00Z
Australia,AU,Queensland,,,-28.02,153.4,743,confirmed,2020-03-31T00:00:00Z
Australia,AU,South Australia,,,-34.93,138.6,337,confirmed,2020-03-31T00:00:00Z
Australia,AU,Tasmania,,,-41.45,145.97,69,confirmed,2020-03-31T00:00:00Z
Australia,AU,Victoria,,,-37.81,144.96,917,confirmed,2020-03-31T00:00:00Z
Australia,AU,Western Australia,,,-31.95,115.86,364,confirmed,2020-03-31T00:00:00Z
Australia,AU,Australian Capital Territory,,,-35.47,149.01,84,confirmed,2020-04-01T00:00:00Z
Australia,AU,New South Wales,,,-33.87,151.21,2182,confirmed,2020-04-01T00:00:00Z
Australia,AU,Northern Territory,,,-12.46,130.85,19,confirmed,2020-04-01T00:00:00Z
Australia,AU,Queensland,,,-28.02,153.4,781,confirmed,2020-04-01T00:00:00Z
Australia,AU,South Australia,,,-34.93,138.6,367,confirmed,2020-04-01T00:00:00Z
Australia,AU,Tasmania,,,-41.45,145.97,69,confirmed,2020-04-01T00:00:00Z
Australia,AU,Victoria,,,-37.81,144.96,968,confirmed,2020-04-01T00:00:00Z
Australia,AU,Western Australia,,,-31.95,115.86,392,confirmed,2020-04-01T00:00:00Z
