Country,CountryCode,Province,City,CityCode,Lat,Lon,Cases,Status,Date
Belgium,BE,,,,50.5,4.47,2,confirmed,2020-03-01T00:00:00Z
Belgium,BE,,,,50.5,4.47,8,confirmed,2020-03-02T00:00:00Z
Belgium,BE,,,,50.5,4.47,13,confirmed,2020-03-03T00:00:00Z
Belgium,BE,,,,50.5,4.47,23,confirmed,2020-03-04T00:00:00Z
Belgium,BE,,,,50.5,4.47,50,confirmed,2020-03-05T00:00:00Z
Belgium,BE,,,,50.5,4.47,109,confirmed,2020-03-06T00:00:00Z
Belgium,BE,,,,50.5,4.47,169,confirmed,2020-03-07T00:00:00Z
Belgium,BE,,,,50.5,4.47,200,confirmed,2020-03-08T00:00:00Z
Belgium,BE,,,,50.5,4.47,239,confirmed,2020-03-09T00:00:00Z
Belgium,BE,,,,50.5,4.47,267,confirmed,2020-03-10T00:00:00Z
Belgium,BE,,,,50.5,4.47,314,confirmed,2020-03-11T00:00:00Z
Belgium,BE,,,,50.5,4.47,314,confirmed,2020-03-12T00:00:00Z
Belgium,BE,,,,50.5,4.47,559,confirmed,2020-03-13T00:00:00Z
Belgium,BE,,,,50.5,4.47,689,confirmed,2020-03-14T00:00:00Z
Belgium,BE,,,,50.5,4.47,886,confirmed,2020-03-15T00:00:00Z
Belgium,BE,,,,50.5,4.47,1058,confirmed,2020-03-16T00:00:00Z
Belgium,BE,,,,50.5,4.47,1243,confirmed,2020-03-17T00:00:00Z
Belgium,BE,,,,50.5,4.47,1486,confirmed,2020-03-18T00:00:00Z
Belgium,BE,,,,50.5,4.47,1795,confirmed,2020-03-19T00:00:00Z
Belgium,BE,,,,50.5,4.47,2257,confirmed,2020-03-20T00:00:00Z
Belgium,BE,,,,50.5,4.47,2815,confirmed,2020-03-21T00:00:00Z
Belgium,BE,,,,50.5,4.47,3401,confirmed,2020-03-22T00:00:00Z
Belgium,BE,,,,50.5,4.47,3743,confirmed,2020-03-23T00:00:00Z
Belgium,BE,,,,50.5,4.47,4269,confirmed,2020-03-24T00:00:00Z
Belgium,BE,,,,50.5,4.47,4937,confirmed,2020-03-25T00:00:00Z
Belgium,BE,,,,50.5,4.47,6235,confirmed,2020-03-26T00:00:00Z
Belgium,BE,,,,50.5,4.47,7284,confirmed,2020-03-27T00:00:00Z
Belgium,BE,,,,50.5,4.47,9134,confirmed,2020-03-28T00:00:00Z
Belgium,BE,,,,50.5,4.47,10836,confirmed,2020-03-29T00:00:00Z
Belgium,BE,,,,50.5,4.47,11899,confirmed,2020-03-30T00:00:00Z
Belgium,BE,,,,50.5,4.47,12775,confirmed,2020-03-31T00:00:00Z
Belgium,BE,,,,50.5,4.47,13964,confirmed,2020-04-01T00:00:00Z
