Country,CountryCode,Province,City,CityCode,Lat,Lon,Cases,Status,Date
Brazil,BR,,,,-14.24,-51.93,2,confirmed,2020-03-01T00:00:00Z
Brazil,BR,,,,-14.24,-51.93,2,confirmed,2020-03-02T00:00:00Z
Brazil,BR,,,,-14.24,-51.93,2,confirmed,2020-03-03T00:00:00Z
Brazil,BR,,,,-14.24,-51.93,4,confirmed,2020-03-04T00:00:00Z
Brazil,BR,,,,-14.24,-51.93,4,confirmed,2020-03-05T00:00:00Z
Brazil,BR,,,,-14.24,-51.93,13,confirmed,2020-03-06T00:00:00Z
Brazil,BR,,,,-14.24,-51.93,13,confirmed,2020-03-07T00:00:00Z
Brazil,BR,,,,-14.24,-51.93,20,confirmed,2020-03-08T00:00:00Z
Brazil,BR,,,,-14.24,-51.93,25,confirmed,2020-03-09T00:00:00Z
Brazil,BR,,,,-14.24,-51.93,31,confirmed,2020-03-10T00:00:00Z
Brazil,BR,,,,-14.24,-51.93,38,confirmed,2020-03-11T00:00:00Z
Brazil,BR,,,,-14.24,-51.93,52,confirmed,2020-03-12T00:00:00Z
Brazil,BR,,,,-14.24,-51.93,151,confirmed,2020-03-13T00:00:00Z
Brazil,BR,,,,-14.24,-51.93,151,confirmed,2020-03-14T00:00:00Z
Brazil,BR,,,,-14.24,-51.93,162,confirmed,2020-03-15T00:00:00Z
Brazil,BR,,,,-14.24,-51.93,200,confirmed,2020-03-16T00:00:00Z
Brazil,BR,,,,-14.24,-51.93,321,confirmed,2020-03-17T00:00:00Z
Brazil,BR,,,,-14.24,-51.93,372,confirmed,2020-03-18T00:00:00Z
Brazil,BR,,,,-14.24,-51.93,621,confirmed,2020-03-19T00:00:00Z
Brazil,BR,,,,-14.24,-51.93,793,confirmed,2020-03-20T00:00:00Z
Brazil,BR,,,,-14.24,-51.93,1021,confirmed,2020-03-21T00:00:00Z
Brazil,BR,,,,-14.24,-51.93,1546,confirmed,2020-03-22T00:00:00Z
Brazil,BR,,,,-14.24,-51.93,1924,confirmed,2020-03-23T00:00:00Z
Brazil,BR,,,,-14.24,-51.93,2247,confirmed,2020-03-24T00:00:00Z
Brazil,BR,,,,-14.24,-51.93,2554,confirmed,2020-03-25T00:00:00Z
Brazil,BR,,,,-14.24,-51.93,2985,confirmed,2020-03-26T00:00:00Z
Brazil,BR,,,,-14.24,-51.93,3417,confirmed,2020-03-27T00:00:00Z
Brazil,BR,,,,-14.24,-51.93,3904,confirmed,2020-03-28T00:00:00Z
Brazil,BR,,,,-14.24,-51.93,4256,confirmed,2020-03-29T00:00:00Z
Brazil,BR,,,,-14.24,-51.93,4579,confirmed,2020-03-30T00:00:00Z
Brazil,BR,,,,-14.24,-51.93,5717,confirmed,2020-03-31T00:00:00Z
Brazil,BR,,,,-14.24,-51.93,6836,confirmed,2020-04-01T00:00:00Z
