Country,CountryCode,Province,City,CityCode,Lat,Lon,Cases,Status,Date
Canada,CA,,,,56.13,-106.35,0,confirmed,2020-03-01T00:00:00Z
Canada,CA,Alberta,,,53.93,-116.58,0,confirmed,2020-03-01T00:00:00Z
Canada,CA,British Columbia,,,49.28,-123.12,8,confirmed,2020-03-01T00:00:00Z
Canada,CA,Grand Princess,,,37.65,-122.67,0,confirmed,2020-03-01T00:00:00Z
Canada,CA,Manitoba,,,53.76,-98.81,0,confirmed,2020-03-01T00:00:00Z
Canada,CA,New Brunswick,,,46.57,-66.46,0,confirmed,2020-03-01T00:00:00Z
Canada,CA,Newfoundland and Labrador,,,53.14,-57.66,0,confirmed,2020-03-01T00:00:00Z
Canada,CA,Northwest Territories,,,64.83,-124.85,0,confirmed,2020-03-01T00:00:00Z
Canada,CA,Nova Scotia,,,44.68,-63.74,0,confirmed,2020-03-01T00:00:00Z
Canada,CA,Ontario,,,51.25,-85.32,15,confirmed,2020-03-01T00:00:00Z
Canada,CA,Prince Edward Island,,,46.51,-63.42,0,confirmed,2020-03-01T00:00:00Z
Canada,CA,Quebec,,,52.94,-73.55,1,confirmed,2020-03-01T00:00:00Z
Canada,CA,Saskatchewan,,,52.94,-106.45,0,confirmed,2020-03-01T00:00:00Z
Canada,CA,Yukon,,,64.28,-135,0,confirmed,2020-03-01T00:00:00Z
Canada,CA,,,,56.13,-106.35,0,confirmed,2020-03-02T00:00:00Z
Canada,CA,Alberta,,,53.93,-116.58,0,confirmed,2020-03-02T00:00:00Z
Canada,CA,British Columbia,,,49.28,-123.12,8,confirmed,2020-03-02T00:00:00Z
Canada,CA,Grand Princess,,,37.65,-122.67,0,confirmed,2020-03-02T00:00:00Z
Canada,CA,Manitoba,,,53.76,-98.81,0,confirmed,2020-03-02T00:00:00Z
Canada,CA,New Brunswick,,,46.57,-66.46,0,confirmed,2020-03-02T00:00:00Z
Canada,CA,Newfoundland and Labrador,,,53.14,-57.66,0,confirmed,2020-03-02T00:00:00Z
Canada,CA,Northwest Territories,,,64.83,-124.85,0,confirmed,2020-03-02T00:00:00Z
Canada,CA,Nova Scotia,,,44.68,-63.74,0,confirmed,2020-03-02T00:00:00Z
Canada,CA,Ontario,,,51.25,-85.32,18,confirmed,2020-03-02T00:00:00Z
Canada,CA,Prince Edward Island,,,46.51,-63.42,0,confirmed,2020-03-02T00:00:00Z
Canada,CA,Quebec,,,52.94,-73.55,1,confirmed,2020-03-02T00:00:00Z
Canada,CA,Saskatchewan,,,52.94,-106.45,0,confirmed,2020-03-02T00:00:00Z
Canada,CA,Yukon,,,64.28,-135,0,confirmed,2020-03-02T00:00:00Z
Canada,CA,,,,56.13,-106.35,0,confirmed,2020-03-03T00:00:00Z
Canada,CA,Alberta,,,53.93,-116.58,0,confirmed,2020-03-03T00:00:00Z
Canada,CA,British Columbia,,,49.28,-123.12,9,confirmed,2020-03-03T00:00:00Z
Canada,CA,Grand Princess,,,37.65,-122.67,0,confirmed,2020-03-03T00:00:00Z
Canada,CA,Manitoba,,,53.76,-98.81,0,confirmed,2020-03-03T00:00:00Z
Canada,CA,New Brunswick,,,46.57,-66.46,0,confirmed,2020-03-03T00:00:00Z
Canada,CA,Newfoundland and Labrador,,,53.14,-57.66,0,confirmed,2020-03-03T00:00:00Z
Canada,CA,Northwest Territories,,,64.83,-124.85,0,confirmed,2020-03-03T00:00:00Z
Canada,CA,Nova Scotia,,,44.68,-63.74,0,confirmed,2020-03-03T00:00:00Z
Canada,CA,Ontario,,,51.25,-85.32,20,confirmed,2020-03-03T00:00:00Z
Canada,CA,Prince Edward Island,,,46.51,-63.42,0,confirmed,2020-03-03T00:00:00Z
Canada,CA,Quebec,,,52.94,-73.55,1,confirmed,2020-03-03T00:00:00Z
Canada,CA,Saskatchewan,,,52.94,-106.45,0,confirmed,2020-03-03T00:00:00Z
Canada,CA,Yukon,,,64.28,-135,0,confirmed,2020-03-03T00:00:00Z
Canada,CA,,,,56.13,-106.35,0,confirmed,2020-03-04T00:00:00Z
Canada,CA,Alberta,,,53.93,-116.58,0,confirmed,2020-03-04T00:00:00Z
Canada,CA,British Columbia,,,49.28,-123.12,12,confirmed,2020-03-04T00:00:00Z
Canada,CA,Grand Princess,,,37.65,-122.67,0,confirmed,2020-03-04T00:00:00Z
Canada,CA,Manitoba,,,53.76,-98.81,0,confirmed,2020-03-04T00:00:00Z
Canada,CA,New Brunswick,,,46.57,-66.46,0,confirmed,2020-03-04T00:00:00Z
Canada,CA,Newfoundland and Labrador,,,53.14,-57.66,0,confirmed,2020-03-04T00:00:00Z
Canada,CA,Northwest Territories,,,64.83,-124.85,0,confirmed,2020-03-04T00:00:00Z
Canada,CA,Nova Scotia,,,44.68,-63.74,0,confirmed,2020-03-04T00:00:00Z
Canada,CA,Ontario,,,51.25,-85.32,20,confirmed,2020-03-04T00:00:00Z
Canada,CA,Prince Edward Island,,,46.51,-63.42,0,confirmed,2020-03-04T00:00:00Z
Canada,CA,Quebec,,,52.94,-73.55,1,confirmed,2020-03-04T00:00:00Z
Canada,CA,Saskatchewan,,,52.94,-106.45,0,confirmed,2020-03-04T00:00:00Z
Canada,CA,Yukon,,,64.28,-135,0,confirmed,2020-03-04T00:00:00Z
Canada,CA,,,,56.13,-106.35,0,confirmed,2020-03-05T00:00:00Z
Canada,CA,Alberta,,,53.93,-116.58,0,confirmed,2020-03-05T00:00:00Z
Canada,CA,British Columbia,,,49.28,-123.12,13,confirmed,2020-03-05T00:00:00Z
Canada,CA,Grand Princess,,,37.65,-122.67,0,confirmed,2020-03-05T00:00:00Z
Canada,CA,Manitoba,,,53.76,-98.81,0,confirmed,2020-03-05T00:00:00Z
Canada,CA,New Brunswick,,,46.57,-66.46,0,confirmed,2020-03-05T00:00:00Z
Canada,CA,Newfoundland and Labrador,,,53.14,-57.66,0,confirmed,2020-03-05T00:00:00Z
Canada,CA,Northwest Territories,,,64.83,-124.85,0,confirmed,2020-03-05T00:00:00Z
Canada,CA,Nova Scotia,,,44.68,-63.74,0,confirmed,2020-03-05T00:00:00Z
Canada,CA,Ontario,,,51.25,-85.32,22,confirmed,2020-03-05T00:00:00Z
Canada,CA,Prince Edward Island,,,46.51,-63.42,0,confirmed,2020-03-05T00:00:00Z
Canada,CA,Quebec,,,52.94,-73.55,2,confirmed,2020-03-05T00:00:00Z
Canada,CA,Saskatchewan,,,52.94,-106.45,0,confirmed,2020-03-05T00:00:00Z
Canada,CA,Yukon,,,64.28,-135,0,confirmed,2020-03-05T00:00:00Z
Canada,CA,,,,56.13,-106.35,0,confirmed,2020-03-06T00:00:00Z
Canada,CA,Alberta,,,53.93,-116.58,1,confirmed,2020-03-06T00:00:00Z
Canada,CA,British Columbia,,,49.28,-123.12,21,confirmed,2020-03-06T00:00:00Z
Canada,CA,Grand Princess,,,37.65,-122.67,0,confirmed,2020-03-06T00:00:00Z
Canada,CA,Manitoba,,,53.76,-98.81,0,confirmed,2020-03-06T00:00:00Z
Canada,CA,New Brunswick,,,46.57,-66.46,0,confirmed,2020-03-06T00:00:00Z
Canada,CA,Newfoundland and Labrador,,,53.14,-57.66,0,confirmed,2020-03-06T00:00:00Z
Canada,CA,Northwest Territories,,,64.83,-124.85,0,confirmed,2020-03-06T00:00:00Z
Canada,CA,Nova Scotia,,,44.68,-63.74,0,confirmed,2020-03-06T00:00:00Z
Canada,CA,Ontario,,,51.25,-85.32,25,confirmed,2020-03-06T00:00:00Z
Canada,CA,Prince Edward Island,,,46.51,-63.42,0,confirmed,2020-03-06T00:00:00Z
Canada,CA,Quebec,,,52.94,-73.55,2,confirmed,2020-03-06T00:00:00Z
Canada,CA,Saskatchewan,,,52.94,-106.45,0,confirmed,2020-03-06T00:00:00Z
Canada,CA,Yukon,,,64.28,-135,0,confirmed,2020-03-06T00:00:00Z
Canada,CA,,,,56.13,-106.35,0,confirmed,2020-03-07T00:00:00Z
Canada,CA,Alberta,,,53.93,-116.58,2,confirmed,2020-03-07T00:00:00Z
Canada,CA,British Columbia,,,49.28,-123.12,21,confirmed,2020-03-07T00:00:00Z
Canada,CA,Grand Princess,,,37.65,-122.67,0,confirmed,2020-03-07T00:00:00Z
Canada,CA,Manitoba,,,53.76,-98.81,0,confirmed,2020-03-07T00:00:00Z
Canada,CA,New Brunswick,,,46.57,-66.46,0,confirmed,2020-03-07T00:00:00Z
Canada,CA,Newfoundland and Labrador,,,53.14,-57.66,0,confirmed,2020-03-07T00:00:00Z
Canada,CA,Northwest Territories,,,64.83,-124.85,0,confirmed,2020-03-07T00:00:00Z
Canada,CA,Nova Scotia,,,44.68,-63.74,0,confirmed,2020-03-07T00:00:00Z
Canada,CA,Ontario,,,51.25,-85.32,28,confirmed,2020-03-07T00:00:00Z
Canada,CA,Prince Edward Island,,,46.51,-63.42,0,confirmed,2020-03-07T00:00:00Z
Canada,CA,Quebec,,,52.94,-73.55,3,confirmed,2020-03-07T00:00:00Z
Canada,CA,Saskatchewan,,,52.94,-106.45,0,confirmed,2020-03-07T00:00:00Z
Canada,CA,Yukon,,,64.28,-135,0,confirmed,2020-03-07T00:00:00Z
Canada,CA,,,,56.13,-106.35,0,confirmed,2020-03-08T00:00:00Z
Canada,CA,Alberta,,,53.93,-116.58,4,confirmed,2020-03-08T00:00:00Z
Canada,CA,British Columbia,,,49.28,-123.12,27,confirmed,2020-03-08T00:00:00Z
Canada,CA,Grand Princess,,,37.65,-122.67,0,confirmed,2020-03-08T00:00:00Z
Canada,CA,Manitoba,,,53.76,-98.81,0,confirmed,2020-03-08T00:00:00Z
Canada,CA,New Brunswick,,,46.57,-66.46,0,confirmed,2020-03-08T00:00:00Z
Canada,CA,Newfoundland and Labrador,,,53.14,-57.66,0,confirmed,2020-03-08T00:00:00Z
Canada,CA,Northwest Territories,,,64.83,-124.85,0,confirmed,2020-03-08T00:00:00Z
Canada,CA,Nova Scotia,,,44.68,-63.74,0,confirmed,2020-03-08T00:00:00Z
Canada,CA,Ontario,,,51.25,-85.32,29,confirmed,2020-03-08T00:00:00Z
Canada,CA,Prince Edward Island,,,46.51,-63.42,0,confirmed,2020-03-08T00:00:00Z
Canada,CA,Quebec,,,52.94,-73.55,4,confirmed,2020-03-08T00:00:00Z
Canada,CA,Saskatchewan,,,52.94,-106.45,0,confirmed,2020-03-08T00:00:00Z
Canada,CA,Yukon,,,64.28,-135,0,confirmed,2020-03-08T00:00:00Z
Canada,CA,,,,56.13,-106.35,0,confirmed,2020-03-09T00:00:00Z
Canada,CA,Alberta,,,53.93,-116.58,7,confirmed,2020-03-09T00:00:00Z
Canada,CA,British Columbia,,,49.28,-123.12,32,confirmed,2020-03-09T00:00:00Z
Canada,CA,Grand Princess,,,37.65,-122.67,0,confirmed,2020-03-09T00:00:00Z
Canada,CA,Manitoba,,,53.76,-98.81,0,confirmed,2020-03-09T00:00:00Z
Canada,CA,New Brunswick,,,46.57,-66.46,0,confirmed,2020-03-09T00:00:00Z
Canada,CA,Newfoundland and Labrador,,,53.14,-57.66,0,confirmed,2020-03-09T00:00:00Z
Canada,CA,Northwest Territories,,,64.83,-124.85,0,confirmed,2020-03-09T00:00:00Z
Canada,CA,Nova Scotia,,,44.68,-63.74,0,confirmed,2020-03-09T00:00:00Z
Canada,CA,Ontario,,,51.25,-85.32,34,confirmed,2020-03-09T00:00:00Z
Canada,CA,Prince Edward Island,,,46.51,-63.42,0,confirmed,2020-03-09T00:00:00Z
Canada,CA,Quebec,,,52.94,-73.55,4,confirmed,2020-03-09T00:00:00Z
Canada,CA,Saskatchewan,,,52.94,-106.45,0,confirmed,2020-03-09T00:00:00Z
Canada,CA,Yukon,,,64.28,-135,0,confirmed,2020-03-09T00:00:00Z
Canada,CA,,,,56.13,-106.35,0,confirmed,2020-03-10T00:00:00Z
Canada,CA,Alberta,,,53.93,-116.58,7,confirmed,2020-03-10T00:00:00Z
Canada,CA,British Columbia,,,49.28,-123.12,32,confirmed,2020-03-10T00:00:00Z
Canada,CA,Grand Princess,,,37.65,-122.67,0,confirmed,2020-03-10T00:00:00Z
Canada,CA,Manitoba,,,53.76,-98.81,0,confirmed,2020-03-10T00:00:00Z
Canada,CA,New Brunswick,,,46.57,-66.46,0,confirmed,2020-03-10T00:00:00Z
Canada,CA,Newfoundland and Labrador,,,53.14,-57.66,0,confirmed,2020-03-10T00:00:00Z
Canada,CA,Northwest Territories,,,64.83,-124.85,0,confirmed,2020-03-10T00:00:00Z
Canada,CA,Nova Scotia,,,44.68,-63.74,0,confirmed,2020-03-10T00:00:00Z
Canada,CA,Ontario,,,51.25,-85.32,36,confirmed,2020-03-10T00:00:00Z
Canada,CA,Prince Edward Island,,,46.51,-63.42,0,confirmed,2020-03-10T00:00:00Z
Canada,CA,Quebec,,,52.94,-73.55,4,confirmed,2020-03-10T00:00:00Z
Canada,CA,Saskatchewan,,,52.94,-106.45,0,confirmed,2020-03-10T00:00:00Z
Canada,CA,Yukon,,,64.28,-135,0,confirmed,2020-03-10T00:00:00Z
Canada,CA,,,,56.13,-106.35,0,confirmed,2020-03-11T00:00:00Z
Canada,CA,Alberta,,,53.93,-116.58,19,confirmed,2020-03-11T00:00:00Z
Canada,CA,British Columbia,,,49.28,-123.12,39,confirmed,2020-03-11T00:00:00Z
Canada,CA,Grand Princess,,,37.65,-122.67,0,confirmed,2020-03-11T00:00:00Z
Canada,CA,Manitoba,,,53.76,-98.81,0,confirmed,2020-03-11T00:00:00Z
Canada,CA,New Brunswick,,,46.57,-66.46,1,confirmed,2020-03-11T00:00:00Z
Canada,CA,Newfoundland and Labrador,,,53.14,-57.66,0,confirmed,2020-03-11T00:00:00Z
Canada,CA,Northwest Territories,,,64.83,-124.85,0,confirmed,2020-03-11T00:00:00Z
Canada,CA,Nova Scotia,,,44.68,-63.74,0,confirmed,2020-03-11T00:00:00Z
Canada,CA,Ontario,,,51.25,-85.32,41,confirmed,2020-03-11T00:00:00Z
Canada,CA,Prince Edward Island,,,46.51,-63.42,0,confirmed,2020-03-11T00:00:00Z
Canada,CA,Quebec,,,52.94,-73.55,8,confirmed,2020-03-11T00:00:00Z
Canada,CA,Saskatchewan,,,52.94,-106.45,0,confirmed,2020-03-11T00:00:00Z
Canada,CA,Yukon,,,64.28,-135,0,confirmed,2020-03-11T00:00:00Z
Canada,CA,,,,56.13,-106.35,0,confirmed,2020-03-12T00:00:00Z
Canada,CA,Alberta,,,53.93,-116.58,19,confirmed,2020-03-12T00:00:00Z
Canada,CA,British Columbia,,,49.28,-123.12,46,confirmed,2020-03-12T00:00:00Z
Canada,CA,Grand Princess,,,37.65,-122.67,0,confirmed,2020-03-12T00:00:00Z
Canada,CA,Manitoba,,,53.76,-98.81,0,confirmed,2020-03-12T00:00:00Z
Canada,CA,New Brunswick,,,46.57,-66.46,1,confirmed,2020-03-12T00:00:00Z
Canada,CA,Newfoundland and Labrador,,,53.14,-57.66,0,confirmed,2020-03-12T00:00:00Z
Canada,CA,Northwest Territories,,,64.83,-124.85,0,confirmed,2020-03-12T00:00:00Z
Canada,CA,Nova Scotia,,,44.68,-63.74,0,confirmed,2020-03-12T00:00:00Z
Canada,CA,Ontario,,,51.25,-85.32,42,confirmed,2020-03-12T00:00:00Z
Canada,CA,Prince Edward Island,,,46.51,-63.42,0,confirmed,2020-03-12T00:00:00Z
Canada,CA,Quebec,,,52.94,-73.55,9,confirmed,2020-03-12T00:00:00Z
Canada,CA,Saskatchewan,,,52.94,-106.45,0,confirmed,2020-03-12T00:00:00Z
Canada,CA,Yukon,,,64.28,-135,0,confirmed,2020-03-12T00:00:00Z
Canada,CA,,,,56.13,-106.35,0,confirmed,2020-03-13T00:00:00Z
Canada,CA,Alberta,,,53.93,-116.58,29,confirmed,2020-03-13T00:00:00Z
Canada,CA,British Columbia,,,49.28,-123.12,64,confirmed,2020-03-13T00:00:00Z
Canada,CA,Grand Princess,,,37.65,-122.67,2,confirmed,2020-03-13T00:00:00Z
Canada,CA,Manitoba,,,53.76,-98.81,4,confirmed,2020-03-13T00:00:00Z
Canada,CA,New Brunswick,,,46.57,-66.46,1,confirmed,2020-03-13T00:00:00Z
Canada,CA,Newfoundland and Labrador,,,53.14,-57.66,0,confirmed,2020-03-13T00:00:00Z
Canada,CA,Northwest Territories,,,64.83,-124.85,0,confirmed,2020-03-13T00:00:00Z
Canada,CA,Nova Scotia,,,44.68,-63.74,0,confirmed,2020-03-13T00:00:00Z
Canada,CA,Ontario,,,51.25,-85.32,74,confirmed,2020-03-13T00:00:00Z
Canada,CA,Prince Edward Island,,,46.51,-63.42,0,confirmed,2020-03-13T00:00:00Z
Canada,CA,Quebec,,,52.94,-73.55,17,confirmed,2020-03-13T00:00:00Z
Canada,CA,Saskatchewan,,,52.94,-106.45,2,confirmed,2020-03-13T00:00:00Z
Canada,CA,Yukon,,,64.28,-135,0,confirmed,2020-03-13T00:00:00Z
Canada,CA,,,,56.13,-106.35,0,confirmed,2020-03-14T00:00:00Z
Canada,CA,Alberta,,,53.93,-116.58,29,confirmed,2020-03-14T00:00:00Z
Canada,CA,British Columbia,,,49.28,-123.12,64,confirmed,2020-03-14T00:00:00Z
Canada,CA,Grand Princess,,,37.65,-122.67,2,confirmed,2020-03-14T00:00:00Z
Canada,CA,Manitoba,,,53.76,-98.81,4,confirmed,2020-03-14T00:00:00Z
Canada,CA,New Brunswick,,,46.57,-66.46,1,confirmed,2020-03-14T00:00:00Z
Canada,CA,Newfoundland and Labrador,,,53.14,-57.66,0,confirmed,2020-03-14T00:00:00Z
Canada,CA,Northwest Territories,,,64.83,-124.85,0,confirmed,2020-03-14T00:00:00Z
Canada,CA,Nova Scotia,,,44.68,-63.74,0,confirmed,2020-03-14T00:00:00Z
Canada,CA,Ontario,,,51.25,-85.32,79,confirmed,2020-03-14T00:00:00Z
Canada,CA,Prince Edward Island,,,46.51,-63.42,0,confirmed,2020-03-14T00:00:00Z
Canada,CA,Quebec,,,52.94,-73.55,17,confirmed,2020-03-14T00:00:00Z
Canada,CA,Saskatchewan,,,52.94,-106.45,2,confirmed,2020-03-14T00:00:00Z
Canada,CA,Yukon,,,64.28,-135,0,confirmed,2020-03-14T00:00:00Z
Canada,CA,,,,56.13,-106.35,0,confirmed,2020-03-15T00:00:00Z
Canada,CA,Alberta,,,53.93,-116.58,39,confirmed,2020-03-15T00:00:00Z
Canada,CA,British Columbia,,,49.28,-123.12,73,confirmed,2020-03-15T00:00:00Z
Canada,CA,Grand Princess,,,37.65,-122.67,2,confirmed,2020-03-15T00:00:00Z
Canada,CA,Manitoba,,,53.76,-98.81,4,confirmed,2020-03-15T00:00:00Z
Canada,CA,New Brunswick,,,46.57,-66.46,2,confirmed,2020-03-15T00:00:00Z
Canada,CA,Newfoundland and Labrador,,,53.14,-57.66,1,confirmed,2020-03-15T00:00:00Z
Canada,CA,Northwest Territories,,,64.83,-124.85,0,confirmed,2020-03-15T00:00:00Z
Canada,CA,Nova Scotia,,,44.68,-63.74,0,confirmed,2020-03-15T00:00:00Z
Canada,CA,Ontario,,,51.25,-85.32,104,confirmed,2020-03-15T00:00:00Z
Canada,CA,Prince Edward Island,,,46.51,-63.42,1,confirmed,2020-03-15T00:00:00Z
Canada,CA,Quebec,,,52.94,-73.55,24,confirmed,2020-03-15T00:00:00Z
Canada,CA,Saskatchewan,,,52.94,-106.45,2,confirmed,2020-03-15T00:00:00Z
Canada,CA,Yukon,,,64.28,-135,0,confirmed,2020-03-15T00:00:00Z
Canada,CA,,,,56.13,-106.35,0,confirmed,2020-03-16T00:00:00Z
Canada,CA,Alberta,,,53.93,-116.58,56,confirmed,2020-03-16T00:00:00Z
Canada,CA,British Columbia,,,49.28,-123.12,103,confirmed,2020-03-16T00:00:00Z
Canada,CA,Grand Princess,,,37.65,-122.67,2,confirmed,2020-03-16T00:00:00Z
Canada,CA,Manitoba,,,53.76,-98.81,7,confirmed,2020-03-16T00:00:00Z
Canada,CA,New Brunswick,,,46.57,-66.46,6,confirmed,2020-03-16T00:00:00Z
Canada,CA,Newfoundland and Labrador,,,53.14,-57.66,1,confirmed,2020-03-16T00:00:00Z
Canada,CA,Northwest Territories,,,64.83,-124.85,0,confirmed,2020-03-16T00:00:00Z
Canada,CA,Nova Scotia,,,44.68,-63.74,5,confirmed,2020-03-16T00:00:00Z
Canada,CA,Ontario,,,51.25,-85.32,177,confirmed,2020-03-16T00:00:00Z
Canada,CA,Prince Edward Island,,,46.51,-63.42,1,confirmed,2020-03-16T00:00:00Z
Canada,CA,Quebec,,,52.94,-73.55,50,confirmed,2020-03-16T00:00:00Z
Canada,CA,Saskatchewan,,,52.94,-106.45,7,confirmed,2020-03-16T00:00:00Z
Canada,CA,Yukon,,,64.28,-135,0,confirmed,2020-03-16T00:00:00Z
Canada,CA,,,,56.13,-106.35,0,confirmed,2020-03-17T00:00:00Z
Canada,CA,Alberta,,,53.93,-116.58,74,confirmed,2020-03-17T00:00:00Z
Canada,CA,British Columbia,,,49.28,-123.12,103,confirmed,2020-03-17T00:00:00Z
Canada,CA,Grand Princess,,,37.65,-122.67,8,confirmed,2020-03-17T00:00:00Z
Canada,CA,Manitoba,,,53.76,-98.81,8,confirmed,2020-03-17T00:00:00Z
Canada,CA,New Brunswick,,,46.57,-66.46,8,confirmed,2020-03-17T00:00:00Z
Canada,CA,Newfoundland and Labrador,,,53.14,-57.66,3,confirmed,2020-03-17T00:00:00Z
Canada,CA,Northwest Territories,,,64.83,-124.85,0,confirmed,2020-03-17T00:00:00Z
Canada,CA,Nova Scotia,,,44.68,-63.74,7,confirmed,2020-03-17T00:00:00Z
Canada,CA,Ontario,,,51.25,-85.32,185,confirmed,2020-03-17T00:00:00Z
Canada,CA,Prince Edward Island,,,46.51,-63.42,1,confirmed,2020-03-17T00:00:00Z
Canada,CA,Quebec,,,52.94,-73.55,74,confirmed,2020-03-17T00:00:00Z
Canada,CA,Saskatchewan,,,52.94,-106.45,7,confirmed,2020-03-17T00:00:00Z
Canada,CA,Yukon,,,64.28,-135,0,confirmed,2020-03-17T00:00:00Z
Canada,CA,,,,56.13,-106.35,0,confirmed,2020-03-18T00:00:00Z
Canada,CA,Alberta,,,53.93,-116.58,97,confirmed,2020-03-18T00:00:00Z
Canada,CA,British Columbia,,,49.28,-123.12,186,confirmed,2020-03-18T00:00:00Z
Canada,CA,Grand Princess,,,37.65,-122.67,9,confirmed,2020-03-18T00:00:00Z
Canada,CA,Manitoba,,,53.76,-98.81,15,confirmed,2020-03-18T00:00:00Z
Canada,CA,New Brunswick,,,46.57,-66.46,11,confirmed,2020-03-18T00:00:00Z
Canada,CA,Newfoundland and Labrador,,,53.14,-57.66,3,confirmed,2020-03-18T00:00:00Z
Canada,CA,Northwest Territories,,,64.83,-124.85,0,confirmed,2020-03-18T00:00:00Z
Canada,CA,Nova Scotia,,,44.68,-63.74,12,confirmed,2020-03-18T00:00:00Z
Canada,CA,Ontario,,,51.25,-85.32,221,confirmed,2020-03-18T00:00:00Z
Canada,CA,Prince Edward Island,,,46.51,-63.42,1,confirmed,2020-03-18T00:00:00Z
Canada,CA,Quebec,,,52.94,-73.55,94,confirmed,2020-03-18T00:00:00Z
Canada,CA,Saskatchewan,,,52.94,-106.45,8,confirmed,2020-03-18T00:00:00Z
Canada,CA,Yukon,,,64.28,-135,0,confirmed,2020-03-18T00:00:00Z
Canada,CA,,,,56.13,-106.35,0,confirmed,2020-03-19T00:00:00Z
Canada,CA,Alberta,,,53.93,-116.58,119,confirmed,2020-03-19T00:00:00Z
Canada,CA,British Columbia,,,49.28,-123.12,231,confirmed,2020-03-19T00:00:00Z
Canada,CA,Grand Princess,,,37.65,-122.67,9,confirmed,2020-03-19T00:00:00Z
Canada,CA,Manitoba,,,53.76,-98.81,17,confirmed,2020-03-19T00:00:00Z
Canada,CA,New Brunswick,,,46.57,-66.46,11,confirmed,2020-03-19T00:00:00Z
Canada,CA,Newfoundland and Labrador,,,53.14,-57.66,3,confirmed,2020-03-19T00:00:00Z
Canada,CA,Northwest Territories,,,64.83,-124.85,0,confirmed,2020-03-19T00:00:00Z
Canada,CA,Nova Scotia,,,44.68,-63.74,14,confirmed,2020-03-19T00:00:00Z
Canada,CA,Ontario,,,51.25,-85.32,257,confirmed,2020-03-19T00:00:00Z
Canada,CA,Prince Edward Island,,,46.51,-63.42,2,confirmed,2020-03-19T00:00:00Z
Canada,CA,Quebec,,,52.94,-73.55,121,confirmed,2020-03-19T00:00:00Z
Canada,CA,Saskatchewan,,,52.94,-106.45,16,confirmed,2020-03-19T00:00:00Z
Canada,CA,Yukon,,,64.28,-135,0,confirmed,2020-03-19T00:00:00Z
Canada,CA,,,,56.13,-106.35,0,confirmed,2020-03-20T00:00:00Z
Canada,CA,Alberta,,,53.93,-116.58,146,confirmed,2020-03-20T00:00:00Z
Canada,CA,British Columbia,,,49.28,-123.12,271,confirmed,2020-03-20T00:00:00Z
Canada,CA,Grand Princess,,,37.65,-122.67,10,confirmed,2020-03-20T00:00:00Z
Canada,CA,Manitoba,,,53.76,-98.81,17,confirmed,2020-03-20T00:00:00Z
Canada,CA,New Brunswick,,,46.57,-66.46,11,confirmed,2020-03-20T00:00:00Z
Canada,CA,Newfoundland and Labrador,,,53.14,-57.66,4,confirmed,2020-03-20T00:00:00Z
Canada,CA,Northwest Territories,,,64.83,-124.85,0,confirmed,2020-03-20T00:00:00Z
Canada,CA,Nova Scotia,,,44.68,-63.74,15,confirmed,2020-03-20T00:00:00Z
Canada,CA,Ontario,,,51.25,-85.32,308,confirmed,2020-03-20T00:00:00Z
Canada,CA,Prince Edward Island,,,46.51,-63.42,2,confirmed,2020-03-20T00:00:00Z
Canada,CA,Quebec,,,52.94,-73.55,139,confirmed,2020-03-20T00:00:00Z
Canada,CA,Saskatchewan,,,52.94,-106.45,20,confirmed,2020-03-20T00:00:00Z
Canada,CA,Yukon,,,64.28,-135,0,confirmed,2020-03-20T00:00:00Z
Canada,CA,,,,56.13,-106.35,0,confirmed,2020-03-21T00:00:00Z
Canada,CA,Alberta,,,53.93,-116.58,195,confirmed,2020-03-21T00:00:00Z
Canada,CA,British Columbia,,,49.28,-123.12,424,confirmed,2020-03-21T00:00:00Z
Canada,CA,Grand Princess,,,37.65,-122.67,10,confirmed,2020-03-21T00:00:00Z
Canada,CA,Manitoba,,,53.76,-98.81,18,confirmed,2020-03-21T00:00:00Z
Canada,CA,New Brunswick,,,46.57,-66.46,17,confirmed,2020-03-21T00:00:00Z
Canada,CA,Newfoundland and Labrador,,,53.14,-57.66,6,confirmed,2020-03-21T00:00:00Z
Canada,CA,Northwest Territories,,,64.83,-124.85,0,confirmed,2020-03-21T00:00:00Z
Canada,CA,Nova Scotia,,,44.68,-63.74,21,confirmed,2020-03-21T00:00:00Z
Canada,CA,Ontario,,,51.25,-85.32,377,confirmed,2020-03-21T00:00:00Z
Canada,CA,Prince Edward Island,,,46.51,-63.42,2,confirmed,2020-03-21T00:00:00Z
Canada,CA,Quebec,,,52.94,-73.55,181,confirmed,2020-03-21T00:00:00Z
Canada,CA,Saskatchewan,,,52.94,-106.45,26,confirmed,2020-03-21T00:00:00Z
Canada,CA,Yukon,,,64.28,-135,0,confirmed,2020-03-21T00:00:00Z
Canada,CA,,,,56.13,-106.35,0,confirmed,2020-03-22T00:00:00Z
Canada,CA,Alberta,,,53.93,-116.58,259,confirmed,2020-03-22T00:00:00Z
Canada,CA,British Columbia,,,49.28,-123.12,424,confirmed,2020-03-22T00:00:00Z
Canada,CA,Grand Princess,,,37.65,-122.67,13,confirmed,2020-03-22T00:00:00Z
Canada,CA,Manitoba,,,53.76,-98.81,20,confirmed,2020-03-22T00:00:00Z
Canada,CA,New Brunswick,,,46.57,-66.46,17,confirmed,2020-03-22T00:00:00Z
Canada,CA,Newfoundland and Labrador,,,53.14,-57.66,9,confirmed,2020-03-22T00:00:00Z
Canada,CA,Northwest Territories,,,64.83,-124.85,0,confirmed,2020-03-22T00:00:00Z
Canada,CA,Nova Scotia,,,44.68,-63.74,28,confirmed,2020-03-22T00:00:00Z
Canada,CA,Ontario,,,51.25,-85.32,425,confirmed,2020-03-22T00:00:00Z
Canada,CA,Prince Edward Island,,,46.51,-63.42,3,confirmed,2020-03-22T00:00:00Z
Canada,CA,Quebec,,,52.94,-73.55,219,confirmed,2020-03-22T00:00:00Z
Canada,CA,Saskatchewan,,,52.94,-106.45,52,confirmed,2020-03-22T00:00:00Z
Canada,CA,Yukon,,,64.28,-135,0,confirmed,2020-03-22T00:00:00Z
Canada,CA,,,,56.13,-106.35,0,confirmed,2020-03-23T00:00:00Z
Canada,CA,Alberta,,,53.93,-116.58,301,confirmed,2020-03-23T00:00:00Z
Canada,CA,British Columbia,,,49.28,-123.12,472,confirmed,2020-03-23T00:00:00Z
Canada,CA,Grand Princess,,,37.65,-122.67,13,confirmed,2020-03-23T00:00:00Z
Canada,CA,Manitoba,,,53.76,-98.81,20,confirmed,2020-03-23T00:00:00Z
Canada,CA,New Brunswick,,,46.57,-66.46,17,confirmed,2020-03-23T00:00:00Z
Canada,CA,Newfoundland and Labrador,,,53.14,-57.66,24,confirmed,2020-03-23T00:00:00Z
Canada,CA,Northwest Territories,,,64.83,-124.85,0,confirmed,2020-03-23T00:00:00Z
Canada,CA,Nova Scotia,,,44.68,-63.74,41,confirmed,2020-03-23T00:00:00Z
Canada,CA,Ontario,,,51.25,-85.32,503,confirmed,2020-03-23T00:00:00Z
Canada,CA,Prince Edward Island,,,46.51,-63.42,3,confirmed,2020-03-23T00:00:00Z
Canada,CA,Quebec,,,52.94,-73.55,628,confirmed,2020-03-23T00:00:00Z
Canada,CA,Saskatchewan,,,52.94,-106.45,66,confirmed,2020-03-23T00:00:00Z
Canada,CA,Yukon,,,64.28,-135,0,confirmed,2020-03-23T00:00:00Z
Canada,CA,,,,56.13,-106.35,0,confirmed,2020-03-24T00:00:00Z
Canada,CA,Alberta,,,53.93,-116.58,359,confirmed,2020-03-24T00:00:00Z
Canada,CA,British Columbia,,,49.28,-123.12,617,confirmed,2020-03-24T00:00:00Z
Canada,CA,Grand Princess,,,37.65,-122.67,13,confirmed,2020-03-24T00:00:00Z
Canada,CA,Manitoba,,,53.76,-98.81,21,confirmed,2020-03-24T00:00:00Z
Canada,CA,New Brunswick,,,46.57,-66.46,18,confirmed,2020-03-24T00:00:00Z
Canada,CA,Newfoundland and Labrador,,,53.14,-57.66,35,confirmed,2020-03-24T00:00:00Z
Canada,CA,Northwest Territories,,,64.83,-124.85,0,confirmed,2020-03-24T00:00:00Z
Canada,CA,Nova Scotia,,,44.68,-63.74,51,confirmed,2020-03-24T00:00:00Z
Canada,CA,Ontario,,,51.25,-85.32,588,confirmed,2020-03-24T00:00:00Z
Canada,CA,Prince Edward Island,,,46.51,-63.42,3,confirmed,2020-03-24T00:00:00Z
Canada,CA,Quebec,,,52.94,-73.55,1013,confirmed,2020-03-24T00:00:00Z
Canada,CA,Saskatchewan,,,52.94,-106.45,72,confirmed,2020-03-24T00:00:00Z
Canada,CA,Yukon,,,64.28,-135,0,confirmed,2020-03-24T00:00:00Z
Canada,CA,,,,56.13,-106.35,0,confirmed,2020-03-25T00:00:00Z
Canada,CA,Alberta,,,53.93,-116.58,358,confirmed,2020-03-25T00:00:00Z
Canada,CA,British Columbia,,,49.28,-123.12,617,confirmed,2020-03-25T00:00:00Z
Canada,CA,Grand Princess,,,37.65,-122.67,13,confirmed,2020-03-25T00:00:00Z
Canada,CA,Manitoba,,,53.76,-98.81,35,confirmed,2020-03-25T00:00:00Z
Canada,CA,New Brunswick,,,46.57,-66.46,18,confirmed,2020-03-25T00:00:00Z
Canada,CA,Newfoundland and Labrador,,,53.14,-57.66,35,confirmed,2020-03-25T00:00:00Z
Canada,CA,Northwest Territories,,,64.83,-124.85,0,confirmed,2020-03-25T00:00:00Z
Canada,CA,Nova Scotia,,,44.68,-63.74,68,confirmed,2020-03-25T00:00:00Z
Canada,CA,Ontario,,,51.25,-85.32,688,confirmed,2020-03-25T00:00:00Z
Canada,CA,Prince Edward Island,,,46.51,-63.42,5,confirmed,2020-03-25T00:00:00Z
Canada,CA,Quebec,,,52.94,-73.55,1342,confirmed,2020-03-25T00:00:00Z
Canada,CA,Saskatchewan,,,52.94,-106.45,72,confirmed,2020-03-25T00:00:00Z
Canada,CA,Yukon,,,64.28,-135,0,confirmed,2020-03-25T00:00:00Z
Canada,CA,,,,56.13,-106.35,0,confirmed,2020-03-26T00:00:00Z
Canada,CA,Alberta,,,53.93,-116.58,486,confirmed,2020-03-26T00:00:00Z
Canada,CA,British Columbia,,,49.28,-123.12,725,confirmed,2020-03-26T00:00:00Z
Canada,CA,Grand Princess,,,37.65,-122.67,13,confirmed,2020-03-26T00:00:00Z
Canada,CA,Manitoba,,,53.76,-98.81,36,confirmed,2020-03-26T00:00:00Z
Canada,CA,New Brunswick,,,46.57,-66.46,33,confirmed,2020-03-26T00:00:00Z
Canada,CA,Newfoundland and Labrador,,,53.14,-57.66,82,confirmed,2020-03-26T00:00:00Z
Canada,CA,Northwest Territories,,,64.83,-124.85,1,confirmed,2020-03-26T00:00:00Z
Canada,CA,Nova Scotia,,,44.68,-63.74,73,confirmed,2020-03-26T00:00:00Z
Canada,CA,Ontario,,,51.25,-85.32,858,confirmed,2020-03-26T00:00:00Z
Canada,CA,Prince Edward Island,,,46.51,-63.42,5,confirmed,2020-03-26T00:00:00Z
Canada,CA,Quebec,,,52.94,-73.55,1632,confirmed,2020-03-26T00:00:00Z
Canada,CA,Saskatchewan,,,52.94,-106.45,95,confirmed,2020-03-26T00:00:00Z
Canada,CA,Yukon,,,64.28,-135,3,confirmed,2020-03-26T00:00:00Z
Canada,CA,,,,56.13,-106.35,0,confirmed,2020-03-27T00:00:00Z
Canada,CA,Alberta,,,53.93,-116.58,542,confirmed,2020-03-27T00:00:00Z
Canada,CA,British Columbia,,,49.28,-123.12,725,confirmed,2020-03-27T00:00:00Z
Canada,CA,Grand Princess,,,37.65,-122.67,13,confirmed,2020-03-27T00:00:00Z
Canada,CA,Manitoba,,,53.76,-98.81,39,confirmed,2020-03-27T00:00:00Z
Canada,CA,New Brunswick,,,46.57,-66.46,45,confirmed,2020-03-27T00:00:00Z
Canada,CA,Newfoundland and Labrador,,,53.14,-57.66,102,confirmed,2020-03-27T00:00:00Z
Canada,CA,Northwest Territories,,,64.83,-124.85,1,confirmed,2020-03-27T00:00:00Z
Canada,CA,Nova Scotia,,,44.68,-63.74,90,confirmed,2020-03-27T00:00:00Z
Canada,CA,Ontario,,,51.25,-85.32,994,confirmed,2020-03-27T00:00:00Z
Canada,CA,Prince Edward Island,,,46.51,-63.42,9,confirmed,2020-03-27T00:00:00Z
Canada,CA,Quebec,,,52.94,-73.55,2024,confirmed,2020-03-27T00:00:00Z
Canada,CA,Saskatchewan,,,52.94,-106.45,95,confirmed,2020-03-27T00:00:00Z
Canada,CA,Yukon,,,64.28,-135,3,confirmed,2020-03-27T00:00:00Z
Canada,CA,,,,56.13,-106.35,0,confirmed,2020-03-28T00:00:00Z
Canada,CA,Alberta,,,53.93,-116.58,542,confirmed,2020-03-28T00:00:00Z
Canada,CA,British Columbia,,,49.28,-123.12,884,confirmed,2020-03-28T00:00:00Z
Canada,CA,Grand Princess,,,37.65,-122.67,13,confirmed,2020-03-28T00:00:00Z
Canada,CA,Manitoba,,,53.76,-98.81,64,confirmed,2020-03-28T00:00:00Z
Canada,CA,New Brunswick,,,46.57,-66.46,51,confirmed,2020-03-28T00:00:00Z
Canada,CA,Newfoundland and Labrador,,,53.14,-57.66,120,confirmed,2020-03-28T00:00:00Z
Canada,CA,Northwest Territories,,,64.83,-124.85,1,confirmed,2020-03-28T00:00:00Z
Canada,CA,Nova Scotia,,,44.68,-63.74,110,confirmed,2020-03-28T00:00:00Z
Canada,CA,Ontario,,,51.25,-85.32,1144,confirmed,2020-03-28T00:00:00Z
Canada,CA,Prince Edward Island,,,46.51,-63.42,11,confirmed,2020-03-28T00:00:00Z
Canada,CA,Quebec,,,52.94,-73.55,2498,confirmed,2020-03-28T00:00:00Z
Canada,CA,Saskatchewan,,,52.94,-106.45,134,confirmed,2020-03-28T00:00:00Z
Canada,CA,Yukon,,,64.28,-135,4,confirmed,2020-03-28T00:00:00Z
Canada,CA,,,,56.13,-106.35,0,confirmed,2020-03-29T00:00:00Z
Canada,CA,Alberta,,,53.93,-116.58,621,confirmed,2020-03-29T00:00:00Z
Canada,CA,British Columbia,,,49.28,-123.12,884,confirmed,2020-03-29T00:00:00Z
Canada,CA,Grand Princess,,,37.65,-122.67,13,confirmed,2020-03-29T00:00:00Z
Canada,CA,Manitoba,,,53.76,-98.81,72,confirmed,2020-03-29T00:00:00Z
Canada,CA,New Brunswick,,,46.57,-66.46,66,confirmed,2020-03-29T00:00:00Z
Canada,CA,Newfoundland and Labrador,,,53.14,-57.66,135,confirmed,2020-03-29T00:00:00Z
Canada,CA,Northwest Territories,,,64.83,-124.85,1,confirmed,2020-03-29T00:00:00Z
Canada,CA,Nova Scotia,,,44.68,-63.74,122,confirmed,2020-03-29T00:00:00Z
Canada,CA,Ontario,,,51.25,-85.32,1355,confirmed,2020-03-29T00:00:00Z
Canada,CA,Prince Edward Island,,,46.51,-63.42,11,confirmed,2020-03-29T00:00:00Z
Canada,CA,Quebec,,,52.94,-73.55,2840,confirmed,2020-03-29T00:00:00Z
Canada,CA,Saskatchewan,,,52.94,-106.45,156,confirmed,2020-03-29T00:00:00Z
Canada,CA,Yukon,,,64.28,-135,4,confirmed,2020-03-29T00:00:00Z
Canada,CA,,,,56.13,-106.35,0,confirmed,2020-03-30T00:00:00Z
Canada,CA,Alberta,,,53.93,-116.58,661,confirmed,2020-03-30T00:00:00Z
Canada,CA,British Columbia,,,49.28,-123.12,970,confirmed,2020-03-30T00:00:00Z
Canada,CA,Grand Princess,,,37.65,-122.67,13,confirmed,2020-03-30T00:00:00Z
Canada,CA,Manitoba,,,53.76,-98.81,96,confirmed,2020-03-30T00:00:00Z
Canada,CA,New Brunswick,,,46.57,-66.46,68,confirmed,2020-03-30T00:00:00Z
Canada,CA,Newfoundland and Labrador,,,53.14,-57.66,148,confirmed,2020-03-30T00:00:00Z
Canada,CA,Northwest Territories,,,64.83,-124.85,1,confirmed,2020-03-30T00:00:00Z
Canada,CA,Nova Scotia,,,44.68,-63.74,127,confirmed,2020-03-30T00:00:00Z
Canada,CA,Ontario,,,51.25,-85.32,1706,confirmed,2020-03-30T00:00:00Z
Canada,CA,Prince Edward Island,,,46.51,-63.42,18,confirmed,2020-03-30T00:00:00Z
Canada,CA,Quebec,,,52.94,-73.55,3430,confirmed,2020-03-30T00:00:00Z
Canada,CA,Saskatchewan,,,52.94,-106.45,156,confirmed,2020-03-30T00:00:00Z
Canada,CA,Yukon,,,64.28,-135,4,confirmed,2020-03-30T00:00:00Z
Canada,CA,,,,56.13,-106.35,0,confirmed,2020-03-31T00:00:00Z
Canada,CA,Alberta,,,53.93,-116.58,690,confirmed,2020-03-31T00:00:00Z
Canada,CA,British Columbia,,,49.28,-123.12,1013,confirmed,2020-03-31T00:00:00Z
Canada,CA,Grand Princess,,,37.65,-122.67,13,confirmed,2020-03-31T00:00:00Z
Canada,CA,Manitoba,,,53.76,-98.81,103,confirmed,2020-03-31T00:00:00Z
Canada,CA,New Brunswick,,,46.57,-66.46,70,confirmed,2020-03-31T00:00:00Z
Canada,CA,Newfoundland and Labrador,,,53.14,-57.66,152,confirmed,2020-03-31T00:00:00Z
Canada,CA,Northwest Territories,,,64.83,-124.85,1,confirmed,2020-03-31T00:00:00Z
Canada,CA,Nova Scotia,,,44.68,-63.74,147,confirmed,2020-03-31T00:00:00Z
Canada,CA,Ontario,,,51.25,-85.32,1966,confirmed,2020-03-31T00:00:00Z
Canada,CA,Prince Edward Island,,,46.51,-63.42,21,confirmed,2020-03-31T00:00:00Z
Canada,CA,Quebec,,,52.94,-73.55,4162,confirmed,2020-03-31T00:00:00Z
Canada,CA,Saskatchewan,,,52.94,-106.45,184,confirmed,2020-03-31T00:00:00Z
Canada,CA,Yukon,,,64.28,-135,5,confirmed,2020-03-31T00:00:00Z
Canada,CA,,,,56.13,-106.35,0,confirmed,2020-04-01T00:00:00Z
Canada,CA,Alberta,,,53.93,-116.58,754,confirmed,2020-04-01T00:00:00Z
Canada,CA,British Columbia,,,49.28,-123.12,1013,confirmed,2020-04-01T00:00:00Z
Canada,CA,Grand Princess,,,37.65,-122.67,13,confirmed,2020-04-01T00:00:00Z
Canada,CA,Manitoba,,,53.76,-98.81,127,confirmed,2020-04-01T00:00:00Z
Canada,CA,New Brunswick,,,46.57,-66.46,81,confirmed,2020-04-01T00:00:00Z
Canada,CA,Newfoundland and Labrador,,,53.14,-57.66,175,confirmed,2020-04-01T00:00:00Z
Canada,CA,Northwest Territories,,,64.83,-124.85,2,confirmed,2020-04-01T00:00:00Z
Canada,CA,Nova Scotia,,,44.68,-63.74,173,confirmed,2020-04-01T00:00:00Z
Canada,CA,Ontario,,,51.25,-85.32,2392,confirmed,2020-04-01T00:00:00Z
Canada,CA,Prince Edward Island,,,46.51,-63.42,21,confirmed,2020-04-01T00:00:00Z
Canada,CA,Quebec,,,52.94,-73.55,4611,confirmed,2020-04-01T00:00:00Z
Canada,CA,Saskatchewan,,,52.94,-106.45,193,confirmed,2020-04-01T00:00:00Z
Canada,CA,Yukon,,,64.28,-135,5,confirmed,2020-04-01T00:00:00Z
