Country,CountryCode,Province,City,CityCode,Lat,Lon,Cases,Status,Date
Chile,CL,,,,-35.68,-71.54,9,confirmed,2020-03-01T00:00:00Z
Chile,CL,,,,-35.68,-71.54,9,confirmed,2020-03-02T00:00:00Z
Chile,CL,,,,-35.68,-71.54,10,confirmed,2020-03-03T00:00:00Z
Chile,CL,,,,-35.68,-71.54,10,confirmed,2020-03-04T00:00:00Z
Chile,CL,,,,-35.68,-71.54,13,confirmed,2020-03-05T00:00:00Z
Chile,CL,,,,-35.68,-71.54,13,confirmed,2020-03-06T00:00:00Z
Chile,CL,,,,-35.68,-71.54,13,confirmed,2020-03-07T00:00:00Z
Chile,CL,,,,-35.68,-71.54,20,confirmed,2020-03-08T00:00:00Z
Chile,CL,,,,-35.68,-71.54,20,confirmed,2020-03-09T00:00:00Z
Chile,CL,,,,-35.68,-71.54,25,confirmed,2020-03-10T00:00:00Z
Chile,CL,,,,-35.68,-71.54,35,confirmed,2020-03-11T00:00:00Z
Chile,CL,,,,-35.68,-71.54,35,confirmed,2020-03-12T00:00:00Z
Chile,CL,,,,-35.68,-71.54,55,confirmed,2020-03-13T00:00:00Z
Chile,CL,,,,-35.68,-71.54,88,confirmed,2020-03-14T00:00:00Z
Chile,CL,,,,-35.68,-71.54,101,confirmed,2020-03-15T00:00:00Z
Chile,CL,,,,-35.68,-71.54,182,confirmed,2020-03-16T00:00:00Z
Chile,CL,,,,-35.68,-71.54,228,confirmed,2020-03-17T00:00:00Z
Chile,CL,,,,-35.68,-71.54,265,confirmed,2020-03-18T00:00:00Z
Chile,CL,,,,-35.68,-71.54,265,confirmed,2020-03-19T00:00:00Z
Chile,CL,,,,-35.68,-71.54,461,confirmed,2020-03-20T00:00:00Z
Chile,CL,,,,-35.68,-71.54,592,confirmed,2020-03-21T00:00:00Z
Chile,CL,,,,-35.68,-71.54,687,confirmed,2020-03-22T00:00:00Z
Chile,CL,,,,-35.68,-71.54,801,confirmed,2020-03-23T00:00:00Z
Chile,CL,,,,-35.68,-71.54,977,confirmed,2020-03-24T00:00:00Z
Chile,CL,,,,-35.68,-71.54,1197,confirmed,2020-03-25T00:00:00Z
Chile,CL,,,,-35.68,-71.54,1361,confirmed,2020-03-26T00:00:00Z
Chile,CL,,,,-35.68,-71.54,1665,confirmed,2020-03-27T00:00:00Z
Chile,CL,,,,-35.68,-71.54,2015,confirmed,2020-03-28T00:00:00Z
Chile,CL,,,,-35.68,-71.54,2245,confirmed,2020-03-29T00:00:00Z
Chile,CL,,,,-35.68,-71.54,2555,confirmed,2020-03-30T00:00:00Z
Chile,CL,,,,-35.68,-71.54,2844,confirmed,2020-03-31T00:00:00Z
Chile,CL,,,,-35.68,-71.54,3137,confirmed,2020-04-01T00:00:00Z
