Country,CountryCode,Province,City,CityCode,Lat,Lon,Cases,Status,Date
China,CN,Anhui,,,31.83,117.23,990,confirmed,2020-03-01T00:00:00Z
China,CN,Beijing,,,40.18,116.41,413,confirmed,2020-03-01T00:00:00Z
China,CN,Chongqing,,,30.06,107.87,576,confirmed,2020-03-01T00:00:00Z
China,CN,Fujian,,,26.08,117.99,296,confirmed,2020-03-01T00:00:00Z
China,CN,Gansu,,,37.81,101.06,91,confirmed,2020-03-01T00:00:00Z
China,CN,Guangdong,,,23.34,113.42,1349,confirmed,2020-03-01T00:00:00Z
China,CN,Guangxi,,,23.83,108.79,252,confirmed,2020-03-01T00:00:00Z
China,CN,Guizhou,,,26.82,106.87,146,confirmed,2020-03-01T00:00:00Z
China,CN,Hainan,,,19.2,109.75,168,confirmed,2020-03-01T00:00:00Z
China,CN,Hebei,,,39.55,116.13,318,confirmed,2020-03-01T00:00:00Z
China,CN,Heilongjiang,,,47.86,127.76,480,confirmed,2020-03-01T00:00:00Z
China,CN,Henan,,,33.88,113.61,1272,confirmed,2020-03-01T00:00:00Z
China,CN,Hong Kong,,,22.3,114.2,96,confirmed,2020-03-01T00:00:00Z
China,CN,Hubei,,,30.98,112.27,66907,confirmed,2020-03-01T00:00:00Z
China,CN,Hunan,,,27.61,111.71,1018,confirmed,2020-03-01T00:00:00Z
China,CN,Inner Mongolia,,,44.09,113.94,75,confirmed,2020-03-01T00:00:00Z
China,CN,Jiangsu,,,32.97,119.46,631,confirmed,2020-03-01T00:00:00Z
China,CN,Jiangxi,,,27.61,115.72,935,confirmed,2020-03-01T00:00:00Z
China,CN,Jilin,,,43.67,126.19,93,confirmed,2020-03-01T00:00:00Z
China,CN,Liaoning,,,41.3,122.61,122,confirmed,2020-03-01T00:00:00Z
China,CN,Macau,,,22.17,113.55,10,confirmed,2020-03-01T00:00:00Z
China,CN,Ningxia,,,37.27,106.17,73,confirmed,2020-03-01T00:00:00Z
China,CN,Qinghai,,,35.75,96,18,confirmed,2020-03-01T00:00:00Z
China,CN,Shaanxi,,,35.19,108.87,245,confirmed,2020-03-01T00:00:00Z
China,CN,Shandong,,,36.34,118.15,758,confirmed,2020-03-01T00:00:00Z
China,CN,Shanghai,,,31.2,121.45,337,confirmed,2020-03-01T00:00:00Z
China,CN,Shanxi,,,37.58,112.29,133,confirmed,2020-03-01T00:00:00Z
China,CN,Sichuan,,,30.62,102.71,538,confirmed,2020-03-01T00:00:00Z
China,CN,Tianjin,,,39.31,117.32,136,confirmed,2020-03-01T00:00:00Z
China,CN,Tibet,,,31.69,88.09,1,confirmed,2020-03-01T00:00:00Z
China,CN,Xinjiang,,,41.11,85.24,76,confirmed,2020-03-01T00:00:00Z
China,CN,Yunnan,,,24.97,101.49,174,confirmed,2020-03-01T00:00:00Z
China,CN,Zhejiang,,,29.18,120.09,1205,confirmed,2020-03-01T00:00:00Z
China,CN,Anhui,,,31.83,117.23,990,confirmed,2020-03-02T00:00:00Z
China,CN,Beijing,,,40.18,116.41,414,confirmed,2020-03-02T00:00:00Z
China,CN,Chongqing,,,30.06,107.87,576,confirmed,2020-03-02T00:00:00Z
China,CN,Fujian,,,26.08,117.99,296,confirmed,2020-03-02T00:00:00Z
China,CN,Gansu,,,37.81,101.06,91,confirmed,2020-03-02T00:00:00Z
China,CN,Guangdong,,,23.34,113.42,1350,confirmed,2020-03-02T00:00:00Z
China,CN,Guangxi,,,23.83,108.79,252,confirmed,2020-03-02T00:00:00Z
China,CN,Guizhou,,,26.82,106.87,146,confirmed,2020-03-02T00:00:00Z
China,CN,Hainan,,,19.2,109.75,168,confirmed,2020-03-02T00:00:00Z
China,CN,Hebei,,,39.55,116.13,318,confirmed,2020-03-02T00:00:00Z
China,CN,Heilongjiang,,,47.86,127.76,480,confirmed,2020-03-02T00:00:00Z
China,CN,Henan,,,33.88,113.61,1272,confirmed,2020-03-02T00:00:00Z
China,CN,Hong Kong,,,22.3,114.2,100,confirmed,2020-03-02T00:00:00Z
China,CN,Hubei,,,30.98,112.27,67103,confirmed,2020-03-02T00:00:00Z
China,CN,Hunan,,,27.61,111.71,1018,confirmed,2020-03-02T00:00:00Z
China,CN,Inner Mongolia,,,44.09,113.94,75,confirmed,2020-03-02T00:00:00Z
China,CN,Jiangsu,,,32.97,119.46,631,confirmed,2020-03-02T00:00:00Z
China,CN,Jiangxi,,,27.61,115.72,935,confirmed,2020-03-02T00:00:00Z
China,CN,Jilin,,,43.67,126.19,93,confirmed,2020-03-02T00:00:00Z
China,CN,Liaoning,,,41.3,122.61,122,confirmed,2020-03-02T00:00:00Z
China,CN,Macau,,,22.17,113.55,10,confirmed,2020-03-02T00:00:00Z
China,CN,Ningxia,,,37.27,106.17,74,confirmed,2020-03-02T00:00:00Z
China,CN,Qinghai,,,35.75,96,18,confirmed,2020-03-02T00:00:00Z
China,CN,Shaanxi,,,35.19,108.87,245,confirmed,2020-03-02T00:00:00Z
China,CN,Shandong,,,36.34,118.15,758,confirmed,2020-03-02T00:00:00Z
China,CN,Shanghai,,,31.2,121.45,337,confirmed,2020-03-02T00:00:00Z
China,CN,Shanxi,,,37.58,112.29,133,confirmed,2020-03-02T00:00:00Z
China,CN,Sichuan,,,30.62,102.71,538,confirmed,2020-03-02T00:00:00Z
China,CN,Tianjin,,,39.31,117.32,136,confirmed,2020-03-02T00:00:00Z
China,CN,Tibet,,,31.69,88.09,1,confirmed,2020-03-02T00:00:00Z
China,CN,Xinjiang,,,41.11,85.24,76,confirmed,2020-03-02T00:00:00Z
China,CN,Yunnan,,,24.97,101.49,174,confirmed,2020-03-02T00:00:00Z
China,CN,Zhejiang,,,29.18,120.09,1206,confirmed,2020-03-02T00:00:00Z
China,CN,Anhui,,,31.83,117.23,990,confirmed,2020-03-03T00:00:00Z
China,CN,Beijing,,,40.18,116.41,414,confirmed,2020-03-03T00:00:00Z
China,CN,Chongqing,,,30.06,107.87,576,confirmed,2020-03-03T00:00:00Z
China,CN,Fujian,,,26.08,117.99,296,confirmed,2020-03-03T00:00:00Z
China,CN,Gansu,,,37.81,101.06,91,confirmed,2020-03-03T00:00:00Z
China,CN,Guangdong,,,23.34,113.42,1350,confirmed,2020-03-03T00:00:00Z
China,CN,Guangxi,,,23.83,108.79,252,confirmed,2020-03-03T00:00:00Z
China,CN,Guizhou,,,26.82,106.87,146,confirmed,2020-03-03T00:00:00Z
China,CN,Hainan,,,19.2,109.75,168,confirmed,2020-03-03T00:00:00Z
China,CN,Hebei,,,39.55,116.13,318,confirmed,2020-03-03T00:00:00Z
China,CN,Heilongjiang,,,47.86,127.76,480,confirmed,2020-03-03T00:00:00Z
China,CN,Henan,,,33.88,113.61,1272,confirmed,2020-03-03T00:00:00Z
China,CN,Hong Kong,,,22.3,114.2,100,confirmed,2020-03-03T00:00:00Z
China,CN,Hubei,,,30.98,112.27,67217,confirmed,2020-03-03T00:00:00Z
China,CN,Hunan,,,27.61,111.71,1018,confirmed,2020-03-03T00:00:00Z
China,CN,Inner Mongolia,,,44.09,113.94,75,confirmed,2020-03-03T00:00:00Z
China,CN,Jiangsu,,,32.97,119.46,631,confirmed,2020-03-03T00:00:00Z
China,CN,Jiangxi,,,27.61,115.72,935,confirmed,2020-03-03T00:00:00Z
China,CN,Jilin,,,43.67,126.19,93,confirmed,2020-03-03T00:00:00Z
China,CN,Liaoning,,,41.3,122.61,125,confirmed,2020-03-03T00:00:00Z
China,CN,Macau,,,22.17,113.55,10,confirmed,2020-03-03T00:00:00Z
China,CN,Ningxia,,,37.27,106.17,74,confirmed,2020-03-03T00:00:00Z
China,CN,Qinghai,,,35.75,96,18,confirmed,2020-03-03T00:00:00Z
China,CN,Shaanxi,,,35.19,108.87,245,confirmed,2020-03-03T00:00:00Z
China,CN,Shandong,,,36.34,118.15,758,confirmed,2020-03-03T00:00:00Z
China,CN,Shanghai,,,31.2,121.45,338,confirmed,2020-03-03T00:00:00Z
China,CN,Shanxi,,,37.58,112.29,133,confirmed,2020-03-03T00:00:00Z
China,CN,Sichuan,,,30.62,102.71,538,confirmed,2020-03-03T00:00:00Z
China,CN,Tianjin,,,39.31,117.32,136,confirmed,2020-03-03T00:00:00Z
China,CN,Tibet,,,31.69,88.09,1,confirmed,2020-03-03T00:00:00Z
China,CN,Xinjiang,,,41.11,85.24,76,confirmed,2020-03-03T00:00:00Z
China,CN,Yunnan,,,24.97,101.49,174,confirmed,2020-03-03T00:00:00Z
China,CN,Zhejiang,,,29.18,120.09,1213,confirmed,2020-03-03T00:00:00Z
China,CN,Anhui,,,31.83,117.23,990,confirmed,2020-03-04T00:00:00Z
China,CN,Beijing,,,40.18,116.41,418,confirmed,2020-03-04T00:00:00Z
China,CN,Chongqing,,,30.06,107.87,576,confirmed,2020-03-04T00:00:00Z
China,CN,Fujian,,,26.08,117.99,296,confirmed,2020-03-04T00:00:00Z
China,CN,Gansu,,,37.81,101.06,91,confirmed,2020-03-04T00:00:00Z
China,CN,Guangdong,,,23.34,113.42,1350,confirmed,2020-03-04T00:00:00Z
China,CN,Guangxi,,,23.83,108.79,252,confirmed,2020-03-04T00:00:00Z
China,CN,Guizhou,,,26.82,106.87,146,confirmed,2020-03-04T00:00:00Z
China,CN,Hainan,,,19.2,109.75,168,confirmed,2020-03-04T00:00:00Z
China,CN,Hebei,,,39.55,116.13,318,confirmed,2020-03-04T00:00:00Z
China,CN,Heilongjiang,,,47.86,127.76,480,confirmed,2020-03-04T00:00:00Z
China,CN,Henan,,,33.88,113.61,1272,confirmed,2020-03-04T00:00:00Z
China,CN,Hong Kong,,,22.3,114.2,105,confirmed,2020-03-04T00:00:00Z
China,CN,Hubei,,,30.98,112.27,67332,confirmed,2020-03-04T00:00:00Z
China,CN,Hunan,,,27.61,111.71,1018,confirmed,2020-03-04T00:00:00Z
China,CN,Inner Mongolia,,,44.09,113.94,75,confirmed,2020-03-04T00:00:00Z
China,CN,Jiangsu,,,32.97,119.46,631,confirmed,2020-03-04T00:00:00Z
China,CN,Jiangxi,,,27.61,115.72,935,confirmed,2020-03-04T00:00:00Z
China,CN,Jilin,,,43.67,126.19,93,confirmed,2020-03-04T00:00:00Z
China,CN,Liaoning,,,41.3,122.61,125,confirmed,2020-03-04T00:00:00Z
China,CN,Macau,,,22.17,113.55,10,confirmed,2020-03-04T00:00:00Z
China,CN,Ningxia,,,37.27,106.17,75,confirmed,2020-03-04T00:00:00Z
China,CN,Qinghai,,,35.75,96,18,confirmed,2020-03-04T00:00:00Z
China,CN,Shaanxi,,,35.19,108.87,245,confirmed,2020-03-04T00:00:00Z
China,CN,Shandong,,,36.34,118.15,758,confirmed,2020-03-04T00:00:00Z
China,CN,Shanghai,,,31.2,121.45,338,confirmed,2020-03-04T00:00:00Z
China,CN,Shanxi,,,37.58,112.29,133,confirmed,2020-03-04T00:00:00Z
China,CN,Sichuan,,,30.62,102.71,538,confirmed,2020-03-04T00:00:00Z
China,CN,Tianjin,,,39.31,117.32,136,confirmed,2020-03-04T00:00:00Z
China,CN,Tibet,,,31.69,88.09,1,confirmed,2020-03-04T00:00:00Z
China,CN,Xinjiang,,,41.11,85.24,76,confirmed,2020-03-04T00:00:00Z
China,CN,Yunnan,,,24.97,101.49,174,confirmed,2020-03-04T00:00:00Z
China,CN,Zhejiang,,,29.18,120.09,1213,confirmed,2020-03-04T00:00:00Z
China,CN,Anhui,,,31.83,117.23,990,confirmed,2020-03-05T00:00:00Z
China,CN,Beijing,,,40.18,116.41,418,confirmed,2020-03-05T00:00:00Z
China,CN,Chongqing,,,30.06,107.87,576,confirmed,2020-03-05T00:00:00Z
China,CN,Fujian,,,26.08,117.99,296,confirmed,2020-03-05T00:00:00Z
China,CN,Gansu,,,37.81,101.06,102,confirmed,2020-03-05T00:00:00Z
China,CN,Guangdong,,,23.34,113.42,1351,confirmed,2020-03-05T00:00:00Z
China,CN,Guangxi,,,23.83,108.79,252,confirmed,2020-03-05T00:00:00Z
China,CN,Guizhou,,,26.82,106.87,146,confirmed,2020-03-05T00:00:00Z
China,CN,Hainan,,,19.2,109.75,168,confirmed,2020-03-05T00:00:00Z
China,CN,Hebei,,,39.55,116.13,318,confirmed,2020-03-05T00:00:00Z
China,CN,Heilongjiang,,,47.86,127.76,481,confirmed,2020-03-05T00:00:00Z
China,CN,Henan,,,33.88,113.61,1272,confirmed,2020-03-05T00:00:00Z
China,CN,Hong Kong,,,22.3,114.2,105,confirmed,2020-03-05T00:00:00Z
China,CN,Hubei,,,30.98,112.27,67466,confirmed,2020-03-05T00:00:00Z
China,CN,Hunan,,,27.61,111.71,1018,confirmed,2020-03-05T00:00:00Z
China,CN,Inner Mongolia,,,44.09,113.94,75,confirmed,2020-03-05T00:00:00Z
China,CN,Jiangsu,,,32.97,119.46,631,confirmed,2020-03-05T00:00:00Z
China,CN,Jiangxi,,,27.61,115.72,935,confirmed,2020-03-05T00:00:00Z
China,CN,Jilin,,,43.67,126.19,93,confirmed,2020-03-05T00:00:00Z
China,CN,Liaoning,,,41.3,122.61,125,confirmed,2020-03-05T00:00:00Z
China,CN,Macau,,,22.17,113.55,10,confirmed,2020-03-05T00:00:00Z
China,CN,Ningxia,,,37.27,106.17,75,confirmed,2020-03-05T00:00:00Z
China,CN,Qinghai,,,35.75,96,18,confirmed,2020-03-05T00:00:00Z
China,CN,Shaanxi,,,35.19,108.87,245,confirmed,2020-03-05T00:00:00Z
China,CN,Shandong,,,36.34,118.15,758,confirmed,2020-03-05T00:00:00Z
China,CN,Shanghai,,,31.2,121.45,339,confirmed,2020-03-05T00:00:00Z
China,CN,Shanxi,,,37.58,112.29,133,confirmed,2020-03-05T00:00:00Z
China,CN,Sichuan,,,30.62,102.71,539,confirmed,2020-03-05T00:00:00Z
China,CN,Tianjin,,,39.31,117.32,136,confirmed,2020-03-05T00:00:00Z
China,CN,Tibet,,,31.69,88.09,1,confirmed,2020-03-05T00:00:00Z
China,CN,Xinjiang,,,41.11,85.24,76,confirmed,2020-03-05T00:00:00Z
China,CN,Yunnan,,,24.97,101.49,174,confirmed,2020-03-05T00:00:00Z
China,CN,Zhejiang,,,29.18,120.09,1215,confirmed,2020-03-05T00:00:00Z
China,CN,Anhui,,,31.83,117.23,990,confirmed,2020-03-06T00:00:00Z
China,CN,Beijing,,,40.18,116.41,422,confirmed,2020-03-06T00:00:00Z
China,CN,Chongqing,,,30.06,107.87,576,confirmed,2020-03-06T00:00:00Z
China,CN,Fujian,,,26.08,117.99,296,confirmed,2020-03-06T00:00:00Z
China,CN,Gansu,,,37.81,101.06,119,confirmed,2020-03-06T00:00:00Z
China,CN,Guangdong,,,23.34,113.42,1352,confirmed,2020-03-06T00:00:00Z
China,CN,Guangxi,,,23.83,108.79,252,confirmed,2020-03-06T00:00:00Z
China,CN,Guizhou,,,26.82,106.87,146,confirmed,2020-03-06T00:00:00Z
China,CN,Hainan,,,19.2,109.75,168,confirmed,2020-03-06T00:00:00Z
China,CN,Hebei,,,39.55,116.13,318,confirmed,2020-03-06T00:00:00Z
China,CN,Heilongjiang,,,47.86,127.76,481,confirmed,2020-03-06T00:00:00Z
China,CN,Henan,,,33.88,113.61,1272,confirmed,2020-03-06T00:00:00Z
China,CN,Hong Kong,,,22.3,114.2,107,confirmed,2020-03-06T00:00:00Z
China,CN,Hubei,,,30.98,112.27,67592,confirmed,2020-03-06T00:00:00Z
China,CN,Hunan,,,27.61,111.71,1018,confirmed,2020-03-06T00:00:00Z
China,CN,Inner Mongolia,,,44.09,113.94,75,confirmed,2020-03-06T00:00:00Z
China,CN,Jiangsu,,,32.97,119.46,631,confirmed,2020-03-06T00:00:00Z
China,CN,Jiangxi,,,27.61,115.72,935,confirmed,2020-03-06T00:00:00Z
China,CN,Jilin,,,43.67,126.19,93,confirmed,2020-03-06T00:00:00Z
China,CN,Liaoning,,,41.3,122.61,125,confirmed,2020-03-06T00:00:00Z
China,CN,Macau,,,22.17,113.55,10,confirmed,2020-03-06T00:00:00Z
China,CN,Ningxia,,,37.27,106.17,75,confirmed,2020-03-06T00:00:00Z
China,CN,Qinghai,,,35.75,96,18,confirmed,2020-03-06T00:00:00Z
China,CN,Shaanxi,,,35.19,108.87,245,confirmed,2020-03-06T00:00:00Z
China,CN,Shandong,,,36.34,118.15,758,confirmed,2020-03-06T00:00:00Z
China,CN,Shanghai,,,31.2,121.45,342,confirmed,2020-03-06T00:00:00Z
China,CN,Shanxi,,,37.58,112.29,133,confirmed,2020-03-06T00:00:00Z
China,CN,Sichuan,,,30.62,102.71,539,confirmed,2020-03-06T00:00:00Z
China,CN,Tianjin,,,39.31,117.32,136,confirmed,2020-03-06T00:00:00Z
China,CN,Tibet,,,31.69,88.09,1,confirmed,2020-03-06T00:00:00Z
China,CN,Xinjiang,,,41.11,85.24,76,confirmed,2020-03-06T00:00:00Z
China,CN,Yunnan,,,24.97,101.49,174,confirmed,2020-03-06T00:00:00Z
China,CN,Zhejiang,,,29.18,120.09,1215,confirmed,2020-03-06T00:00:00Z
China,CN,Anhui,,,31.83,117.23,990,confirmed,2020-03-07T00:00:00Z
China,CN,Beijing,,,40.18,116.41,426,confirmed,2020-03-07T00:00:00Z
China,CN,Chongqing,,,30.06,107.87,576,confirmed,2020-03-07T00:00:00Z
China,CN,Fujian,,,26.08,117.99,296,confirmed,2020-03-07T00:00:00Z
China,CN,Gansu,,,37.81,101.06,120,confirmed,2020-03-07T00:00:00Z
China,CN,Guangdong,,,23.34,113.42,1352,confirmed,2020-03-07T00:00:00Z
China,CN,Guangxi,,,23.83,108.79,252,confirmed,2020-03-07T00:00:00Z
China,CN,Guizhou,,,26.82,106.87,146,confirmed,2020-03-07T00:00:00Z
China,CN,Hainan,,,19.2,109.75,168,confirmed,2020-03-07T00:00:00Z
China,CN,Hebei,,,39.55,116.13,318,confirmed,2020-03-07T00:00:00Z
China,CN,Heilongjiang,,,47.86,127.76,481,confirmed,2020-03-07T00:00:00Z
China,CN,Henan,,,33.88,113.61,1272,confirmed,2020-03-07T00:00:00Z
China,CN,Hong Kong,,,22.3,114.2,108,confirmed,2020-03-07T00:00:00Z
China,CN,Hubei,,,30.98,112.27,67666,confirmed,2020-03-07T00:00:00Z
China,CN,Hunan,,,27.61,111.71,1018,confirmed,2020-03-07T00:00:00Z
China,CN,Inner Mongolia,,,44.09,113.94,75,confirmed,2020-03-07T00:00:00Z
China,CN,Jiangsu,,,32.97,119.46,631,confirmed,2020-03-07T00:00:00Z
China,CN,Jiangxi,,,27.61,115.72,935,confirmed,2020-03-07T00:00:00Z
China,CN,Jilin,,,43.67,126.19,93,confirmed,2020-03-07T00:00:00Z
China,CN,Liaoning,,,41.3,122.61,125,confirmed,2020-03-07T00:00:00Z
China,CN,Macau,,,22.17,113.55,10,confirmed,2020-03-07T00:00:00Z
China,CN,Ningxia,,,37.27,106.17,75,confirmed,2020-03-07T00:00:00Z
China,CN,Qinghai,,,35.75,96,18,confirmed,2020-03-07T00:00:00Z
China,CN,Shaanxi,,,35.19,108.87,245,confirmed,2020-03-07T00:00:00Z
China,CN,Shandong,,,36.34,118.15,758,confirmed,2020-03-07T00:00:00Z
China,CN,Shanghai,,,31.2,121.45,342,confirmed,2020-03-07T00:00:00Z
China,CN,Shanxi,,,37.58,112.29,133,confirmed,2020-03-07T00:00:00Z
China,CN,Sichuan,,,30.62,102.71,539,confirmed,2020-03-07T00:00:00Z
China,CN,Tianjin,,,39.31,117.32,136,confirmed,2020-03-07T00:00:00Z
China,CN,Tibet,,,31.69,88.09,1,confirmed,2020-03-07T00:00:00Z
China,CN,Xinjiang,,,41.11,85.24,76,confirmed,2020-03-07T00:00:00Z
China,CN,Yunnan,,,24.97,101.49,174,confirmed,2020-03-07T00:00:00Z
China,CN,Zhejiang,,,29.18,120.09,1215,confirmed,2020-03-07T00:00:00Z
China,CN,Anhui,,,31.83,117.23,990,confirmed,2020-03-08T00:00:00Z
China,CN,Beijing,,,40.18,116.41,428,confirmed,2020-03-08T00:00:00Z
China,CN,Chongqing,,,30.06,107.87,576,confirmed,2020-03-08T00:00:00Z
China,CN,Fujian,,,26.08,117.99,296,confirmed,2020-03-08T00:00:00Z
China,CN,Gansu,,,37.81,101.06,124,confirmed,2020-03-08T00:00:00Z
China,CN,Guangdong,,,23.34,113.42,1352,confirmed,2020-03-08T00:00:00Z
China,CN,Guangxi,,,23.83,108.79,252,confirmed,2020-03-08T00:00:00Z
China,CN,Guizhou,,,26.82,106.87,146,confirmed,2020-03-08T00:00:00Z
China,CN,Hainan,,,19.2,109.75,168,confirmed,2020-03-08T00:00:00Z
China,CN,Hebei,,,39.55,116.13,318,confirmed,2020-03-08T00:00:00Z
China,CN,Heilongjiang,,,47.86,127.76,481,confirmed,2020-03-08T00:00:00Z
China,CN,Henan,,,33.88,113.61,1272,confirmed,2020-03-08T00:00:00Z
China,CN,Hong Kong,,,22.3,114.2,114,confirmed,2020-03-08T00:00:00Z
China,CN,Hubei,,,30.98,112.27,67707,confirmed,2020-03-08T00:00:00Z
China,CN,Hunan,,,27.61,111.71,1018,confirmed,2020-03-08T00:00:00Z
China,CN,Inner Mongolia,,,44.09,113.94,75,confirmed,2020-03-08T00:00:00Z
China,CN,Jiangsu,,,32.97,119.46,631,confirmed,2020-03-08T00:00:00Z
China,CN,Jiangxi,,,27.61,115.72,935,confirmed,2020-03-08T00:00:00Z
China,CN,Jilin,,,43.67,126.19,93,confirmed,2020-03-08T00:00:00Z
China,CN,Liaoning,,,41.3,122.61,125,confirmed,2020-03-08T00:00:00Z
China,CN,Macau,,,22.17,113.55,10,confirmed,2020-03-08T00:00:00Z
China,CN,Ningxia,,,37.27,106.17,75,confirmed,2020-03-08T00:00:00Z
China,CN,Qinghai,,,35.75,96,18,confirmed,2020-03-08T00:00:00Z
China,CN,Shaanxi,,,35.19,108.87,245,confirmed,2020-03-08T00:00:00Z
China,CN,Shandong,,,36.34,118.15,758,confirmed,2020-03-08T00:00:00Z
China,CN,Shanghai,,,31.2,121.45,342,confirmed,2020-03-08T00:00:00Z
China,CN,Shanxi,,,37.58,112.29,133,confirmed,2020-03-08T00:00:00Z
China,CN,Sichuan,,,30.62,102.71,539,confirmed,2020-03-08T00:00:00Z
China,CN,Tianjin,,,39.31,117.32,136,confirmed,2020-03-08T00:00:00Z
China,CN,Tibet,,,31.69,88.09,1,confirmed,2020-03-08T00:00:00Z
China,CN,Xinjiang,,,41.11,85.24,76,confirmed,2020-03-08T00:00:00Z
China,CN,Yunnan,,,24.97,101.49,174,confirmed,2020-03-08T00:00:00Z
China,CN,Zhejiang,,,29.18,120.09,1215,confirmed,2020-03-08T00:00:00Z
China,CN,Anhui,,,31.83,117.23,990,confirmed,2020-03-09T00:00:00Z
China,CN,Beijing,,,40.18,116.41,428,confirmed,2020-03-09T00:00:00Z
China,CN,Chongqing,,,30.06,107.87,576,confirmed,2020-03-09T00:00:00Z
China,CN,Fujian,,,26.08,117.99,296,confirmed,2020-03-09T00:00:00Z
China,CN,Gansu,,,37.81,101.06,124,confirmed,2020-03-09T00:00:00Z
China,CN,Guangdong,,,23.34,113.42,1352,confirmed,2020-03-09T00:00:00Z
China,CN,Guangxi,,,23.83,108.79,252,confirmed,2020-03-09T00:00:00Z
China,CN,Guizhou,,,26.82,106.87,146,confirmed,2020-03-09T00:00:00Z
China,CN,Hainan,,,19.2,109.75,168,confirmed,2020-03-09T00:00:00Z
China,CN,Hebei,,,39.55,116.13,318,confirmed,2020-03-09T00:00:00Z
China,CN,Heilongjiang,,,47.86,127.76,481,confirmed,2020-03-09T00:00:00Z
China,CN,Henan,,,33.88,113.61,1272,confirmed,2020-03-09T00:00:00Z
China,CN,Hong Kong,,,22.3,114.2,115,confirmed,2020-03-09T00:00:00Z
China,CN,Hubei,,,30.98,112.27,67743,confirmed,2020-03-09T00:00:00Z
China,CN,Hunan,,,27.61,111.71,1018,confirmed,2020-03-09T00:00:00Z
China,CN,Inner Mongolia,,,44.09,113.94,75,confirmed,2020-03-09T00:00:00Z
China,CN,Jiangsu,,,32.97,119.46,631,confirmed,2020-03-09T00:00:00Z
China,CN,Jiangxi,,,27.61,115.72,935,confirmed,2020-03-09T00:00:00Z
China,CN,Jilin,,,43.67,126.19,93,confirmed,2020-03-09T00:00:00Z
China,CN,Liaoning,,,41.3,122.61,125,confirmed,2020-03-09T00:00:00Z
China,CN,Macau,,,22.17,113.55,10,confirmed,2020-03-09T00:00:00Z
China,CN,Ningxia,,,37.27,106.17,75,confirmed,2020-03-09T00:00:00Z
China,CN,Qinghai,,,35.75,96,18,confirmed,2020-03-09T00:00:00Z
China,CN,Shaanxi,,,35.19,108.87,245,confirmed,2020-03-09T00:00:00Z
China,CN,Shandong,,,36.34,118.15,758,confirmed,2020-03-09T00:00:00Z
China,CN,Shanghai,,,31.2,121.45,342,confirmed,2020-03-09T00:00:00Z
China,CN,Shanxi,,,37.58,112.29,133,confirmed,2020-03-09T00:00:00Z
China,CN,Sichuan,,,30.62,102.71,539,confirmed,2020-03-09T00:00:00Z
China,CN,Tianjin,,,39.31,117.32,136,confirmed,2020-03-09T00:00:00Z
China,CN,Tibet,,,31.69,88.09,1,confirmed,2020-03-09T00:00:00Z
China,CN,Xinjiang,,,41.11,85.24,76,confirmed,2020-03-09T00:00:00Z
China,CN,Yunnan,,,24.97,101.49,174,confirmed,2020-03-09T00:00:00Z
China,CN,Zhejiang,,,29.18,120.09,1215,confirmed,2020-03-09T00:00:00Z
China,CN,Anhui,,,31.83,117.23,990,confirmed,2020-03-10T00:00:00Z
China,CN,Beijing,,,40.18,116.41,429,confirmed,2020-03-10T00:00:00Z
China,CN,Chongqing,,,30.06,107.87,576,confirmed,2020-03-10T00:00:00Z
China,CN,Fujian,,,26.08,117.99,296,confirmed,2020-03-10T00:00:00Z
China,CN,Gansu,,,37.81,101.06,125,confirmed,2020-03-10T00:00:00Z
China,CN,Guangdong,,,23.34,113.42,1353,confirmed,2020-03-10T00:00:00Z
China,CN,Guangxi,,,23.83,108.79,252,confirmed,2020-03-10T00:00:00Z
China,CN,Guizhou,,,26.82,106.87,146,confirmed,2020-03-10T00:00:00Z
China,CN,Hainan,,,19.2,109.75,168,confirmed,2020-03-10T00:00:00Z
China,CN,Hebei,,,39.55,116.13,318,confirmed,2020-03-10T00:00:00Z
China,CN,Heilongjiang,,,47.86,127.76,481,confirmed,2020-03-10T00:00:00Z
China,CN,Henan,,,33.88,113.61,1272,confirmed,2020-03-10T00:00:00Z
China,CN,Hong Kong,,,22.3,114.2,120,confirmed,2020-03-10T00:00:00Z
China,CN,Hubei,,,30.98,112.27,67760,confirmed,2020-03-10T00:00:00Z
China,CN,Hunan,,,27.61,111.71,1018,confirmed,2020-03-10T00:00:00Z
China,CN,Inner Mongolia,,,44.09,113.94,75,confirmed,2020-03-10T00:00:00Z
China,CN,Jiangsu,,,32.97,119.46,631,confirmed,2020-03-10T00:00:00Z
China,CN,Jiangxi,,,27.61,115.72,935,confirmed,2020-03-10T00:00:00Z
China,CN,Jilin,,,43.67,126.19,93,confirmed,2020-03-10T00:00:00Z
China,CN,Liaoning,,,41.3,122.61,125,confirmed,2020-03-10T00:00:00Z
China,CN,Macau,,,22.17,113.55,10,confirmed,2020-03-10T00:00:00Z
China,CN,Ningxia,,,37.27,106.17,75,confirmed,2020-03-10T00:00:00Z
China,CN,Qinghai,,,35.75,96,18,confirmed,2020-03-10T00:00:00Z
China,CN,Shaanxi,,,35.19,108.87,245,confirmed,2020-03-10T00:00:00Z
China,CN,Shandong,,,36.34,118.15,758,confirmed,2020-03-10T00:00:00Z
China,CN,Shanghai,,,31.2,121.45,344,confirmed,2020-03-10T00:00:00Z
China,CN,Shanxi,,,37.58,112.29,133,confirmed,2020-03-10T00:00:00Z
China,CN,Sichuan,,,30.62,102.71,539,confirmed,2020-03-10T00:00:00Z
China,CN,Tianjin,,,39.31,117.32,136,confirmed,2020-03-10T00:00:00Z
China,CN,Tibet,,,31.69,88.09,1,confirmed,2020-03-10T00:00:00Z
China,CN,Xinjiang,,,41.11,85.24,76,confirmed,2020-03-10T00:00:00Z
China,CN,Yunnan,,,24.97,101.49,174,confirmed,2020-03-10T00:00:00Z
China,CN,Zhejiang,,,29.18,120.09,1215,confirmed,2020-03-10T00:00:00Z
China,CN,Anhui,,,31.83,117.23,990,confirmed,2020-03-11T00:00:00Z
China,CN,Beijing,,,40.18,116.41,435,confirmed,2020-03-11T00:00:00Z
China,CN,Chongqing,,,30.06,107.87,576,confirmed,2020-03-11T00:00:00Z
China,CN,Fujian,,,26.08,117.99,296,confirmed,2020-03-11T00:00:00Z
China,CN,Gansu,,,37.81,101.06,127,confirmed,2020-03-11T00:00:00Z
China,CN,Guangdong,,,23.34,113.42,1356,confirmed,2020-03-11T00:00:00Z
China,CN,Guangxi,,,23.83,108.79,252,confirmed,2020-03-11T00:00:00Z
China,CN,Guizhou,,,26.82,106.87,146,confirmed,2020-03-11T00:00:00Z
China,CN,Hainan,,,19.2,109.75,168,confirmed,2020-03-11T00:00:00Z
China,CN,Hebei,,,39.55,116.13,318,confirmed,2020-03-11T00:00:00Z
China,CN,Heilongjiang,,,47.86,127.76,482,confirmed,2020-03-11T00:00:00Z
China,CN,Henan,,,33.88,113.61,1273,confirmed,2020-03-11T00:00:00Z
China,CN,Hong Kong,,,22.3,114.2,126,confirmed,2020-03-11T00:00:00Z
China,CN,Hubei,,,30.98,112.27,67773,confirmed,2020-03-11T00:00:00Z
China,CN,Hunan,,,27.61,111.71,1018,confirmed,2020-03-11T00:00:00Z
China,CN,Inner Mongolia,,,44.09,113.94,75,confirmed,2020-03-11T00:00:00Z
China,CN,Jiangsu,,,32.97,119.46,631,confirmed,2020-03-11T00:00:00Z
China,CN,Jiangxi,,,27.61,115.72,935,confirmed,2020-03-11T00:00:00Z
China,CN,Jilin,,,43.67,126.19,93,confirmed,2020-03-11T00:00:00Z
China,CN,Liaoning,,,41.3,122.61,125,confirmed,2020-03-11T00:00:00Z
China,CN,Macau,,,22.17,113.55,10,confirmed,2020-03-11T00:00:00Z
China,CN,Ningxia,,,37.27,106.17,75,confirmed,2020-03-11T00:00:00Z
China,CN,Qinghai,,,35.75,96,18,confirmed,2020-03-11T00:00:00Z
China,CN,Shaanxi,,,35.19,108.87,245,confirmed,2020-03-11T00:00:00Z
China,CN,Shandong,,,36.34,118.15,760,confirmed,2020-03-11T00:00:00Z
China,CN,Shanghai,,,31.2,121.45,344,confirmed,2020-03-11T00:00:00Z
China,CN,Shanxi,,,37.58,112.29,133,confirmed,2020-03-11T00:00:00Z
China,CN,Sichuan,,,30.62,102.71,539,confirmed,2020-03-11T00:00:00Z
China,CN,Tianjin,,,39.31,117.32,136,confirmed,2020-03-11T00:00:00Z
China,CN,Tibet,,,31.69,88.09,1,confirmed,2020-03-11T00:00:00Z
China,CN,Xinjiang,,,41.11,85.24,76,confirmed,2020-03-11T00:00:00Z
China,CN,Yunnan,,,24.97,101.49,174,confirmed,2020-03-11T00:00:00Z
China,CN,Zhejiang,,,29.18,120.09,1215,confirmed,2020-03-11T00:00:00Z
China,CN,Anhui,,,31.83,117.23,990,confirmed,2020-03-12T00:00:00Z
China,CN,Beijing,,,40.18,116.41,435,confirmed,2020-03-12T00:00:00Z
China,CN,Chongqing,,,30.06,107.87,576,confirmed,2020-03-12T00:00:00Z
China,CN,Fujian,,,26.08,117.99,296,confirmed,2020-03-12T00:00:00Z
China,CN,Gansu,,,37.81,101.06,127,confirmed,2020-03-12T00:00:00Z
China,CN,Guangdong,,,23.34,113.42,1356,confirmed,2020-03-12T00:00:00Z
China,CN,Guangxi,,,23.83,108.79,252,confirmed,2020-03-12T00:00:00Z
China,CN,Guizhou,,,26.82,106.87,146,confirmed,2020-03-12T00:00:00Z
China,CN,Hainan,,,19.2,109.75,168,confirmed,2020-03-12T00:00:00Z
China,CN,Hebei,,,39.55,116.13,318,confirmed,2020-03-12T00:00:00Z
China,CN,Heilongjiang,,,47.86,127.76,482,confirmed,2020-03-12T00:00:00Z
China,CN,Henan,,,33.88,113.61,1273,confirmed,2020-03-12T00:00:00Z
China,CN,Hong Kong,,,22.3,114.2,129,confirmed,2020-03-12T00:00:00Z
China,CN,Hubei,,,30.98,112.27,67781,confirmed,2020-03-12T00:00:00Z
China,CN,Hunan,,,27.61,111.71,1018,confirmed,2020-03-12T00:00:00Z
China,CN,Inner Mongolia,,,44.09,113.94,75,confirmed,2020-03-12T00:00:00Z
China,CN,Jiangsu,,,32.97,119.46,631,confirmed,2020-03-12T00:00:00Z
China,CN,Jiangxi,,,27.61,115.72,935,confirmed,2020-03-12T00:00:00Z
China,CN,Jilin,,,43.67,126.19,93,confirmed,2020-03-12T00:00:00Z
China,CN,Liaoning,,,41.3,122.61,125,confirmed,2020-03-12T00:00:00Z
China,CN,Macau,,,22.17,113.55,10,confirmed,2020-03-12T00:00:00Z
China,CN,Ningxia,,,37.27,106.17,75,confirmed,2020-03-12T00:00:00Z
China,CN,Qinghai,,,35.75,96,18,confirmed,2020-03-12T00:00:00Z
China,CN,Shaanxi,,,35.19,108.87,245,confirmed,2020-03-12T00:00:00Z
China,CN,Shandong,,,36.34,118.15,760,confirmed,2020-03-12T00:00:00Z
China,CN,Shanghai,,,31.2,121.45,344,confirmed,2020-03-12T00:00:00Z
China,CN,Shanxi,,,37.58,112.29,133,confirmed,2020-03-12T00:00:00Z
China,CN,Sichuan,,,30.62,102.71,539,confirmed,2020-03-12T00:00:00Z
China,CN,Tianjin,,,39.31,117.32,136,confirmed,2020-03-12T00:00:00Z
China,CN,Tibet,,,31.69,88.09,1,confirmed,2020-03-12T00:00:00Z
China,CN,Xinjiang,,,41.11,85.24,76,confirmed,2020-03-12T00:00:00Z
China,CN,Yunnan,,,24.97,101.49,174,confirmed,2020-03-12T00:00:00Z
China,CN,Zhejiang,,,29.18,120.09,1215,confirmed,2020-03-12T00:00:00Z
China,CN,Anhui,,,31.83,117.23,990,confirmed,2020-03-13T00:00:00Z
China,CN,Beijing,,,40.18,116.41,436,confirmed,2020-03-13T00:00:00Z
China,CN,Chongqing,,,30.06,107.87,576,confirmed,2020-03-13T00:00:00Z
China,CN,Fujian,,,26.08,117.99,296,confirmed,2020-03-13T00:00:00Z
China,CN,Gansu,,,37.81,101.06,127,confirmed,2020-03-13T00:00:00Z
China,CN,Guangdong,,,23.34,113.42,1356,confirmed,2020-03-13T00:00:00Z
China,CN,Guangxi,,,23.83,108.79,252,confirmed,2020-03-13T00:00:00Z
China,CN,Guizhou,,,26.82,106.87,146,confirmed,2020-03-13T00:00:00Z
China,CN,Hainan,,,19.2,109.75,168,confirmed,2020-03-13T00:00:00Z
China,CN,Hebei,,,39.55,116.13,318,confirmed,2020-03-13T00:00:00Z
China,CN,Heilongjiang,,,47.86,127.76,482,confirmed,2020-03-13T00:00:00Z
China,CN,Henan,,,33.88,113.61,1273,confirmed,2020-03-13T00:00:00Z
China,CN,Hong Kong,,,22.3,114.2,134,confirmed,2020-03-13T00:00:00Z
China,CN,Hubei,,,30.98,112.27,67786,confirmed,2020-03-13T00:00:00Z
China,CN,Hunan,,,27.61,111.71,1018,confirmed,2020-03-13T00:00:00Z
China,CN,Inner Mongolia,,,44.09,113.94,75,confirmed,2020-03-13T00:00:00Z
China,CN,Jiangsu,,,32.97,119.46,631,confirmed,2020-03-13T00:00:00Z
China,CN,Jiangxi,,,27.61,115.72,935,confirmed,2020-03-13T00:00:00Z
China,CN,Jilin,,,43.67,126.19,93,confirmed,2020-03-13T00:00:00Z
China,CN,Liaoning,,,41.3,122.61,125,confirmed,2020-03-13T00:00:00Z
China,CN,Macau,,,22.17,113.55,10,confirmed,2020-03-13T00:00:00Z
China,CN,Ningxia,,,37.27,106.17,75,confirmed,2020-03-13T00:00:00Z
China,CN,Qinghai,,,35.75,96,18,confirmed,2020-03-13T00:00:00Z
China,CN,Shaanxi,,,35.19,108.87,245,confirmed,2020-03-13T00:00:00Z
China,CN,Shandong,,,36.34,118.15,760,confirmed,2020-03-13T00:00:00Z
China,CN,Shanghai,,,31.2,121.45,346,confirmed,2020-03-13T00:00:00Z
China,CN,Shanxi,,,37.58,112.29,133,confirmed,2020-03-13T00:00:00Z
China,CN,Sichuan,,,30.62,102.71,539,confirmed,2020-03-13T00:00:00Z
China,CN,Tianjin,,,39.31,117.32,136,confirmed,2020-03-13T00:00:00Z
China,CN,Tibet,,,31.69,88.09,1,confirmed,2020-03-13T00:00:00Z
China,CN,Xinjiang,,,41.11,85.24,76,confirmed,2020-03-13T00:00:00Z
China,CN,Yunnan,,,24.97,101.49,174,confirmed,2020-03-13T00:00:00Z
China,CN,Zhejiang,,,29.18,120.09,1215,confirmed,2020-03-13T00:00:00Z
China,CN,Anhui,,,31.83,117.23,990,confirmed,2020-03-14T00:00:00Z
China,CN,Beijing,,,40.18,116.41,437,confirmed,2020-03-14T00:00:00Z
China,CN,Chongqing,,,30.06,107.87,576,confirmed,2020-03-14T00:00:00Z
China,CN,Fujian,,,26.08,117.99,296,confirmed,2020-03-14T00:00:00Z
China,CN,Gansu,,,37.81,101.06,129,confirmed,2020-03-14T00:00:00Z
China,CN,Guangdong,,,23.34,113.42,1356,confirmed,2020-03-14T00:00:00Z
China,CN,Guangxi,,,23.83,108.79,252,confirmed,2020-03-14T00:00:00Z
China,CN,Guizhou,,,26.82,106.87,146,confirmed,2020-03-14T00:00:00Z
China,CN,Hainan,,,19.2,109.75,168,confirmed,2020-03-14T00:00:00Z
China,CN,Hebei,,,39.55,116.13,318,confirmed,2020-03-14T00:00:00Z
China,CN,Heilongjiang,,,47.86,127.76,482,confirmed,2020-03-14T00:00:00Z
China,CN,Henan,,,33.88,113.61,1273,confirmed,2020-03-14T00:00:00Z
China,CN,Hong Kong,,,22.3,114.2,140,confirmed,2020-03-14T00:00:00Z
China,CN,Hubei,,,30.98,112.27,67790,confirmed,2020-03-14T00:00:00Z
China,CN,Hunan,,,27.61,111.71,1018,confirmed,2020-03-14T00:00:00Z
China,CN,Inner Mongolia,,,44.09,113.94,75,confirmed,2020-03-14T00:00:00Z
China,CN,Jiangsu,,,32.97,119.46,631,confirmed,2020-03-14T00:00:00Z
China,CN,Jiangxi,,,27.61,115.72,935,confirmed,2020-03-14T00:00:00Z
China,CN,Jilin,,,43.67,126.19,93,confirmed,2020-03-14T00:00:00Z
China,CN,Liaoning,,,41.3,122.61,125,confirmed,2020-03-14T00:00:00Z
China,CN,Macau,,,22.17,113.55,10,confirmed,2020-03-14T00:00:00Z
China,CN,Ningxia,,,37.27,106.17,75,confirmed,2020-03-14T00:00:00Z
China,CN,Qinghai,,,35.75,96,18,confirmed,2020-03-14T00:00:00Z
China,CN,Shaanxi,,,35.19,108.87,245,confirmed,2020-03-14T00:00:00Z
China,CN,Shandong,,,36.34,118.15,760,confirmed,2020-03-14T00:00:00Z
China,CN,Shanghai,,,31.2,121.45,353,confirmed,2020-03-14T00:00:00Z
China,CN,Shanxi,,,37.58,112.29,133,confirmed,2020-03-14T00:00:00Z
China,CN,Sichuan,,,30.62,102.71,539,confirmed,2020-03-14T00:00:00Z
China,CN,Tianjin,,,39.31,117.32,136,confirmed,2020-03-14T00:00:00Z
China,CN,Tibet,,,31.69,88.09,1,confirmed,2020-03-14T00:00:00Z
China,CN,Xinjiang,,,41.11,85.24,76,confirmed,2020-03-14T00:00:00Z
China,CN,Yunnan,,,24.97,101.49,174,confirmed,2020-03-14T00:00:00Z
China,CN,Zhejiang,,,29.18,120.09,1227,confirmed,2020-03-14T00:00:00Z
China,CN,Anhui,,,31.83,117.23,990,confirmed,2020-03-15T00:00:00Z
China,CN,Beijing,,,40.18,116.41,442,confirmed,2020-03-15T00:00:00Z
China,CN,Chongqing,,,30.06,107.87,576,confirmed,2020-03-15T00:00:00Z
China,CN,Fujian,,,26.08,117.99,296,confirmed,2020-03-15T00:00:00Z
China,CN,Gansu,,,37.81,101.06,133,confirmed,2020-03-15T00:00:00Z
China,CN,Guangdong,,,23.34,113.42,1360,confirmed,2020-03-15T00:00:00Z
China,CN,Guangxi,,,23.83,108.79,252,confirmed,2020-03-15T00:00:00Z
China,CN,Guizhou,,,26.82,106.87,146,confirmed,2020-03-15T00:00:00Z
China,CN,Hainan,,,19.2,109.75,168,confirmed,2020-03-15T00:00:00Z
China,CN,Hebei,,,39.55,116.13,318,confirmed,2020-03-15T00:00:00Z
China,CN,Heilongjiang,,,47.86,127.76,482,confirmed,2020-03-15T00:00:00Z
China,CN,Henan,,,33.88,113.61,1273,confirmed,2020-03-15T00:00:00Z
China,CN,Hong Kong,,,22.3,114.2,145,confirmed,2020-03-15T00:00:00Z
China,CN,Hubei,,,30.98,112.27,67794,confirmed,2020-03-15T00:00:00Z
China,CN,Hunan,,,27.61,111.71,1018,confirmed,2020-03-15T00:00:00Z
China,CN,Inner Mongolia,,,44.09,113.94,75,confirmed,2020-03-15T00:00:00Z
China,CN,Jiangsu,,,32.97,119.46,631,confirmed,2020-03-15T00:00:00Z
China,CN,Jiangxi,,,27.61,115.72,935,confirmed,2020-03-15T00:00:00Z
China,CN,Jilin,,,43.67,126.19,93,confirmed,2020-03-15T00:00:00Z
China,CN,Liaoning,,,41.3,122.61,125,confirmed,2020-03-15T00:00:00Z
China,CN,Macau,,,22.17,113.55,10,confirmed,2020-03-15T00:00:00Z
China,CN,Ningxia,,,37.27,106.17,75,confirmed,2020-03-15T00:00:00Z
China,CN,Qinghai,,,35.75,96,18,confirmed,2020-03-15T00:00:00Z
China,CN,Shaanxi,,,35.19,108.87,245,confirmed,2020-03-15T00:00:00Z
China,CN,Shandong,,,36.34,118.15,760,confirmed,2020-03-15T00:00:00Z
China,CN,Shanghai,,,31.2,121.45,353,confirmed,2020-03-15T00:00:00Z
China,CN,Shanxi,,,37.58,112.29,133,confirmed,2020-03-15T00:00:00Z
China,CN,Sichuan,,,30.62,102.71,539,confirmed,2020-03-15T00:00:00Z
China,CN,Tianjin,,,39.31,117.32,136,confirmed,2020-03-15T00:00:00Z
China,CN,Tibet,,,31.69,88.09,1,confirmed,2020-03-15T00:00:00Z
China,CN,Xinjiang,,,41.11,85.24,76,confirmed,2020-03-15T00:00:00Z
China,CN,Yunnan,,,24.97,101.49,174,confirmed,2020-03-15T00:00:00Z
China,CN,Zhejiang,,,29.18,120.09,1231,confirmed,2020-03-15T00:00:00Z
China,CN,Anhui,,,31.83,117.23,990,confirmed,2020-03-16T00:00:00Z
China,CN,Beijing,,,40.18,116.41,452,confirmed,2020-03-16T00:00:00Z
China,CN,Chongqing,,,30.06,107.87,576,confirmed,2020-03-16T00:00:00Z
China,CN,Fujian,,,26.08,117.99,296,confirmed,2020-03-16T00:00:00Z
China,CN,Gansu,,,37.81,101.06,133,confirmed,2020-03-16T00:00:00Z
China,CN,Guangdong,,,23.34,113.42,1361,confirmed,2020-03-16T00:00:00Z
China,CN,Guangxi,,,23.83,108.79,252,confirmed,2020-03-16T00:00:00Z
China,CN,Guizhou,,,26.82,106.87,146,confirmed,2020-03-16T00:00:00Z
China,CN,Hainan,,,19.2,109.75,168,confirmed,2020-03-16T00:00:00Z
China,CN,Hebei,,,39.55,116.13,318,confirmed,2020-03-16T00:00:00Z
China,CN,Heilongjiang,,,47.86,127.76,482,confirmed,2020-03-16T00:00:00Z
China,CN,Henan,,,33.88,113.61,1273,confirmed,2020-03-16T00:00:00Z
China,CN,Hong Kong,,,22.3,114.2,155,confirmed,2020-03-16T00:00:00Z
China,CN,Hubei,,,30.98,112.27,67798,confirmed,2020-03-16T00:00:00Z
China,CN,Hunan,,,27.61,111.71,1018,confirmed,2020-03-16T00:00:00Z
China,CN,Inner Mongolia,,,44.09,113.94,75,confirmed,2020-03-16T00:00:00Z
China,CN,Jiangsu,,,32.97,119.46,631,confirmed,2020-03-16T00:00:00Z
China,CN,Jiangxi,,,27.61,115.72,935,confirmed,2020-03-16T00:00:00Z
China,CN,Jilin,,,43.67,126.19,93,confirmed,2020-03-16T00:00:00Z
China,CN,Liaoning,,,41.3,122.61,125,confirmed,2020-03-16T00:00:00Z
China,CN,Macau,,,22.17,113.55,11,confirmed,2020-03-16T00:00:00Z
China,CN,Ningxia,,,37.27,106.17,75,confirmed,2020-03-16T00:00:00Z
China,CN,Qinghai,,,35.75,96,18,confirmed,2020-03-16T00:00:00Z
China,CN,Shaanxi,,,35.19,108.87,245,confirmed,2020-03-16T00:00:00Z
China,CN,Shandong,,,36.34,118.15,760,confirmed,2020-03-16T00:00:00Z
China,CN,Shanghai,,,31.2,121.45,355,confirmed,2020-03-16T00:00:00Z
China,CN,Shanxi,,,37.58,112.29,133,confirmed,2020-03-16T00:00:00Z
China,CN,Sichuan,,,30.62,102.71,539,confirmed,2020-03-16T00:00:00Z
China,CN,Tianjin,,,39.31,117.32,136,confirmed,2020-03-16T00:00:00Z
China,CN,Tibet,,,31.69,88.09,1,confirmed,2020-03-16T00:00:00Z
China,CN,Xinjiang,,,41.11,85.24,76,confirmed,2020-03-16T00:00:00Z
China,CN,Yunnan,,,24.97,101.49,176,confirmed,2020-03-16T00:00:00Z
China,CN,Zhejiang,,,29.18,120.09,1231,confirmed,2020-03-16T00:00:00Z
China,CN,Anhui,,,31.83,117.23,990,confirmed,2020-03-17T00:00:00Z
China,CN,Beijing,,,40.18,116.41,456,confirmed,2020-03-17T00:00:00Z
China,CN,Chongqing,,,30.06,107.87,576,confirmed,2020-03-17T00:00:00Z
China,CN,Fujian,,,26.08,117.99,296,confirmed,2020-03-17T00:00:00Z
China,CN,Gansu,,,37.81,101.06,133,confirmed,2020-03-17T00:00:00Z
China,CN,Guangdong,,,23.34,113.42,1364,confirmed,2020-03-17T00:00:00Z
China,CN,Guangxi,,,23.83,108.79,253,confirmed,2020-03-17T00:00:00Z
China,CN,Guizhou,,,26.82,106.87,147,confirmed,2020-03-17T00:00:00Z
China,CN,Hainan,,,19.2,109.75,168,confirmed,2020-03-17T00:00:00Z
China,CN,Hebei,,,39.55,116.13,318,confirmed,2020-03-17T00:00:00Z
China,CN,Heilongjiang,,,47.86,127.76,482,confirmed,2020-03-17T00:00:00Z
China,CN,Henan,,,33.88,113.61,1273,confirmed,2020-03-17T00:00:00Z
China,CN,Hong Kong,,,22.3,114.2,162,confirmed,2020-03-17T00:00:00Z
China,CN,Hubei,,,30.98,112.27,67799,confirmed,2020-03-17T00:00:00Z
China,CN,Hunan,,,27.61,111.71,1018,confirmed,2020-03-17T00:00:00Z
China,CN,Inner Mongolia,,,44.09,113.94,75,confirmed,2020-03-17T00:00:00Z
China,CN,Jiangsu,,,32.97,119.46,631,confirmed,2020-03-17T00:00:00Z
China,CN,Jiangxi,,,27.61,115.72,935,confirmed,2020-03-17T00:00:00Z
China,CN,Jilin,,,43.67,126.19,93,confirmed,2020-03-17T00:00:00Z
China,CN,Liaoning,,,41.3,122.61,125,confirmed,2020-03-17T00:00:00Z
China,CN,Macau,,,22.17,113.55,12,confirmed,2020-03-17T00:00:00Z
China,CN,Ningxia,,,37.27,106.17,75,confirmed,2020-03-17T00:00:00Z
China,CN,Qinghai,,,35.75,96,18,confirmed,2020-03-17T00:00:00Z
China,CN,Shaanxi,,,35.19,108.87,246,confirmed,2020-03-17T00:00:00Z
China,CN,Shandong,,,36.34,118.15,761,confirmed,2020-03-17T00:00:00Z
China,CN,Shanghai,,,31.2,121.45,358,confirmed,2020-03-17T00:00:00Z
China,CN,Shanxi,,,37.58,112.29,133,confirmed,2020-03-17T00:00:00Z
China,CN,Sichuan,,,30.62,102.71,540,confirmed,2020-03-17T00:00:00Z
China,CN,Tianjin,,,39.31,117.32,136,confirmed,2020-03-17T00:00:00Z
China,CN,Tibet,,,31.69,88.09,1,confirmed,2020-03-17T00:00:00Z
China,CN,Xinjiang,,,41.11,85.24,76,confirmed,2020-03-17T00:00:00Z
China,CN,Yunnan,,,24.97,101.49,176,confirmed,2020-03-17T00:00:00Z
China,CN,Zhejiang,,,29.18,120.09,1232,confirmed,2020-03-17T00:00:00Z
China,CN,Anhui,,,31.83,117.23,990,confirmed,2020-03-18T00:00:00Z
China,CN,Beijing,,,40.18,116.41,469,confirmed,2020-03-18T00:00:00Z
China,CN,Chongqing,,,30.06,107.87,576,confirmed,2020-03-18T00:00:00Z
China,CN,Fujian,,,26.08,117.99,296,confirmed,2020-03-18T00:00:00Z
China,CN,Gansu,,,37.81,101.06,133,confirmed,2020-03-18T00:00:00Z
China,CN,Guangdong,,,23.34,113.42,1370,confirmed,2020-03-18T00:00:00Z
China,CN,Guangxi,,,23.83,108.79,253,confirmed,2020-03-18T00:00:00Z
China,CN,Guizhou,,,26.82,106.87,146,confirmed,2020-03-18T00:00:00Z
China,CN,Hainan,,,19.2,109.75,168,confirmed,2020-03-18T00:00:00Z
China,CN,Hebei,,,39.55,116.13,318,confirmed,2020-03-18T00:00:00Z
China,CN,Heilongjiang,,,47.86,127.76,482,confirmed,2020-03-18T00:00:00Z
China,CN,Henan,,,33.88,113.61,1273,confirmed,2020-03-18T00:00:00Z
China,CN,Hong Kong,,,22.3,114.2,181,confirmed,2020-03-18T00:00:00Z
China,CN,Hubei,,,30.98,112.27,67800,confirmed,2020-03-18T00:00:00Z
China,CN,Hunan,,,27.61,111.71,1018,confirmed,2020-03-18T00:00:00Z
China,CN,Inner Mongolia,,,44.09,113.94,75,confirmed,2020-03-18T00:00:00Z
China,CN,Jiangsu,,,32.97,119.46,631,confirmed,2020-03-18T00:00:00Z
China,CN,Jiangxi,,,27.61,115.72,935,confirmed,2020-03-18T00:00:00Z
China,CN,Jilin,,,43.67,126.19,93,confirmed,2020-03-18T00:00:00Z
China,CN,Liaoning,,,41.3,122.61,125,confirmed,2020-03-18T00:00:00Z
China,CN,Macau,,,22.17,113.55,15,confirmed,2020-03-18T00:00:00Z
China,CN,Ningxia,,,37.27,106.17,75,confirmed,2020-03-18T00:00:00Z
China,CN,Qinghai,,,35.75,96,18,confirmed,2020-03-18T00:00:00Z
China,CN,Shaanxi,,,35.19,108.87,246,confirmed,2020-03-18T00:00:00Z
China,CN,Shandong,,,36.34,118.15,761,confirmed,2020-03-18T00:00:00Z
China,CN,Shanghai,,,31.2,121.45,361,confirmed,2020-03-18T00:00:00Z
China,CN,Shanxi,,,37.58,112.29,133,confirmed,2020-03-18T00:00:00Z
China,CN,Sichuan,,,30.62,102.71,540,confirmed,2020-03-18T00:00:00Z
China,CN,Tianjin,,,39.31,117.32,136,confirmed,2020-03-18T00:00:00Z
China,CN,Tibet,,,31.69,88.09,1,confirmed,2020-03-18T00:00:00Z
China,CN,Xinjiang,,,41.11,85.24,76,confirmed,2020-03-18T00:00:00Z
China,CN,Yunnan,,,24.97,101.49,176,confirmed,2020-03-18T00:00:00Z
China,CN,Zhejiang,,,29.18,120.09,1232,confirmed,2020-03-18T00:00:00Z
China,CN,Anhui,,,31.83,117.23,990,confirmed,2020-03-19T00:00:00Z
China,CN,Beijing,,,40.18,116.41,480,confirmed,2020-03-19T00:00:00Z
China,CN,Chongqing,,,30.06,107.87,576,confirmed,2020-03-19T00:00:00Z
China,CN,Fujian,,,26.08,117.99,296,confirmed,2020-03-19T00:00:00Z
China,CN,Gansu,,,37.81,101.06,134,confirmed,2020-03-19T00:00:00Z
China,CN,Guangdong,,,23.34,113.42,1378,confirmed,2020-03-19T00:00:00Z
China,CN,Guangxi,,,23.83,108.79,253,confirmed,2020-03-19T00:00:00Z
China,CN,Guizhou,,,26.82,106.87,146,confirmed,2020-03-19T00:00:00Z
China,CN,Hainan,,,19.2,109.75,168,confirmed,2020-03-19T00:00:00Z
China,CN,Hebei,,,39.55,116.13,318,confirmed,2020-03-19T00:00:00Z
China,CN,Heilongjiang,,,47.86,127.76,483,confirmed,2020-03-19T00:00:00Z
China,CN,Henan,,,33.88,113.61,1273,confirmed,2020-03-19T00:00:00Z
China,CN,Hong Kong,,,22.3,114.2,208,confirmed,2020-03-19T00:00:00Z
China,CN,Hubei,,,30.98,112.27,67800,confirmed,2020-03-19T00:00:00Z
China,CN,Hunan,,,27.61,111.71,1018,confirmed,2020-03-19T00:00:00Z
China,CN,Inner Mongolia,,,44.09,113.94,75,confirmed,2020-03-19T00:00:00Z
China,CN,Jiangsu,,,32.97,119.46,631,confirmed,2020-03-19T00:00:00Z
China,CN,Jiangxi,,,27.61,115.72,935,confirmed,2020-03-19T00:00:00Z
China,CN,Jilin,,,43.67,126.19,93,confirmed,2020-03-19T00:00:00Z
China,CN,Liaoning,,,41.3,122.61,125,confirmed,2020-03-19T00:00:00Z
China,CN,Macau,,,22.17,113.55,17,confirmed,2020-03-19T00:00:00Z
China,CN,Ningxia,,,37.27,106.17,75,confirmed,2020-03-19T00:00:00Z
China,CN,Qinghai,,,35.75,96,18,confirmed,2020-03-19T00:00:00Z
China,CN,Shaanxi,,,35.19,108.87,246,confirmed,2020-03-19T00:00:00Z
China,CN,Shandong,,,36.34,118.15,761,confirmed,2020-03-19T00:00:00Z
China,CN,Shanghai,,,31.2,121.45,363,confirmed,2020-03-19T00:00:00Z
China,CN,Shanxi,,,37.58,112.29,133,confirmed,2020-03-19T00:00:00Z
China,CN,Sichuan,,,30.62,102.71,540,confirmed,2020-03-19T00:00:00Z
China,CN,Tianjin,,,39.31,117.32,137,confirmed,2020-03-19T00:00:00Z
China,CN,Tibet,,,31.69,88.09,1,confirmed,2020-03-19T00:00:00Z
China,CN,Xinjiang,,,41.11,85.24,76,confirmed,2020-03-19T00:00:00Z
China,CN,Yunnan,,,24.97,101.49,176,confirmed,2020-03-19T00:00:00Z
China,CN,Zhejiang,,,29.18,120.09,1233,confirmed,2020-03-19T00:00:00Z
China,CN,Anhui,,,31.83,117.23,990,confirmed,2020-03-20T00:00:00Z
China,CN,Beijing,,,40.18,116.41,491,confirmed,2020-03-20T00:00:00Z
China,CN,Chongqing,,,30.06,107.87,576,confirmed,2020-03-20T00:00:00Z
China,CN,Fujian,,,26.08,117.99,299,confirmed,2020-03-20T00:00:00Z
China,CN,Gansu,,,37.81,101.06,134,confirmed,2020-03-20T00:00:00Z
China,CN,Guangdong,,,23.34,113.42,1395,confirmed,2020-03-20T00:00:00Z
China,CN,Guangxi,,,23.83,108.79,254,confirmed,2020-03-20T00:00:00Z
China,CN,Guizhou,,,26.82,106.87,146,confirmed,2020-03-20T00:00:00Z
China,CN,Hainan,,,19.2,109.75,168,confirmed,2020-03-20T00:00:00Z
China,CN,Hebei,,,39.55,116.13,318,confirmed,2020-03-20T00:00:00Z
China,CN,Heilongjiang,,,47.86,127.76,484,confirmed,2020-03-20T00:00:00Z
China,CN,Henan,,,33.88,113.61,1273,confirmed,2020-03-20T00:00:00Z
China,CN,Hong Kong,,,22.3,114.2,256,confirmed,2020-03-20T00:00:00Z
China,CN,Hubei,,,30.98,112.27,67800,confirmed,2020-03-20T00:00:00Z
China,CN,Hunan,,,27.61,111.71,1018,confirmed,2020-03-20T00:00:00Z
China,CN,Inner Mongolia,,,44.09,113.94,75,confirmed,2020-03-20T00:00:00Z
China,CN,Jiangsu,,,32.97,119.46,631,confirmed,2020-03-20T00:00:00Z
China,CN,Jiangxi,,,27.61,115.72,935,confirmed,2020-03-20T00:00:00Z
China,CN,Jilin,,,43.67,126.19,93,confirmed,2020-03-20T00:00:00Z
China,CN,Liaoning,,,41.3,122.61,126,confirmed,2020-03-20T00:00:00Z
China,CN,Macau,,,22.17,113.55,17,confirmed,2020-03-20T00:00:00Z
China,CN,Ningxia,,,37.27,106.17,75,confirmed,2020-03-20T00:00:00Z
China,CN,Qinghai,,,35.75,96,18,confirmed,2020-03-20T00:00:00Z
China,CN,Shaanxi,,,35.19,108.87,247,confirmed,2020-03-20T00:00:00Z
China,CN,Shandong,,,36.34,118.15,762,confirmed,2020-03-20T00:00:00Z
China,CN,Shanghai,,,31.2,121.45,371,confirmed,2020-03-20T00:00:00Z
China,CN,Shanxi,,,37.58,112.29,133,confirmed,2020-03-20T00:00:00Z
China,CN,Sichuan,,,30.62,102.71,541,confirmed,2020-03-20T00:00:00Z
China,CN,Tianjin,,,39.31,117.32,137,confirmed,2020-03-20T00:00:00Z
China,CN,Tibet,,,31.69,88.09,1,confirmed,2020-03-20T00:00:00Z
China,CN,Xinjiang,,,41.11,85.24,76,confirmed,2020-03-20T00:00:00Z
China,CN,Yunnan,,,24.97,101.49,176,confirmed,2020-03-20T00:00:00Z
China,CN,Zhejiang,,,29.18,120.09,1234,confirmed,2020-03-20T00:00:00Z
China,CN,Anhui,,,31.83,117.23,990,confirmed,2020-03-21T00:00:00Z
China,CN,Beijing,,,40.18,116.41,504,confirmed,2020-03-21T00:00:00Z
China,CN,Chongqing,,,30.06,107.87,576,confirmed,2020-03-21T00:00:00Z
China,CN,Fujian,,,26.08,117.99,303,confirmed,2020-03-21T00:00:00Z
China,CN,Gansu,,,37.81,101.06,134,confirmed,2020-03-21T00:00:00Z
China,CN,Guangdong,,,23.34,113.42,1400,confirmed,2020-03-21T00:00:00Z
China,CN,Guangxi,,,23.83,108.79,254,confirmed,2020-03-21T00:00:00Z
China,CN,Guizhou,,,26.82,106.87,146,confirmed,2020-03-21T00:00:00Z
China,CN,Hainan,,,19.2,109.75,168,confirmed,2020-03-21T00:00:00Z
China,CN,Hebei,,,39.55,116.13,318,confirmed,2020-03-21T00:00:00Z
China,CN,Heilongjiang,,,47.86,127.76,484,confirmed,2020-03-21T00:00:00Z
China,CN,Henan,,,33.88,113.61,1273,confirmed,2020-03-21T00:00:00Z
China,CN,Hong Kong,,,22.3,114.2,273,confirmed,2020-03-21T00:00:00Z
China,CN,Hubei,,,30.98,112.27,67800,confirmed,2020-03-21T00:00:00Z
China,CN,Hunan,,,27.61,111.71,1018,confirmed,2020-03-21T00:00:00Z
China,CN,Inner Mongolia,,,44.09,113.94,75,confirmed,2020-03-21T00:00:00Z
China,CN,Jiangsu,,,32.97,119.46,631,confirmed,2020-03-21T00:00:00Z
China,CN,Jiangxi,,,27.61,115.72,935,confirmed,2020-03-21T00:00:00Z
China,CN,Jilin,,,43.67,126.19,93,confirmed,2020-03-21T00:00:00Z
China,CN,Liaoning,,,41.3,122.61,126,confirmed,2020-03-21T00:00:00Z
China,CN,Macau,,,22.17,113.55,18,confirmed,2020-03-21T00:00:00Z
China,CN,Ningxia,,,37.27,106.17,75,confirmed,2020-03-21T00:00:00Z
China,CN,Qinghai,,,35.75,96,18,confirmed,2020-03-21T00:00:00Z
China,CN,Shaanxi,,,35.19,108.87,248,confirmed,2020-03-21T00:00:00Z
China,CN,Shandong,,,36.34,118.15,764,confirmed,2020-03-21T00:00:00Z
China,CN,Shanghai,,,31.2,121.45,380,confirmed,2020-03-21T00:00:00Z
China,CN,Shanxi,,,37.58,112.29,133,confirmed,2020-03-21T00:00:00Z
China,CN,Sichuan,,,30.62,102.71,542,confirmed,2020-03-21T00:00:00Z
China,CN,Tianjin,,,39.31,117.32,137,confirmed,2020-03-21T00:00:00Z
China,CN,Tibet,,,31.69,88.09,1,confirmed,2020-03-21T00:00:00Z
China,CN,Xinjiang,,,41.11,85.24,76,confirmed,2020-03-21T00:00:00Z
China,CN,Yunnan,,,24.97,101.49,176,confirmed,2020-03-21T00:00:00Z
China,CN,Zhejiang,,,29.18,120.09,1236,confirmed,2020-03-21T00:00:00Z
China,CN,Anhui,,,31.83,117.23,990,confirmed,2020-03-22T00:00:00Z
China,CN,Beijing,,,40.18,116.41,522,confirmed,2020-03-22T00:00:00Z
China,CN,Chongqing,,,30.06,107.87,577,confirmed,2020-03-22T00:00:00Z
China,CN,Fujian,,,26.08,117.99,313,confirmed,2020-03-22T00:00:00Z
China,CN,Gansu,,,37.81,101.06,136,confirmed,2020-03-22T00:00:00Z
China,CN,Guangdong,,,23.34,113.42,1413,confirmed,2020-03-22T00:00:00Z
China,CN,Guangxi,,,23.83,108.79,254,confirmed,2020-03-22T00:00:00Z
China,CN,Guizhou,,,26.82,106.87,146,confirmed,2020-03-22T00:00:00Z
China,CN,Hainan,,,19.2,109.75,168,confirmed,2020-03-22T00:00:00Z
China,CN,Hebei,,,39.55,116.13,319,confirmed,2020-03-22T00:00:00Z
China,CN,Heilongjiang,,,47.86,127.76,484,confirmed,2020-03-22T00:00:00Z
China,CN,Henan,,,33.88,113.61,1274,confirmed,2020-03-22T00:00:00Z
China,CN,Hong Kong,,,22.3,114.2,317,confirmed,2020-03-22T00:00:00Z
China,CN,Hubei,,,30.98,112.27,67800,confirmed,2020-03-22T00:00:00Z
China,CN,Hunan,,,27.61,111.71,1018,confirmed,2020-03-22T00:00:00Z
China,CN,Inner Mongolia,,,44.09,113.94,75,confirmed,2020-03-22T00:00:00Z
China,CN,Jiangsu,,,32.97,119.46,633,confirmed,2020-03-22T00:00:00Z
China,CN,Jiangxi,,,27.61,115.72,936,confirmed,2020-03-22T00:00:00Z
China,CN,Jilin,,,43.67,126.19,93,confirmed,2020-03-22T00:00:00Z
China,CN,Liaoning,,,41.3,122.61,127,confirmed,2020-03-22T00:00:00Z
China,CN,Macau,,,22.17,113.55,24,confirmed,2020-03-22T00:00:00Z
China,CN,Ningxia,,,37.27,106.17,75,confirmed,2020-03-22T00:00:00Z
China,CN,Qinghai,,,35.75,96,18,confirmed,2020-03-22T00:00:00Z
China,CN,Shaanxi,,,35.19,108.87,248,confirmed,2020-03-22T00:00:00Z
China,CN,Shandong,,,36.34,118.15,767,confirmed,2020-03-22T00:00:00Z
China,CN,Shanghai,,,31.2,121.45,404,confirmed,2020-03-22T00:00:00Z
China,CN,Shanxi,,,37.58,112.29,133,confirmed,2020-03-22T00:00:00Z
China,CN,Sichuan,,,30.62,102.71,543,confirmed,2020-03-22T00:00:00Z
China,CN,Tianjin,,,39.31,117.32,137,confirmed,2020-03-22T00:00:00Z
China,CN,Tibet,,,31.69,88.09,1,confirmed,2020-03-22T00:00:00Z
China,CN,Xinjiang,,,41.11,85.24,76,confirmed,2020-03-22T00:00:00Z
China,CN,Yunnan,,,24.97,101.49,176,confirmed,2020-03-22T00:00:00Z
China,CN,Zhejiang,,,29.18,120.09,1238,confirmed,2020-03-22T00:00:00Z
China,CN,Anhui,,,31.83,117.23,990,confirmed,2020-03-23T00:00:00Z
China,CN,Beijing,,,40.18,116.41,537,confirmed,2020-03-23T00:00:00Z
China,CN,Chongqing,,,30.06,107.87,578,confirmed,2020-03-23T00:00:00Z
China,CN,Fujian,,,26.08,117.99,313,confirmed,2020-03-23T00:00:00Z
China,CN,Gansu,,,37.81,101.06,136,confirmed,2020-03-23T00:00:00Z
China,CN,Guangdong,,,23.34,113.42,1415,confirmed,2020-03-23T00:00:00Z
China,CN,Guangxi,,,23.83,108.79,254,confirmed,2020-03-23T00:00:00Z
China,CN,Guizhou,,,26.82,106.87,146,confirmed,2020-03-23T00:00:00Z
China,CN,Hainan,,,19.2,109.75,168,confirmed,2020-03-23T00:00:00Z
China,CN,Hebei,,,39.55,116.13,319,confirmed,2020-03-23T00:00:00Z
China,CN,Heilongjiang,,,47.86,127.76,484,confirmed,2020-03-23T00:00:00Z
China,CN,Henan,,,33.88,113.61,1274,confirmed,2020-03-23T00:00:00Z
China,CN,Hong Kong,,,22.3,114.2,356,confirmed,2020-03-23T00:00:00Z
China,CN,Hubei,,,30.98,112.27,67800,confirmed,2020-03-23T00:00:00Z
China,CN,Hunan,,,27.61,111.71,1018,confirmed,2020-03-23T00:00:00Z
China,CN,Inner Mongolia,,,44.09,113.94,75,confirmed,2020-03-23T00:00:00Z
China,CN,Jiangsu,,,32.97,119.46,633,confirmed,2020-03-23T00:00:00Z
China,CN,Jiangxi,,,27.61,115.72,936,confirmed,2020-03-23T00:00:00Z
China,CN,Jilin,,,43.67,126.19,93,confirmed,2020-03-23T00:00:00Z
China,CN,Liaoning,,,41.3,122.61,127,confirmed,2020-03-23T00:00:00Z
China,CN,Macau,,,22.17,113.55,24,confirmed,2020-03-23T00:00:00Z
China,CN,Ningxia,,,37.27,106.17,75,confirmed,2020-03-23T00:00:00Z
China,CN,Qinghai,,,35.75,96,18,confirmed,2020-03-23T00:00:00Z
China,CN,Shaanxi,,,35.19,108.87,248,confirmed,2020-03-23T00:00:00Z
China,CN,Shandong,,,36.34,118.15,768,confirmed,2020-03-23T00:00:00Z
China,CN,Shanghai,,,31.2,121.45,404,confirmed,2020-03-23T00:00:00Z
China,CN,Shanxi,,,37.58,112.29,134,confirmed,2020-03-23T00:00:00Z
China,CN,Sichuan,,,30.62,102.71,543,confirmed,2020-03-23T00:00:00Z
China,CN,Tianjin,,,39.31,117.32,141,confirmed,2020-03-23T00:00:00Z
China,CN,Tibet,,,31.69,88.09,1,confirmed,2020-03-23T00:00:00Z
China,CN,Xinjiang,,,41.11,85.24,76,confirmed,2020-03-23T00:00:00Z
China,CN,Yunnan,,,24.97,101.49,176,confirmed,2020-03-23T00:00:00Z
China,CN,Zhejiang,,,29.18,120.09,1238,confirmed,2020-03-23T00:00:00Z
China,CN,Anhui,,,31.83,117.23,990,confirmed,2020-03-24T00:00:00Z
China,CN,Beijing,,,40.18,116.41,558,confirmed,2020-03-24T00:00:00Z
China,CN,Chongqing,,,30.06,107.87,578,confirmed,2020-03-24T00:00:00Z
China,CN,Fujian,,,26.08,117.99,318,confirmed,2020-03-24T00:00:00Z
China,CN,Gansu,,,37.81,101.06,136,confirmed,2020-03-24T00:00:00Z
China,CN,Guangdong,,,23.34,113.42,1428,confirmed,2020-03-24T00:00:00Z
China,CN,Guangxi,,,23.83,108.79,254,confirmed,2020-03-24T00:00:00Z
China,CN,Guizhou,,,26.82,106.87,146,confirmed,2020-03-24T00:00:00Z
China,CN,Hainan,,,19.2,109.75,168,confirmed,2020-03-24T00:00:00Z
China,CN,Hebei,,,39.55,116.13,319,confirmed,2020-03-24T00:00:00Z
China,CN,Heilongjiang,,,47.86,127.76,484,confirmed,2020-03-24T00:00:00Z
China,CN,Henan,,,33.88,113.61,1274,confirmed,2020-03-24T00:00:00Z
China,CN,Hong Kong,,,22.3,114.2,386,confirmed,2020-03-24T00:00:00Z
China,CN,Hubei,,,30.98,112.27,67801,confirmed,2020-03-24T00:00:00Z
China,CN,Hunan,,,27.61,111.71,1018,confirmed,2020-03-24T00:00:00Z
China,CN,Inner Mongolia,,,44.09,113.94,75,confirmed,2020-03-24T00:00:00Z
China,CN,Jiangsu,,,32.97,119.46,636,confirmed,2020-03-24T00:00:00Z
China,CN,Jiangxi,,,27.61,115.72,936,confirmed,2020-03-24T00:00:00Z
China,CN,Jilin,,,43.67,126.19,93,confirmed,2020-03-24T00:00:00Z
China,CN,Liaoning,,,41.3,122.61,127,confirmed,2020-03-24T00:00:00Z
China,CN,Macau,,,22.17,113.55,25,confirmed,2020-03-24T00:00:00Z
China,CN,Ningxia,,,37.27,106.17,75,confirmed,2020-03-24T00:00:00Z
China,CN,Qinghai,,,35.75,96,18,confirmed,2020-03-24T00:00:00Z
China,CN,Shaanxi,,,35.19,108.87,249,confirmed,2020-03-24T00:00:00Z
China,CN,Shandong,,,36.34,118.15,768,confirmed,2020-03-24T00:00:00Z
China,CN,Shanghai,,,31.2,121.45,414,confirmed,2020-03-24T00:00:00Z
China,CN,Shanxi,,,37.58,112.29,134,confirmed,2020-03-24T00:00:00Z
China,CN,Sichuan,,,30.62,102.71,545,confirmed,2020-03-24T00:00:00Z
China,CN,Tianjin,,,39.31,117.32,145,confirmed,2020-03-24T00:00:00Z
China,CN,Tibet,,,31.69,88.09,1,confirmed,2020-03-24T00:00:00Z
China,CN,Xinjiang,,,41.11,85.24,76,confirmed,2020-03-24T00:00:00Z
China,CN,Yunnan,,,24.97,101.49,176,confirmed,2020-03-24T00:00:00Z
China,CN,Zhejiang,,,29.18,120.09,1240,confirmed,2020-03-24T00:00:00Z
China,CN,Anhui,,,31.83,117.23,990,confirmed,2020-03-25T00:00:00Z
China,CN,Beijing,,,40.18,116.41,561,confirmed,2020-03-25T00:00:00Z
China,CN,Chongqing,,,30.06,107.87,578,confirmed,2020-03-25T00:00:00Z
China,CN,Fujian,,,26.08,117.99,322,confirmed,2020-03-25T00:00:00Z
China,CN,Gansu,,,37.81,101.06,136,confirmed,2020-03-25T00:00:00Z
China,CN,Guangdong,,,23.34,113.42,1433,confirmed,2020-03-25T00:00:00Z
China,CN,Guangxi,,,23.83,108.79,254,confirmed,2020-03-25T00:00:00Z
China,CN,Guizhou,,,26.82,106.87,146,confirmed,2020-03-25T00:00:00Z
China,CN,Hainan,,,19.2,109.75,168,confirmed,2020-03-25T00:00:00Z
China,CN,Hebei,,,39.55,116.13,319,confirmed,2020-03-25T00:00:00Z
China,CN,Heilongjiang,,,47.86,127.76,484,confirmed,2020-03-25T00:00:00Z
China,CN,Henan,,,33.88,113.61,1274,confirmed,2020-03-25T00:00:00Z
China,CN,Hong Kong,,,22.3,114.2,410,confirmed,2020-03-25T00:00:00Z
China,CN,Hubei,,,30.98,112.27,67801,confirmed,2020-03-25T00:00:00Z
China,CN,Hunan,,,27.61,111.71,1018,confirmed,2020-03-25T00:00:00Z
China,CN,Inner Mongolia,,,44.09,113.94,77,confirmed,2020-03-25T00:00:00Z
China,CN,Jiangsu,,,32.97,119.46,638,confirmed,2020-03-25T00:00:00Z
China,CN,Jiangxi,,,27.61,115.72,936,confirmed,2020-03-25T00:00:00Z
China,CN,Jilin,,,43.67,126.19,94,confirmed,2020-03-25T00:00:00Z
China,CN,Liaoning,,,41.3,122.61,127,confirmed,2020-03-25T00:00:00Z
China,CN,Macau,,,22.17,113.55,30,confirmed,2020-03-25T00:00:00Z
China,CN,Ningxia,,,37.27,106.17,75,confirmed,2020-03-25T00:00:00Z
China,CN,Qinghai,,,35.75,96,18,confirmed,2020-03-25T00:00:00Z
China,CN,Shaanxi,,,35.19,108.87,250,confirmed,2020-03-25T00:00:00Z
China,CN,Shandong,,,36.34,118.15,769,confirmed,2020-03-25T00:00:00Z
China,CN,Shanghai,,,31.2,121.45,433,confirmed,2020-03-25T00:00:00Z
China,CN,Shanxi,,,37.58,112.29,134,confirmed,2020-03-25T00:00:00Z
China,CN,Sichuan,,,30.62,102.71,547,confirmed,2020-03-25T00:00:00Z
China,CN,Tianjin,,,39.31,117.32,145,confirmed,2020-03-25T00:00:00Z
China,CN,Tibet,,,31.69,88.09,1,confirmed,2020-03-25T00:00:00Z
China,CN,Xinjiang,,,41.11,85.24,76,confirmed,2020-03-25T00:00:00Z
China,CN,Yunnan,,,24.97,101.49,176,confirmed,2020-03-25T00:00:00Z
China,CN,Zhejiang,,,29.18,120.09,1241,confirmed,2020-03-25T00:00:00Z
China,CN,Anhui,,,31.83,117.23,990,confirmed,2020-03-26T00:00:00Z
China,CN,Beijing,,,40.18,116.41,566,confirmed,2020-03-26T00:00:00Z
China,CN,Chongqing,,,30.06,107.87,578,confirmed,2020-03-26T00:00:00Z
China,CN,Fujian,,,26.08,117.99,328,confirmed,2020-03-26T00:00:00Z
China,CN,Gansu,,,37.81,101.06,136,confirmed,2020-03-26T00:00:00Z
China,CN,Guangdong,,,23.34,113.42,1448,confirmed,2020-03-26T00:00:00Z
China,CN,Guangxi,,,23.83,108.79,254,confirmed,2020-03-26T00:00:00Z
China,CN,Guizhou,,,26.82,106.87,146,confirmed,2020-03-26T00:00:00Z
China,CN,Hainan,,,19.2,109.75,168,confirmed,2020-03-26T00:00:00Z
China,CN,Hebei,,,39.55,116.13,319,confirmed,2020-03-26T00:00:00Z
China,CN,Heilongjiang,,,47.86,127.76,484,confirmed,2020-03-26T00:00:00Z
China,CN,Henan,,,33.88,113.61,1275,confirmed,2020-03-26T00:00:00Z
China,CN,Hong Kong,,,22.3,114.2,453,confirmed,2020-03-26T00:00:00Z
China,CN,Hubei,,,30.98,112.27,67801,confirmed,2020-03-26T00:00:00Z
China,CN,Hunan,,,27.61,111.71,1018,confirmed,2020-03-26T00:00:00Z
China,CN,Inner Mongolia,,,44.09,113.94,89,confirmed,2020-03-26T00:00:00Z
China,CN,Jiangsu,,,32.97,119.46,640,confirmed,2020-03-26T00:00:00Z
China,CN,Jiangxi,,,27.61,115.72,936,confirmed,2020-03-26T00:00:00Z
China,CN,Jilin,,,43.67,126.19,95,confirmed,2020-03-26T00:00:00Z
China,CN,Liaoning,,,41.3,122.61,128,confirmed,2020-03-26T00:00:00Z
China,CN,Macau,,,22.17,113.55,31,confirmed,2020-03-26T00:00:00Z
China,CN,Ningxia,,,37.27,106.17,75,confirmed,2020-03-26T00:00:00Z
China,CN,Qinghai,,,35.75,96,18,confirmed,2020-03-26T00:00:00Z
China,CN,Shaanxi,,,35.19,108.87,253,confirmed,2020-03-26T00:00:00Z
China,CN,Shandong,,,36.34,118.15,771,confirmed,2020-03-26T00:00:00Z
China,CN,Shanghai,,,31.2,121.45,451,confirmed,2020-03-26T00:00:00Z
China,CN,Shanxi,,,37.58,112.29,135,confirmed,2020-03-26T00:00:00Z
China,CN,Sichuan,,,30.62,102.71,547,confirmed,2020-03-26T00:00:00Z
China,CN,Tianjin,,,39.31,117.32,151,confirmed,2020-03-26T00:00:00Z
China,CN,Tibet,,,31.69,88.09,1,confirmed,2020-03-26T00:00:00Z
China,CN,Xinjiang,,,41.11,85.24,76,confirmed,2020-03-26T00:00:00Z
China,CN,Yunnan,,,24.97,101.49,178,confirmed,2020-03-26T00:00:00Z
China,CN,Zhejiang,,,29.18,120.09,1243,confirmed,2020-03-26T00:00:00Z
China,CN,Anhui,,,31.83,117.23,990,confirmed,2020-03-27T00:00:00Z
China,CN,Beijing,,,40.18,116.41,569,confirmed,2020-03-27T00:00:00Z
China,CN,Chongqing,,,30.06,107.87,578,confirmed,2020-03-27T00:00:00Z
China,CN,Fujian,,,26.08,117.99,331,confirmed,2020-03-27T00:00:00Z
China,CN,Gansu,,,37.81,101.06,136,confirmed,2020-03-27T00:00:00Z
China,CN,Guangdong,,,23.34,113.42,1456,confirmed,2020-03-27T00:00:00Z
China,CN,Guangxi,,,23.83,108.79,254,confirmed,2020-03-27T00:00:00Z
China,CN,Guizhou,,,26.82,106.87,146,confirmed,2020-03-27T00:00:00Z
China,CN,Hainan,,,19.2,109.75,168,confirmed,2020-03-27T00:00:00Z
China,CN,Hebei,,,39.55,116.13,319,confirmed,2020-03-27T00:00:00Z
China,CN,Heilongjiang,,,47.86,127.76,484,confirmed,2020-03-27T00:00:00Z
China,CN,Henan,,,33.88,113.61,1275,confirmed,2020-03-27T00:00:00Z
China,CN,Hong Kong,,,22.3,114.2,519,confirmed,2020-03-27T00:00:00Z
China,CN,Hubei,,,30.98,112.27,67801,confirmed,2020-03-27T00:00:00Z
China,CN,Hunan,,,27.61,111.71,1018,confirmed,2020-03-27T00:00:00Z
China,CN,Inner Mongolia,,,44.09,113.94,92,confirmed,2020-03-27T00:00:00Z
China,CN,Jiangsu,,,32.97,119.46,641,confirmed,2020-03-27T00:00:00Z
China,CN,Jiangxi,,,27.61,115.72,936,confirmed,2020-03-27T00:00:00Z
China,CN,Jilin,,,43.67,126.19,95,confirmed,2020-03-27T00:00:00Z
China,CN,Liaoning,,,41.3,122.61,128,confirmed,2020-03-27T00:00:00Z
China,CN,Macau,,,22.17,113.55,33,confirmed,2020-03-27T00:00:00Z
China,CN,Ningxia,,,37.27,106.17,75,confirmed,2020-03-27T00:00:00Z
China,CN,Qinghai,,,35.75,96,18,confirmed,2020-03-27T00:00:00Z
China,CN,Shaanxi,,,35.19,108.87,253,confirmed,2020-03-27T00:00:00Z
China,CN,Shandong,,,36.34,118.15,772,confirmed,2020-03-27T00:00:00Z
China,CN,Shanghai,,,31.2,121.45,468,confirmed,2020-03-27T00:00:00Z
China,CN,Shanxi,,,37.58,112.29,135,confirmed,2020-03-27T00:00:00Z
China,CN,Sichuan,,,30.62,102.71,548,confirmed,2020-03-27T00:00:00Z
China,CN,Tianjin,,,39.31,117.32,155,confirmed,2020-03-27T00:00:00Z
China,CN,Tibet,,,31.69,88.09,1,confirmed,2020-03-27T00:00:00Z
China,CN,Xinjiang,,,41.11,85.24,76,confirmed,2020-03-27T00:00:00Z
China,CN,Yunnan,,,24.97,101.49,180,confirmed,2020-03-27T00:00:00Z
China,CN,Zhejiang,,,29.18,120.09,1247,confirmed,2020-03-27T00:00:00Z
China,CN,Anhui,,,31.83,117.23,990,confirmed,2020-03-28T00:00:00Z
China,CN,Beijing,,,40.18,116.41,573,confirmed,2020-03-28T00:00:00Z
China,CN,Chongqing,,,30.06,107.87,578,confirmed,2020-03-28T00:00:00Z
China,CN,Fujian,,,26.08,117.99,337,confirmed,2020-03-28T00:00:00Z
China,CN,Gansu,,,37.81,101.06,136,confirmed,2020-03-28T00:00:00Z
China,CN,Guangdong,,,23.34,113.42,1467,confirmed,2020-03-28T00:00:00Z
China,CN,Guangxi,,,23.83,108.79,254,confirmed,2020-03-28T00:00:00Z
China,CN,Guizhou,,,26.82,106.87,146,confirmed,2020-03-28T00:00:00Z
China,CN,Hainan,,,19.2,109.75,168,confirmed,2020-03-28T00:00:00Z
China,CN,Hebei,,,39.55,116.13,319,confirmed,2020-03-28T00:00:00Z
China,CN,Heilongjiang,,,47.86,127.76,484,confirmed,2020-03-28T00:00:00Z
China,CN,Henan,,,33.88,113.61,1275,confirmed,2020-03-28T00:00:00Z
China,CN,Hong Kong,,,22.3,114.2,561,confirmed,2020-03-28T00:00:00Z
China,CN,Hubei,,,30.98,112.27,67801,confirmed,2020-03-28T00:00:00Z
China,CN,Hunan,,,27.61,111.71,1018,confirmed,2020-03-28T00:00:00Z
China,CN,Inner Mongolia,,,44.09,113.94,94,confirmed,2020-03-28T00:00:00Z
China,CN,Jiangsu,,,32.97,119.46,641,confirmed,2020-03-28T00:00:00Z
China,CN,Jiangxi,,,27.61,115.72,936,confirmed,2020-03-28T00:00:00Z
China,CN,Jilin,,,43.67,126.19,97,confirmed,2020-03-28T00:00:00Z
China,CN,Liaoning,,,41.3,122.61,132,confirmed,2020-03-28T00:00:00Z
China,CN,Macau,,,22.17,113.55,37,confirmed,2020-03-28T00:00:00Z
China,CN,Ningxia,,,37.27,106.17,75,confirmed,2020-03-28T00:00:00Z
China,CN,Qinghai,,,35.75,96,18,confirmed,2020-03-28T00:00:00Z
China,CN,Shaanxi,,,35.19,108.87,253,confirmed,2020-03-28T00:00:00Z
China,CN,Shandong,,,36.34,118.15,772,confirmed,2020-03-28T00:00:00Z
China,CN,Shanghai,,,31.2,121.45,485,confirmed,2020-03-28T00:00:00Z
China,CN,Shanxi,,,37.58,112.29,135,confirmed,2020-03-28T00:00:00Z
China,CN,Sichuan,,,30.62,102.71,548,confirmed,2020-03-28T00:00:00Z
China,CN,Tianjin,,,39.31,117.32,161,confirmed,2020-03-28T00:00:00Z
China,CN,Tibet,,,31.69,88.09,1,confirmed,2020-03-28T00:00:00Z
China,CN,Xinjiang,,,41.11,85.24,76,confirmed,2020-03-28T00:00:00Z
China,CN,Yunnan,,,24.97,101.49,180,confirmed,2020-03-28T00:00:00Z
China,CN,Zhejiang,,,29.18,120.09,1251,confirmed,2020-03-28T00:00:00Z
China,CN,Anhui,,,31.83,117.23,990,confirmed,2020-03-29T00:00:00Z
China,CN,Beijing,,,40.18,116.41,577,confirmed,2020-03-29T00:00:00Z
China,CN,Chongqing,,,30.06,107.87,579,confirmed,2020-03-29T00:00:00Z
China,CN,Fujian,,,26.08,117.99,338,confirmed,2020-03-29T00:00:00Z
China,CN,Gansu,,,37.81,101.06,138,confirmed,2020-03-29T00:00:00Z
China,CN,Guangdong,,,23.34,113.42,1475,confirmed,2020-03-29T00:00:00Z
China,CN,Guangxi,,,23.83,108.79,254,confirmed,2020-03-29T00:00:00Z
China,CN,Guizhou,,,26.82,106.87,146,confirmed,2020-03-29T00:00:00Z
China,CN,Hainan,,,19.2,109.75,168,confirmed,2020-03-29T00:00:00Z
China,CN,Hebei,,,39.55,116.13,319,confirmed,2020-03-29T00:00:00Z
China,CN,Heilongjiang,,,47.86,127.76,484,confirmed,2020-03-29T00:00:00Z
China,CN,Henan,,,33.88,113.61,1276,confirmed,2020-03-29T00:00:00Z
China,CN,Hong Kong,,,22.3,114.2,641,confirmed,2020-03-29T00:00:00Z
China,CN,Hubei,,,30.98,112.27,67801,confirmed,2020-03-29T00:00:00Z
China,CN,Hunan,,,27.61,111.71,1018,confirmed,2020-03-29T00:00:00Z
China,CN,Inner Mongolia,,,44.09,113.94,95,confirmed,2020-03-29T00:00:00Z
China,CN,Jiangsu,,,32.97,119.46,644,confirmed,2020-03-29T00:00:00Z
China,CN,Jiangxi,,,27.61,115.72,937,confirmed,2020-03-29T00:00:00Z
China,CN,Jilin,,,43.67,126.19,98,confirmed,2020-03-29T00:00:00Z
China,CN,Liaoning,,,41.3,122.61,134,confirmed,2020-03-29T00:00:00Z
China,CN,Macau,,,22.17,113.55,37,confirmed,2020-03-29T00:00:00Z
China,CN,Ningxia,,,37.27,106.17,75,confirmed,2020-03-29T00:00:00Z
China,CN,Qinghai,,,35.75,96,18,confirmed,2020-03-29T00:00:00Z
China,CN,Shaanxi,,,35.19,108.87,253,confirmed,2020-03-29T00:00:00Z
China,CN,Shandong,,,36.34,118.15,772,confirmed,2020-03-29T00:00:00Z
China,CN,Shanghai,,,31.2,121.45,492,confirmed,2020-03-29T00:00:00Z
China,CN,Shanxi,,,37.58,112.29,136,confirmed,2020-03-29T00:00:00Z
China,CN,Sichuan,,,30.62,102.71,550,confirmed,2020-03-29T00:00:00Z
China,CN,Tianjin,,,39.31,117.32,166,confirmed,2020-03-29T00:00:00Z
China,CN,Tibet,,,31.69,88.09,1,confirmed,2020-03-29T00:00:00Z
China,CN,Xinjiang,,,41.11,85.24,76,confirmed,2020-03-29T00:00:00Z
China,CN,Yunnan,,,24.97,101.49,180,confirmed,2020-03-29T00:00:00Z
China,CN,Zhejiang,,,29.18,120.09,1254,confirmed,2020-03-29T00:00:00Z
China,CN,Anhui,,,31.83,117.23,990,confirmed,2020-03-30T00:00:00Z
China,CN,Beijing,,,40.18,116.41,577,confirmed,2020-03-30T00:00:00Z
China,CN,Chongqing,,,30.06,107.87,579,confirmed,2020-03-30T00:00:00Z
China,CN,Fujian,,,26.08,117.99,340,confirmed,2020-03-30T00:00:00Z
China,CN,Gansu,,,37.81,101.06,138,confirmed,2020-03-30T00:00:00Z
China,CN,Guangdong,,,23.34,113.42,1484,confirmed,2020-03-30T00:00:00Z
China,CN,Guangxi,,,23.83,108.79,254,confirmed,2020-03-30T00:00:00Z
China,CN,Guizhou,,,26.82,106.87,146,confirmed,2020-03-30T00:00:00Z
China,CN,Hainan,,,19.2,109.75,168,confirmed,2020-03-30T00:00:00Z
China,CN,Hebei,,,39.55,116.13,321,confirmed,2020-03-30T00:00:00Z
China,CN,Heilongjiang,,,47.86,127.76,484,confirmed,2020-03-30T00:00:00Z
China,CN,Henan,,,33.88,113.61,1276,confirmed,2020-03-30T00:00:00Z
China,CN,Hong Kong,,,22.3,114.2,682,confirmed,2020-03-30T00:00:00Z
China,CN,Hubei,,,30.98,112.27,67801,confirmed,2020-03-30T00:00:00Z
China,CN,Hunan,,,27.61,111.71,1018,confirmed,2020-03-30T00:00:00Z
China,CN,Inner Mongolia,,,44.09,113.94,97,confirmed,2020-03-30T00:00:00Z
China,CN,Jiangsu,,,32.97,119.46,645,confirmed,2020-03-30T00:00:00Z
China,CN,Jiangxi,,,27.61,115.72,937,confirmed,2020-03-30T00:00:00Z
China,CN,Jilin,,,43.67,126.19,98,confirmed,2020-03-30T00:00:00Z
China,CN,Liaoning,,,41.3,122.61,136,confirmed,2020-03-30T00:00:00Z
China,CN,Macau,,,22.17,113.55,38,confirmed,2020-03-30T00:00:00Z
China,CN,Ningxia,,,37.27,106.17,75,confirmed,2020-03-30T00:00:00Z
China,CN,Qinghai,,,35.75,96,18,confirmed,2020-03-30T00:00:00Z
China,CN,Shaanxi,,,35.19,108.87,253,confirmed,2020-03-30T00:00:00Z
China,CN,Shandong,,,36.34,118.15,773,confirmed,2020-03-30T00:00:00Z
China,CN,Shanghai,,,31.2,121.45,498,confirmed,2020-03-30T00:00:00Z
China,CN,Shanxi,,,37.58,112.29,136,confirmed,2020-03-30T00:00:00Z
China,CN,Sichuan,,,30.62,102.71,550,confirmed,2020-03-30T00:00:00Z
China,CN,Tianjin,,,39.31,117.32,174,confirmed,2020-03-30T00:00:00Z
China,CN,Tibet,,,31.69,88.09,1,confirmed,2020-03-30T00:00:00Z
China,CN,Xinjiang,,,41.11,85.24,76,confirmed,2020-03-30T00:00:00Z
China,CN,Yunnan,,,24.97,101.49,180,confirmed,2020-03-30T00:00:00Z
China,CN,Zhejiang,,,29.18,120.09,1255,confirmed,2020-03-30T00:00:00Z
China,CN,Anhui,,,31.83,117.23,990,confirmed,2020-03-31T00:00:00Z
China,CN,Beijing,,,40.18,116.41,580,confirmed,2020-03-31T00:00:00Z
China,CN,Chongqing,,,30.06,107.87,579,confirmed,2020-03-31T00:00:00Z
China,CN,Fujian,,,26.08,117.99,343,confirmed,2020-03-31T00:00:00Z
China,CN,Gansu,,,37.81,101.06,138,confirmed,2020-03-31T00:00:00Z
China,CN,Guangdong,,,23.34,113.42,1494,confirmed,2020-03-31T00:00:00Z
China,CN,Guangxi,,,23.83,108.79,254,confirmed,2020-03-31T00:00:00Z
China,CN,Guizhou,,,26.82,106.87,146,confirmed,2020-03-31T00:00:00Z
China,CN,Hainan,,,19.2,109.75,168,confirmed,2020-03-31T00:00:00Z
China,CN,Hebei,,,39.55,116.13,321,confirmed,2020-03-31T00:00:00Z
China,CN,Heilongjiang,,,47.86,127.76,484,confirmed,2020-03-31T00:00:00Z
China,CN,Henan,,,33.88,113.61,1276,confirmed,2020-03-31T00:00:00Z
China,CN,Hong Kong,,,22.3,114.2,714,confirmed,2020-03-31T00:00:00Z
China,CN,Hubei,,,30.98,112.27,67801,confirmed,2020-03-31T00:00:00Z
China,CN,Hunan,,,27.61,111.71,1018,confirmed,2020-03-31T00:00:00Z
China,CN,Inner Mongolia,,,44.09,113.94,107,confirmed,2020-03-31T00:00:00Z
China,CN,Jiangsu,,,32.97,119.46,646,confirmed,2020-03-31T00:00:00Z
China,CN,Jiangxi,,,27.61,115.72,937,confirmed,2020-03-31T00:00:00Z
China,CN,Jilin,,,43.67,126.19,98,confirmed,2020-03-31T00:00:00Z
China,CN,Liaoning,,,41.3,122.61,139,confirmed,2020-03-31T00:00:00Z
China,CN,Macau,,,22.17,113.55,41,confirmed,2020-03-31T00:00:00Z
China,CN,Ningxia,,,37.27,106.17,75,confirmed,2020-03-31T00:00:00Z
China,CN,Qinghai,,,35.75,96,18,confirmed,2020-03-31T00:00:00Z
China,CN,Shaanxi,,,35.19,108.87,253,confirmed,2020-03-31T00:00:00Z
China,CN,Shandong,,,36.34,118.15,774,confirmed,2020-03-31T00:00:00Z
China,CN,Shanghai,,,31.2,121.45,509,confirmed,2020-03-31T00:00:00Z
China,CN,Shanxi,,,37.58,112.29,136,confirmed,2020-03-31T00:00:00Z
China,CN,Sichuan,,,30.62,102.71,550,confirmed,2020-03-31T00:00:00Z
China,CN,Tianjin,,,39.31,117.32,174,confirmed,2020-03-31T00:00:00Z
China,CN,Tibet,,,31.69,88.09,1,confirmed,2020-03-31T00:00:00Z
China,CN,Xinjiang,,,41.11,85.24,76,confirmed,2020-03-31T00:00:00Z
China,CN,Yunnan,,,24.97,101.49,182,confirmed,2020-03-31T00:00:00Z
China,CN,Zhejiang,,,29.18,120.09,1257,confirmed,2020-03-31T00:00:00Z
China,CN,Anhui,,,31.83,117.23,990,confirmed,2020-04-01T00:00:00Z
China,CN,Beijing,,,40.18,116.41,580,confirmed,2020-04-01T00:00:00Z
China,CN,Chongqing,,,30.06,107.87,579,confirmed,2020-04-01T00:00:00Z
China,CN,Fujian,,,26.08,117.99,345,confirmed,2020-04-01T00:00:00Z
China,CN,Gansu,,,37.81,101.06,138,confirmed,2020-04-01T00:00:00Z
China,CN,Guangdong,,,23.34,113.42,1501,confirmed,2020-04-01T00:00:00Z
China,CN,Guangxi,,,23.83,108.79,254,confirmed,2020-04-01T00:00:00Z
China,CN,Guizhou,,,26.82,106.87,146,confirmed,2020-04-01T00:00:00Z
China,CN,Hainan,,,19.2,109.75,168,confirmed,2020-04-01T00:00:00Z
China,CN,Hebei,,,39.55,116.13,323,confirmed,2020-04-01T00:00:00Z
China,CN,Heilongjiang,,,47.86,127.76,484,confirmed,2020-04-01T00:00:00Z
China,CN,Henan,,,33.88,113.61,1276,confirmed,2020-04-01T00:00:00Z
China,CN,Hong Kong,,,22.3,114.2,765,confirmed,2020-04-01T00:00:00Z
China,CN,Hubei,,,30.98,112.27,67802,confirmed,2020-04-01T00:00:00Z
China,CN,Hunan,,,27.61,111.71,1018,confirmed,2020-04-01T00:00:00Z
China,CN,Inner Mongolia,,,44.09,113.94,111,confirmed,2020-04-01T00:00:00Z
China,CN,Jiangsu,,,32.97,119.46,646,confirmed,2020-04-01T00:00:00Z
China,CN,Jiangxi,,,27.61,115.72,937,confirmed,2020-04-01T00:00:00Z
China,CN,Jilin,,,43.67,126.19,98,confirmed,2020-04-01T00:00:00Z
China,CN,Liaoning,,,41.3,122.61,140,confirmed,2020-04-01T00:00:00Z
China,CN,Macau,,,22.17,113.55,41,confirmed,2020-04-01T00:00:00Z
China,CN,Ningxia,,,37.27,106.17,75,confirmed,2020-04-01T00:00:00Z
China,CN,Qinghai,,,35.75,96,18,confirmed,2020-04-01T00:00:00Z
China,CN,Shaanxi,,,35.19,108.87,255,confirmed,2020-04-01T00:00:00Z
China,CN,Shandong,,,36.34,118.15,774,confirmed,2020-04-01T00:00:00Z
China,CN,Shanghai,,,31.2,121.45,516,confirmed,2020-04-01T00:00:00Z
China,CN,Shanxi,,,37.58,112.29,137,confirmed,2020-04-01T00:00:00Z
China,CN,Sichuan,,,30.62,102.71,552,confirmed,2020-04-01T00:00:00Z
China,CN,Tianjin,,,39.31,117.32,176,confirmed,2020-04-01T00:00:00Z
China,CN,Tibet,,,31.69,88.09,1,confirmed,2020-04-01T00:00:00Z
China,CN,Xinjiang,,,41.11,85.24,76,confirmed,2020-04-01T00:00:00Z
China,CN,Yunnan,,,24.97,101.49,182,confirmed,2020-04-01T00:00:00Z
China,CN,Zhejiang,,,29.18,120.09,1257,confirmed,2020-04-01T00:00:00Z
