Country,CountryCode,Province,City,CityCode,Lat,Lon,Cases,Status,Date
Colombia,CO,,,,4.57,-74.3,0,confirmed,2020-03-01T00:00:00Z
Colombia,CO,,,,4.57,-74.3,0,confirmed,2020-03-02T00:00:00Z
Colombia,CO,,,,4.57,-74.3,0,confirmed,2020-03-03T00:00:00Z
Colombia,CO,,,,4.57,-74.3,0,confirmed,2020-03-04T00:00:00Z
Colombia,CO,,,,4.57,-74.3,0,confirmed,2020-03-05T00:00:00Z
Colombia,CO,,,,4.57,-74.3,1,confirmed,2020-03-06T00:00:00Z
Colombia,CO,,,,4.57,-74.3,1,confirmed,2020-03-07T00:00:00Z
Colombia,CO,,,,4.57,-74.3,1,confirmed,2020-03-08T00:00:00Z
Colombia,CO,,,,4.57,-74.3,1,confirmed,2020-03-09T00:00:00Z
Colombia,CO,,,,4.57,-74.3,3,confirmed,2020-03-10T00:00:00Z
Colombia,CO,,,,4.57,-74.3,9,confirmed,2020-03-11T00:00:00Z
Colombia,CO,,,,4.57,-74.3,9,confirmed,2020-03-12T00:00:00Z
Colombia,CO,,,,4.57,-74.3,13,confirmed,2020-03-13T00:00:00Z
Colombia,CO,,,,4.57,-74.3,22,confirmed,2020-03-14T00:00:00Z
Colombia,CO,,,,4.57,-74.3,34,confirmed,2020-03-15T00:00:00Z
Colombia,CO,,,,4.57,-74.3,57,confirmed,2020-03-16T00:00:00Z
Colombia,CO,,,,4.57,-74.3,75,confirmed,2020-03-17T00:00:00Z
Colombia,CO,,,,4.57,-74.3,102,confirmed,2020-03-18T00:00:00Z
Colombia,CO,,,,4.57,-74.3,108,confirmed,2020-03-19T00:00:00Z
Colombia,CO,,,,4.57,-74.3,158,confirmed,2020-03-20T00:00:00Z
Colombia,CO,,,,4.57,-74.3,196,confirmed,2020-03-21T00:00:00Z
Colombia,CO,,,,4.57,-74.3,231,confirmed,2020-03-22T00:00:00Z
Colombia,CO,,,,4.57,-74.3,277,confirmed,2020-03-23T00:00:00Z
Colombia,CO,,,,4.57,-74.3,378,confirmed,2020-03-24T00:00:00Z
Colombia,CO,,,,4.57,-74.3,470,confirmed,2020-03-25T00:00:00Z
Colombia,CO,,,,4.57,-74.3,491,confirmed,2020-03-26T00:00:00Z
Colombia,CO,,,,4.57,-74.3,539,confirmed,2020-03-27T00:00:00Z
Colombia,CO,,,,4.57,-74.3,608,confirmed,2020-03-28T00:00:00Z
Colombia,CO,,,,4.57,-74.3,702,confirmed,2020-03-29T00:00:00Z
Colombia,CO,,,,4.57,-74.3,798,confirmed,2020-03-30T00:00:00Z
Colombia,CO,,,,4.57,-74.3,906,confirmed,2020-03-31T00:00:00Z
Colombia,CO,,,,4.57,-74.3,1065,confirmed,2020-04-01T00:00:00Z
