Country,CountryCode,Province,City,CityCode,Lat,Lon,Cases,Status,Date
Costa Rica,CR,,,,9.75,-83.75,0,confirmed,2020-03-01T00:00:00Z
Costa Rica,CR,,,,9.75,-83.75,0,confirmed,2020-03-02T00:00:00Z
Costa Rica,CR,,,,9.75,-83.75,0,confirmed,2020-03-03T00:00:00Z
Costa Rica,CR,,,,9.75,-83.75,0,confirmed,2020-03-04T00:00:00Z
Costa Rica,CR,,,,9.75,-83.75,0,confirmed,2020-03-05T00:00:00Z
Costa Rica,CR,,,,9.75,-83.75,1,confirmed,2020-03-06T00:00:00Z
Costa Rica,CR,,,,9.75,-83.75,1,confirmed,2020-03-07T00:00:00Z
Costa Rica,CR,,,,9.75,-83.75,5,confirmed,2020-03-08T00:00:00Z
Costa Rica,CR,,,,9.75,-83.75,9,confirmed,2020-03-09T00:00:00Z
Costa Rica,CR,,,,9.75,-83.75,9,confirmed,2020-03-10T00:00:00Z
Costa Rica,CR,,,,9.75,-83.75,13,confirmed,2020-03-11T00:00:00Z
Costa Rica,CR,,,,9.75,-83.75,22,confirmed,2020-03-12T00:00:00Z
Costa Rica,CR,,,,9.75,-83.75,23,confirmed,2020-03-13T00:00:00Z
Costa Rica,CR,,,,9.75,-83.75,26,confirmed,2020-03-14T00:00:00Z
Costa Rica,CR,,,,9.75,-83.75,27,confirmed,2020-03-15T00:00:00Z
Costa Rica,CR,,,,9.75,-83.75,35,confirmed,2020-03-16T00:00:00Z
Costa Rica,CR,,,,9.75,-83.75,41,confirmed,2020-03-17T00:00:00Z
Costa Rica,CR,,,,9.75,-83.75,50,confirmed,2020-03-18T00:00:00Z
Costa Rica,CR,,,,9.75,-83.75,69,confirmed,2020-03-19T00:00:00Z
Costa Rica,CR,,,,9.75,-83.75,89,confirmed,2020-03-20T00:00:00Z
Costa Rica,CR,,,,9.75,-83.75,117,confirmed,2020-03-21T00:00:00Z
Costa Rica,CR,,,,9.75,-83.75,134,confirmed,2020-03-22T00:00:00Z
Costa Rica,CR,,,,9.75,-83.75,158,confirmed,2020-03-23T00:00:00Z
Costa Rica,CR,,,,9.75,-83.75,177,confirmed,2020-03-24T00:00:00Z
Costa Rica,CR,,,,9.75,-83.75,201,confirmed,2020-03-25T00:00:00Z
Costa Rica,CR,,,,9.75,-83.75,231,confirmed,2020-03-26T00:00:00Z
Costa Rica,CR,,,,9.75,-83.75,263,confirmed,2020-03-27T00:00:00Z
Costa Rica,CR,,,,9.75,-83.75,295,confirmed,2020-03-28T00:00:00Z
Costa Rica,CR,,,,9.75,-83.75,314,confirmed,2020-03-29T00:00:00Z
Costa Rica,CR,,,,9.75,-83.75,330,confirmed,2020-03-30T00:00:00Z
Costa Rica,CR,,,,9.75,-83.75,347,confirmed,2020-03-31T00:00:00Z
Costa Rica,CR,,,,9.75,-83.75,375,confirmed,2020-04-01T00:00:00Z
