Country,CountryCode,Province,City,CityCode,Lat,Lon,Cases,Status,Date
Czech Republic,CZ,,,,49.82,15.47,3,confirmed,2020-03-01T00:00:00Z
Czech Republic,CZ,,,,49.82,15.47,3,confirmed,2020-03-02T00:00:00Z
Czech Republic,CZ,,,,49.82,15.47,5,confirmed,2020-03-03T00:00:00Z
Czech Republic,CZ,,,,49.82,15.47,8,confirmed,2020-03-04T00:00:00Z
Czech Republic,CZ,,,,49.82,15.47,12,confirmed,2020-03-05T00:00:00Z
Czech Republic,CZ,,,,49.82,15.47,18,confirmed,2020-03-06T00:00:00Z
Czech Republic,CZ,,,,49.82,15.47,19,confirmed,2020-03-07T00:00:00Z
Czech Republic,CZ,,,,49.82,15.47,31,confirmed,2020-03-08T00:00:00Z
Czech Republic,CZ,,,,49.82,15.47,31,confirmed,2020-03-09T00:00:00Z
Czech Republic,CZ,,,,49.82,15.47,41,confirmed,2020-03-10T00:00:00Z
Czech Republic,CZ,,,,49.82,15.47,91,confirmed,2020-03-11T00:00:00Z
Czech Republic,CZ,,,,49.82,15.47,94,confirmed,2020-03-12T00:00:00Z
Czech Republic,CZ,,,,49.82,15.47,141,confirmed,2020-03-13T00:00:00Z
Czech Republic,CZ,,,,49.82,15.47,189,confirmed,2020-03-14T00:00:00Z
Czech Republic,CZ,,,,49.82,15.47,253,confirmed,2020-03-15T00:00:00Z
Czech Republic,CZ,,,,49.82,15.47,298,confirmed,2020-03-16T00:00:00Z
Czech Republic,CZ,,,,49.82,15.47,396,confirmed,2020-03-17T00:00:00Z
Czech Republic,CZ,,,,49.82,15.47,464,confirmed,2020-03-18T00:00:00Z
Czech Republic,CZ,,,,49.82,15.47,694,confirmed,2020-03-19T00:00:00Z
Czech Republic,CZ,,,,49.82,15.47,833,confirmed,2020-03-20T00:00:00Z
Czech Republic,CZ,,,,49.82,15.47,995,confirmed,2020-03-21T00:00:00Z
Czech Republic,CZ,,,,49.82,15.47,1120,confirmed,2020-03-22T00:00:00Z
Czech Republic,CZ,,,,49.82,15.47,1236,confirmed,2020-03-23T00:00:00Z
Czech Republic,CZ,,,,49.82,15.47,1394,confirmed,2020-03-24T00:00:00Z
Czech Republic,CZ,,,,49.82,15.47,1654,confirmed,2020-03-25T00:00:00Z
Czech Republic,CZ,,,,49.82,15.47,1925,confirmed,2020-03-26T00:00:00Z
Czech Republic,CZ,,,,49.82,15.47,2279,confirmed,2020-03-27T00:00:00Z
Czech Republic,CZ,,,,49.82,15.47,2631,confirmed,2020-03-28T00:00:00Z
Czech Republic,CZ,,,,49.82,15.47,2817,confirmed,2020-03-29T00:00:00Z
Czech Republic,CZ,,,,49.82,15.47,3001,confirmed,2020-03-30T00:00:00Z
Czech Republic,CZ,,,,49.82,15.47,3308,confirmed,2020-03-31T00:00:00Z
Czech Republic,CZ,,,,49.82,15.47,3508,confirmed,2020-04-01T00:00:00Z
