Country,CountryCode,Province,City,CityCode,Lat,Lon,Cases,Status,Date
Denmark,DK,Greenland,,,71.71,-42.6,0,confirmed,2020-03-01T00:00:00Z
Denmark,DK,,,,56.26,9.5,4,confirmed,2020-03-01T00:00:00Z
Denmark,DK,Faroe Islands,,,61.89,-6.91,0,confirmed,2020-03-01T00:00:00Z
Denmark,DK,,,,56.26,9.5,4,confirmed,2020-03-02T00:00:00Z
Denmark,DK,Faroe Islands,,,61.89,-6.91,0,confirmed,2020-03-02T00:00:00Z
Denmark,DK,Greenland,,,71.71,-42.6,0,confirmed,2020-03-02T00:00:00Z
Denmark,DK,,,,56.26,9.5,6,confirmed,2020-03-03T00:00:00Z
Denmark,DK,Faroe Islands,,,61.89,-6.91,0,confirmed,2020-03-03T00:00:00Z
Denmark,DK,Greenland,,,71.71,-42.6,0,confirmed,2020-03-03T00:00:00Z
Denmark,DK,Faroe Islands,,,61.89,-6.91,1,confirmed,2020-03-04T00:00:00Z
Denmark,DK,,,,56.26,9.5,10,confirmed,2020-03-04T00:00:00Z
Denmark,DK,Greenland,,,71.71,-42.6,0,confirmed,2020-03-04T00:00:00Z
Denmark,DK,Greenland,,,71.71,-42.6,0,confirmed,2020-03-05T00:00:00Z
Denmark,DK,Faroe Islands,,,61.89,-6.91,1,confirmed,2020-03-05T00:00:00Z
Denmark,DK,,,,56.26,9.5,10,confirmed,2020-03-05T00:00:00Z
Denmark,DK,Greenland,,,71.71,-42.6,0,confirmed,2020-03-06T00:00:00Z
Denmark,DK,Faroe Islands,,,61.89,-6.91,1,confirmed,2020-03-06T00:00:00Z
Denmark,DK,,,,56.26,9.5,23,confirmed,2020-03-06T00:00:00Z
Denmark,DK,,,,56.26,9.5,23,confirmed,2020-03-07T00:00:00Z
Denmark,DK,Greenland,,,71.71,-42.6,0,confirmed,2020-03-07T00:00:00Z
Denmark,DK,Faroe Islands,,,61.89,-6.91,1,confirmed,2020-03-07T00:00:00Z
Denmark,DK,Faroe Islands,,,61.89,-6.91,2,confirmed,2020-03-08T00:00:00Z
Denmark,DK,,,,56.26,9.5,35,confirmed,2020-03-08T00:00:00Z
Denmark,DK,Greenland,,,71.71,-42.6,0,confirmed,2020-03-08T00:00:00Z
Denmark,DK,,,,56.26,9.5,90,confirmed,2020-03-09T00:00:00Z
Denmark,DK,Faroe Islands,,,61.89,-6.91,2,confirmed,2020-03-09T00:00:00Z
Denmark,DK,Greenland,,,71.71,-42.6,0,confirmed,2020-03-09T00:00:00Z
Denmark,DK,Greenland,,,71.71,-42.6,0,confirmed,2020-03-10T00:00:00Z
Denmark,DK,Faroe Islands,,,61.89,-6.91,2,confirmed,2020-03-10T00:00:00Z
Denmark,DK,,,,56.26,9.5,262,confirmed,2020-03-10T00:00:00Z
Denmark,DK,Greenland,,,71.71,-42.6,0,confirmed,2020-03-11T00:00:00Z
Denmark,DK,Faroe Islands,,,61.89,-6.91,2,confirmed,2020-03-11T00:00:00Z
Denmark,DK,,,,56.26,9.5,442,confirmed,2020-03-11T00:00:00Z
Denmark,DK,,,,56.26,9.5,615,confirmed,2020-03-12T00:00:00Z
Denmark,DK,Faroe Islands,,,61.89,-6.91,2,confirmed,2020-03-12T00:00:00Z
Denmark,DK,Greenland,,,71.71,-42.6,0,confirmed,2020-03-12T00:00:00Z
Denmark,DK,,,,56.26,9.5,801,confirmed,2020-03-13T00:00:00Z
Denmark,DK,Greenland,,,71.71,-42.6,0,confirmed,2020-03-13T00:00:00Z
Denmark,DK,Faroe Islands,,,61.89,-6.91,3,confirmed,2020-03-13T00:00:00Z
Denmark,DK,,,,56.26,9.5,827,confirmed,2020-03-14T00:00:00Z
Denmark,DK,Greenland,,,71.71,-42.6,0,confirmed,2020-03-14T00:00:00Z
Denmark,DK,Faroe Islands,,,61.89,-6.91,9,confirmed,2020-03-14T00:00:00Z
Denmark,DK,,,,56.26,9.5,864,confirmed,2020-03-15T00:00:00Z
Denmark,DK,Greenland,,,71.71,-42.6,0,confirmed,2020-03-15T00:00:00Z
Denmark,DK,Faroe Islands,,,61.89,-6.91,11,confirmed,2020-03-15T00:00:00Z
Denmark,DK,,,,56.26,9.5,914,confirmed,2020-03-16T00:00:00Z
Denmark,DK,Greenland,,,71.71,-42.6,1,confirmed,2020-03-16T00:00:00Z
Denmark,DK,Faroe Islands,,,61.89,-6.91,18,confirmed,2020-03-16T00:00:00Z
Denmark,DK,Greenland,,,71.71,-42.6,1,confirmed,2020-03-17T00:00:00Z
Denmark,DK,Faroe Islands,,,61.89,-6.91,47,confirmed,2020-03-17T00:00:00Z
Denmark,DK,,,,56.26,9.5,977,confirmed,2020-03-17T00:00:00Z
Denmark,DK,Faroe Islands,,,61.89,-6.91,58,confirmed,2020-03-18T00:00:00Z
Denmark,DK,,,,56.26,9.5,1057,confirmed,2020-03-18T00:00:00Z
Denmark,DK,Greenland,,,71.71,-42.6,1,confirmed,2020-03-18T00:00:00Z
Denmark,DK,Greenland,,,71.71,-42.6,2,confirmed,2020-03-19T00:00:00Z
Denmark,DK,Faroe Islands,,,61.89,-6.91,72,confirmed,2020-03-19T00:00:00Z
Denmark,DK,,,,56.26,9.5,1151,confirmed,2020-03-19T00:00:00Z
Denmark,DK,Greenland,,,71.71,-42.6,2,confirmed,2020-03-20T00:00:00Z
Denmark,DK,,,,56.26,9.5,1255,confirmed,2020-03-20T00:00:00Z
Denmark,DK,Faroe Islands,,,61.89,-6.91,80,confirmed,2020-03-20T00:00:00Z
Denmark,DK,Greenland,,,71.71,-42.6,2,confirmed,2020-03-21T00:00:00Z
Denmark,DK,Faroe Islands,,,61.89,-6.91,92,confirmed,2020-03-21T00:00:00Z
Denmark,DK,,,,56.26,9.5,1326,confirmed,2020-03-21T00:00:00Z
Denmark,DK,Greenland,,,71.71,-42.6,4,confirmed,2020-03-22T00:00:00Z
Denmark,DK,Faroe Islands,,,61.89,-6.91,115,confirmed,2020-03-22T00:00:00Z
Denmark,DK,,,,56.26,9.5,1395,confirmed,2020-03-22T00:00:00Z
Denmark,DK,Greenland,,,71.71,-42.6,4,confirmed,2020-03-23T00:00:00Z
Denmark,DK,Faroe Islands,,,61.89,-6.91,118,confirmed,2020-03-23T00:00:00Z
Denmark,DK,,,,56.26,9.5,1450,confirmed,2020-03-23T00:00:00Z
Denmark,DK,,,,56.26,9.5,1591,confirmed,2020-03-24T00:00:00Z
Denmark,DK,Greenland,,,71.71,-42.6,5,confirmed,2020-03-24T00:00:00Z
Denmark,DK,Faroe Islands,,,61.89,-6.91,122,confirmed,2020-03-24T00:00:00Z
Denmark,DK,,,,56.26,9.5,1724,confirmed,2020-03-25T00:00:00Z
Denmark,DK,Greenland,,,71.71,-42.6,6,confirmed,2020-03-25T00:00:00Z
Denmark,DK,Faroe Islands,,,61.89,-6.91,132,confirmed,2020-03-25T00:00:00Z
Denmark,DK,Greenland,,,71.71,-42.6,6,confirmed,2020-03-26T00:00:00Z
Denmark,DK,Faroe Islands,,,61.89,-6.91,140,confirmed,2020-03-26T00:00:00Z
Denmark,DK,,,,56.26,9.5,1877,confirmed,2020-03-26T00:00:00Z
Denmark,DK,,,,56.26,9.5,2046,confirmed,2020-03-27T00:00:00Z
Denmark,DK,Greenland,,,71.71,-42.6,10,confirmed,2020-03-27T00:00:00Z
Denmark,DK,Faroe Islands,,,61.89,-6.91,144,confirmed,2020-03-27T00:00:00Z
Denmark,DK,Faroe Islands,,,61.89,-6.91,155,confirmed,2020-03-28T00:00:00Z
Denmark,DK,Greenland,,,71.71,-42.6,10,confirmed,2020-03-28T00:00:00Z
Denmark,DK,,,,56.26,9.5,2201,confirmed,2020-03-28T00:00:00Z
Denmark,DK,Faroe Islands,,,61.89,-6.91,159,confirmed,2020-03-29T00:00:00Z
Denmark,DK,,,,56.26,9.5,2395,confirmed,2020-03-29T00:00:00Z
Denmark,DK,Greenland,,,71.71,-42.6,10,confirmed,2020-03-29T00:00:00Z
Denmark,DK,Faroe Islands,,,61.89,-6.91,168,confirmed,2020-03-30T00:00:00Z
Denmark,DK,,,,56.26,9.5,2577,confirmed,2020-03-30T00:00:00Z
Denmark,DK,Greenland,,,71.71,-42.6,10,confirmed,2020-03-30T00:00:00Z
Denmark,DK,Faroe Islands,,,61.89,-6.91,169,confirmed,2020-03-31T00:00:00Z
Denmark,DK,,,,56.26,9.5,2860,confirmed,2020-03-31T00:00:00Z
Denmark,DK,Greenland,,,71.71,-42.6,10,confirmed,2020-03-31T00:00:00Z
Denmark,DK,Faroe Islands,,,61.89,-6.91,173,confirmed,2020-04-01T00:00:00Z
Denmark,DK,,,,56.26,9.5,3107,confirmed,2020-04-01T00:00:00Z
Denmark,DK,Greenland,,,71.71,-42.6,10,confirmed,2020-04-01T00:00:00Z
