Country,CountryCode,Province,City,CityCode,Lat,Lon,Cases,Status,Date
Estonia,EE,,,,58.6,25.01,1,confirmed,2020-03-01T00:00:00Z
Estonia,EE,,,,58.6,25.01,1,confirmed,2020-03-02T00:00:00Z
Estonia,EE,,,,58.6,25.01,2,confirmed,2020-03-03T00:00:00Z
Estonia,EE,,,,58.6,25.01,2,confirmed,2020-03-04T00:00:00Z
Estonia,EE,,,,58.6,25.01,3,confirmed,2020-03-05T00:00:00Z
Estonia,EE,,,,58.6,25.01,10,confirmed,2020-03-06T00:00:00Z
Estonia,EE,,,,58.6,25.01,10,confirmed,2020-03-07T00:00:00Z
Estonia,EE,,,,58.6,25.01,10,confirmed,2020-03-08T00:00:00Z
Estonia,EE,,,,58.6,25.01,10,confirmed,2020-03-09T00:00:00Z
Estonia,EE,,,,58.6,25.01,12,confirmed,2020-03-10T00:00:00Z
Estonia,EE,,,,58.6,25.01,16,confirmed,2020-03-11T00:00:00Z
Estonia,EE,,,,58.6,25.01,16,confirmed,2020-03-12T00:00:00Z
Estonia,EE,,,,58.6,25.01,79,confirmed,2020-03-13T00:00:00Z
Estonia,EE,,,,58.6,25.01,115,confirmed,2020-03-14T00:00:00Z
Estonia,EE,,,,58.6,25.01,171,confirmed,2020-03-15T00:00:00Z
Estonia,EE,,,,58.6,25.01,205,confirmed,2020-03-16T00:00:00Z
Estonia,EE,,,,58.6,25.01,225,confirmed,2020-03-17T00:00:00Z
Estonia,EE,,,,58.6,25.01,258,confirmed,2020-03-18T00:00:00Z
Estonia,EE,,,,58.6,25.01,267,confirmed,2020-03-19T00:00:00Z
Estonia,EE,,,,58.6,25.01,283,confirmed,2020-03-20T00:00:00Z
Estonia,EE,,,,58.6,25.01,306,confirmed,2020-03-21T00:00:00Z
Estonia,EE,,,,58.6,25.01,326,confirmed,2020-03-22T00:00:00Z
Estonia,EE,,,,58.6,25.01,352,confirmed,2020-03-23T00:00:00Z
Estonia,EE,,,,58.6,25.01,369,confirmed,2020-03-24T00:00:00Z
Estonia,EE,,,,58.6,25.01,404,confirmed,2020-03-25T00:00:00Z
Estonia,EE,,,,58.6,25.01,538,confirmed,2020-03-26T00:00:00Z
Estonia,EE,,,,58.6,25.01,575,confirmed,2020-03-27T00:00:00Z
Estonia,EE,,,,58.6,25.01,645,confirmed,2020-03-28T00:00:00Z
Estonia,EE,,,,58.6,25.01,679,confirmed,2020-03-29T00:00:00Z
Estonia,EE,,,,58.6,25.01,715,confirmed,2020-03-30T00:00:00Z
Estonia,EE,,,,58.6,25.01,745,confirmed,2020-03-31T00:00:00Z
Estonia,EE,,,,58.6,25.01,779,confirmed,2020-04-01T00:00:00Z
