Country,CountryCode,Province,City,CityCode,Lat,Lon,Cases,Status,Date
Finland,FI,,,,61.92,25.75,6,confirmed,2020-03-01T00:00:00Z
Finland,FI,,,,61.92,25.75,6,confirmed,2020-03-02T00:00:00Z
Finland,FI,,,,61.92,25.75,6,confirmed,2020-03-03T00:00:00Z
Finland,FI,,,,61.92,25.75,6,confirmed,2020-03-04T00:00:00Z
Finland,FI,,,,61.92,25.75,12,confirmed,2020-03-05T00:00:00Z
Finland,FI,,,,61.92,25.75,15,confirmed,2020-03-06T00:00:00Z
Finland,FI,,,,61.92,25.75,15,confirmed,2020-03-07T00:00:00Z
Finland,FI,,,,61.92,25.75,23,confirmed,2020-03-08T00:00:00Z
Finland,FI,,,,61.92,25.75,30,confirmed,2020-03-09T00:00:00Z
Finland,FI,,,,61.92,25.75,40,confirmed,2020-03-10T00:00:00Z
Finland,FI,,,,61.92,25.75,59,confirmed,2020-03-11T00:00:00Z
Finland,FI,,,,61.92,25.75,59,confirmed,2020-03-12T00:00:00Z
Finland,FI,,,,61.92,25.75,155,confirmed,2020-03-13T00:00:00Z
Finland,FI,,,,61.92,25.75,225,confirmed,2020-03-14T00:00:00Z
Finland,FI,,,,61.92,25.75,244,confirmed,2020-03-15T00:00:00Z
Finland,FI,,,,61.92,25.75,277,confirmed,2020-03-16T00:00:00Z
Finland,FI,,,,61.92,25.75,321,confirmed,2020-03-17T00:00:00Z
Finland,FI,,,,61.92,25.75,336,confirmed,2020-03-18T00:00:00Z
Finland,FI,,,,61.92,25.75,400,confirmed,2020-03-19T00:00:00Z
Finland,FI,,,,61.92,25.75,450,confirmed,2020-03-20T00:00:00Z
Finland,FI,,,,61.92,25.75,523,confirmed,2020-03-21T00:00:00Z
Finland,FI,,,,61.92,25.75,626,confirmed,2020-03-22T00:00:00Z
Finland,FI,,,,61.92,25.75,700,confirmed,2020-03-23T00:00:00Z
Finland,FI,,,,61.92,25.75,792,confirmed,2020-03-24T00:00:00Z
Finland,FI,,,,61.92,25.75,880,confirmed,2020-03-25T00:00:00Z
Finland,FI,,,,61.92,25.75,958,confirmed,2020-03-26T00:00:00Z
Finland,FI,,,,61.92,25.75,1041,confirmed,2020-03-27T00:00:00Z
Finland,FI,,,,61.92,25.75,1167,confirmed,2020-03-28T00:00:00Z
Finland,FI,,,,61.92,25.75,1240,confirmed,2020-03-29T00:00:00Z
Finland,FI,,,,61.92,25.75,1352,confirmed,2020-03-30T00:00:00Z
Finland,FI,,,,61.92,25.75,1418,confirmed,2020-03-31T00:00:00Z
Finland,FI,,,,61.92,25.75,1446,confirmed,2020-04-01T00:00:00Z
