Country,CountryCode,Province,City,CityCode,Lat,Lon,Cases,Status,Date
France,FR,,,,46.23,2.21,130,confirmed,2020-03-01T00:00:00Z
France,FR,French Guiana,,,3.93,-53.13,0,confirmed,2020-03-01T00:00:00Z
France,FR,French Polynesia,,,-17.68,149.41,0,confirmed,2020-03-01T00:00:00Z
France,FR,Guadeloupe,,,16.25,-61.58,0,confirmed,2020-03-01T00:00:00Z
France,FR,Martinique,,,14.64,-61.02,0,confirmed,2020-03-01T00:00:00Z
France,FR,Mayotte,,,-12.83,45.17,0,confirmed,2020-03-01T00:00:00Z
France,FR,New Caledonia,,,-20.9,165.62,0,confirmed,2020-03-01T00:00:00Z
France,FR,Reunion,,,-21.14,55.25,0,confirmed,2020-03-01T00:00:00Z
France,FR,Saint Barthelemy,,,17.9,-62.83,0,confirmed,2020-03-01T00:00:00Z
France,FR,Saint Pierre and Miquelon,,,46.89,-56.32,0,confirmed,2020-03-01T00:00:00Z
France,FR,St Martin,,,18.07,-63.05,0,confirmed,2020-03-01T00:00:00Z
France,FR,,,,46.23,2.21,191,confirmed,2020-03-02T00:00:00Z
France,FR,French Guiana,,,3.93,-53.13,0,confirmed,2020-03-02T00:00:00Z
France,FR,French Polynesia,,,-17.68,149.41,0,confirmed,2020-03-02T00:00:00Z
France,FR,Guadeloupe,,,16.25,-61.58,0,confirmed,2020-03-02T00:00:00Z
France,FR,Martinique,,,14.64,-61.02,0,confirmed,2020-03-02T00:00:00Z
France,FR,Mayotte,,,-12.83,45.17,0,confirmed,2020-03-02T00:00:00Z
France,FR,New Caledonia,,,-20.9,165.62,0,confirmed,2020-03-02T00:00:00Z
France,FR,Reunion,,,-21.14,55.25,0,confirmed,2020-03-02T00:00:00Z
France,FR,Saint Barthelemy,,,17.9,-62.83,0,confirmed,2020-03-02T00:00:00Z
France,FR,Saint Pierre and Miquelon,,,46.89,-56.32,0,confirmed,2020-03-02T00:00:00Z
France,FR,St Martin,,,18.07,-63.05,0,confirmed,2020-03-02T00:00:00Z
France,FR,,,,46.23,2.21,204,confirmed,2020-03-03T00:00:00Z
France,FR,French Guiana,,,3.93,-53.13,0,confirmed,2020-03-03T00:00:00Z
France,FR,French Polynesia,,,-17.68,149.41,0,confirmed,2020-03-03T00:00:00Z
France,FR,Guadeloupe,,,16.25,-61.58,0,confirmed,2020-03-03T00:00:00Z
France,FR,Martinique,,,14.64,-61.02,0,confirmed,2020-03-03T00:00:00Z
France,FR,Mayotte,,,-12.83,45.17,0,confirmed,2020-03-03T00:00:00Z
France,FR,New Caledonia,,,-20.9,165.62,0,confirmed,2020-03-03T00:00:00Z
France,FR,Reunion,,,-21.14,55.25,0,confirmed,2020-03-03T00:00:00Z
France,FR,Saint Barthelemy,,,17.9,-62.83,0,confirmed,2020-03-03T00:00:00Z
France,FR,Saint Pierre and Miquelon,,,46.89,-56.32,0,confirmed,2020-03-03T00:00:00Z
France,FR,St Martin,,,18.07,-63.05,0,confirmed,2020-03-03T00:00:00Z
France,FR,,,,46.23,2.21,285,confirmed,2020-03-04T00:00:00Z
France,FR,French Guiana,,,3.93,-53.13,0,confirmed,2020-03-04T00:00:00Z
France,FR,French Polynesia,,,-17.68,149.41,0,confirmed,2020-03-04T00:00:00Z
France,FR,Guadeloupe,,,16.25,-61.58,0,confirmed,2020-03-04T00:00:00Z
France,FR,Martinique,,,14.64,-61.02,0,confirmed,2020-03-04T00:00:00Z
France,FR,Mayotte,,,-12.83,45.17,0,confirmed,2020-03-04T00:00:00Z
France,FR,New Caledonia,,,-20.9,165.62,0,confirmed,2020-03-04T00:00:00Z
France,FR,Reunion,,,-21.14,55.25,0,confirmed,2020-03-04T00:00:00Z
France,FR,Saint Barthelemy,,,17.9,-62.83,3,confirmed,2020-03-04T00:00:00Z
France,FR,Saint Pierre and Miquelon,,,46.89,-56.32,0,confirmed,2020-03-04T00:00:00Z
France,FR,St Martin,,,18.07,-63.05,0,confirmed,2020-03-04T00:00:00Z
France,FR,,,,46.23,2.21,377,confirmed,2020-03-05T00:00:00Z
France,FR,French Guiana,,,3.93,-53.13,0,confirmed,2020-03-05T00:00:00Z
France,FR,French Polynesia,,,-17.68,149.41,0,confirmed,2020-03-05T00:00:00Z
France,FR,Guadeloupe,,,16.25,-61.58,0,confirmed,2020-03-05T00:00:00Z
France,FR,Martinique,,,14.64,-61.02,0,confirmed,2020-03-05T00:00:00Z
France,FR,Mayotte,,,-12.83,45.17,0,confirmed,2020-03-05T00:00:00Z
France,FR,New Caledonia,,,-20.9,165.62,0,confirmed,2020-03-05T00:00:00Z
France,FR,Reunion,,,-21.14,55.25,0,confirmed,2020-03-05T00:00:00Z
France,FR,Saint Barthelemy,,,17.9,-62.83,3,confirmed,2020-03-05T00:00:00Z
France,FR,Saint Pierre and Miquelon,,,46.89,-56.32,0,confirmed,2020-03-05T00:00:00Z
France,FR,St Martin,,,18.07,-63.05,0,confirmed,2020-03-05T00:00:00Z
France,FR,,,,46.23,2.21,653,confirmed,2020-03-06T00:00:00Z
France,FR,French Guiana,,,3.93,-53.13,0,confirmed,2020-03-06T00:00:00Z
France,FR,French Polynesia,,,-17.68,149.41,0,confirmed,2020-03-06T00:00:00Z
France,FR,Guadeloupe,,,16.25,-61.58,0,confirmed,2020-03-06T00:00:00Z
France,FR,Martinique,,,14.64,-61.02,0,confirmed,2020-03-06T00:00:00Z
France,FR,Mayotte,,,-12.83,45.17,0,confirmed,2020-03-06T00:00:00Z
France,FR,New Caledonia,,,-20.9,165.62,0,confirmed,2020-03-06T00:00:00Z
France,FR,Reunion,,,-21.14,55.25,0,confirmed,2020-03-06T00:00:00Z
France,FR,Saint Barthelemy,,,17.9,-62.83,3,confirmed,2020-03-06T00:00:00Z
France,FR,Saint Pierre and Miquelon,,,46.89,-56.32,0,confirmed,2020-03-06T00:00:00Z
France,FR,St Martin,,,18.07,-63.05,0,confirmed,2020-03-06T00:00:00Z
France,FR,,,,46.23,2.21,949,confirmed,2020-03-07T00:00:00Z
France,FR,French Guiana,,,3.93,-53.13,5,confirmed,2020-03-07T00:00:00Z
France,FR,French Polynesia,,,-17.68,149.41,0,confirmed,2020-03-07T00:00:00Z
France,FR,Guadeloupe,,,16.25,-61.58,0,confirmed,2020-03-07T00:00:00Z
France,FR,Martinique,,,14.64,-61.02,2,confirmed,2020-03-07T00:00:00Z
France,FR,Mayotte,,,-12.83,45.17,0,confirmed,2020-03-07T00:00:00Z
France,FR,New Caledonia,,,-20.9,165.62,0,confirmed,2020-03-07T00:00:00Z
France,FR,Reunion,,,-21.14,55.25,0,confirmed,2020-03-07T00:00:00Z
France,FR,Saint Barthelemy,,,17.9,-62.83,3,confirmed,2020-03-07T00:00:00Z
France,FR,Saint Pierre and Miquelon,,,46.89,-56.32,0,confirmed,2020-03-07T00:00:00Z
France,FR,St Martin,,,18.07,-63.05,0,confirmed,2020-03-07T00:00:00Z
France,FR,,,,46.23,2.21,1126,confirmed,2020-03-08T00:00:00Z
France,FR,French Guiana,,,3.93,-53.13,5,confirmed,2020-03-08T00:00:00Z
France,FR,French Polynesia,,,-17.68,149.41,0,confirmed,2020-03-08T00:00:00Z
France,FR,Guadeloupe,,,16.25,-61.58,0,confirmed,2020-03-08T00:00:00Z
France,FR,Martinique,,,14.64,-61.02,2,confirmed,2020-03-08T00:00:00Z
France,FR,Mayotte,,,-12.83,45.17,0,confirmed,2020-03-08T00:00:00Z
France,FR,New Caledonia,,,-20.9,165.62,0,confirmed,2020-03-08T00:00:00Z
France,FR,Reunion,,,-21.14,55.25,0,confirmed,2020-03-08T00:00:00Z
France,FR,Saint Barthelemy,,,17.9,-62.83,3,confirmed,2020-03-08T00:00:00Z
France,FR,Saint Pierre and Miquelon,,,46.89,-56.32,0,confirmed,2020-03-08T00:00:00Z
France,FR,St Martin,,,18.07,-63.05,0,confirmed,2020-03-08T00:00:00Z
France,FR,,,,46.23,2.21,1209,confirmed,2020-03-09T00:00:00Z
France,FR,French Guiana,,,3.93,-53.13,5,confirmed,2020-03-09T00:00:00Z
France,FR,French Polynesia,,,-17.68,149.41,0,confirmed,2020-03-09T00:00:00Z
France,FR,Guadeloupe,,,16.25,-61.58,0,confirmed,2020-03-09T00:00:00Z
France,FR,Martinique,,,14.64,-61.02,2,confirmed,2020-03-09T00:00:00Z
France,FR,Mayotte,,,-12.83,45.17,0,confirmed,2020-03-09T00:00:00Z
France,FR,New Caledonia,,,-20.9,165.62,0,confirmed,2020-03-09T00:00:00Z
France,FR,Reunion,,,-21.14,55.25,0,confirmed,2020-03-09T00:00:00Z
France,FR,Saint Barthelemy,,,17.9,-62.83,1,confirmed,2020-03-09T00:00:00Z
France,FR,Saint Pierre and Miquelon,,,46.89,-56.32,0,confirmed,2020-03-09T00:00:00Z
France,FR,St Martin,,,18.07,-63.05,2,confirmed,2020-03-09T00:00:00Z
France,FR,,,,46.23,2.21,1784,confirmed,2020-03-10T00:00:00Z
France,FR,French Guiana,,,3.93,-53.13,5,confirmed,2020-03-10T00:00:00Z
France,FR,French Polynesia,,,-17.68,149.41,0,confirmed,2020-03-10T00:00:00Z
France,FR,Guadeloupe,,,16.25,-61.58,0,confirmed,2020-03-10T00:00:00Z
France,FR,Martinique,,,14.64,-61.02,2,confirmed,2020-03-10T00:00:00Z
France,FR,Mayotte,,,-12.83,45.17,0,confirmed,2020-03-10T00:00:00Z
France,FR,New Caledonia,,,-20.9,165.62,0,confirmed,2020-03-10T00:00:00Z
France,FR,Reunion,,,-21.14,55.25,0,confirmed,2020-03-10T00:00:00Z
France,FR,Saint Barthelemy,,,17.9,-62.83,1,confirmed,2020-03-10T00:00:00Z
France,FR,Saint Pierre and Miquelon,,,46.89,-56.32,0,confirmed,2020-03-10T00:00:00Z
France,FR,St Martin,,,18.07,-63.05,2,confirmed,2020-03-10T00:00:00Z
France,FR,,,,46.23,2.21,2281,confirmed,2020-03-11T00:00:00Z
France,FR,French Guiana,,,3.93,-53.13,5,confirmed,2020-03-11T00:00:00Z
France,FR,French Polynesia,,,-17.68,149.41,0,confirmed,2020-03-11T00:00:00Z
France,FR,Guadeloupe,,,16.25,-61.58,0,confirmed,2020-03-11T00:00:00Z
France,FR,Martinique,,,14.64,-61.02,3,confirmed,2020-03-11T00:00:00Z
France,FR,Mayotte,,,-12.83,45.17,0,confirmed,2020-03-11T00:00:00Z
France,FR,New Caledonia,,,-20.9,165.62,0,confirmed,2020-03-11T00:00:00Z
France,FR,Reunion,,,-21.14,55.25,1,confirmed,2020-03-11T00:00:00Z
France,FR,Saint Barthelemy,,,17.9,-62.83,1,confirmed,2020-03-11T00:00:00Z
France,FR,Saint Pierre and Miquelon,,,46.89,-56.32,0,confirmed,2020-03-11T00:00:00Z
France,FR,St Martin,,,18.07,-63.05,2,confirmed,2020-03-11T00:00:00Z
France,FR,,,,46.23,2.21,2281,confirmed,2020-03-12T00:00:00Z
France,FR,French Guiana,,,3.93,-53.13,5,confirmed,2020-03-12T00:00:00Z
France,FR,French Polynesia,,,-17.68,149.41,0,confirmed,2020-03-12T00:00:00Z
France,FR,Guadeloupe,,,16.25,-61.58,0,confirmed,2020-03-12T00:00:00Z
France,FR,Martinique,,,14.64,-61.02,3,confirmed,2020-03-12T00:00:00Z
France,FR,Mayotte,,,-12.83,45.17,0,confirmed,2020-03-12T00:00:00Z
France,FR,New Caledonia,,,-20.9,165.62,0,confirmed,2020-03-12T00:00:00Z
France,FR,Reunion,,,-21.14,55.25,1,confirmed,2020-03-12T00:00:00Z
France,FR,Saint Barthelemy,,,17.9,-62.83,1,confirmed,2020-03-12T00:00:00Z
France,FR,Saint Pierre and Miquelon,,,46.89,-56.32,0,confirmed,2020-03-12T00:00:00Z
France,FR,St Martin,,,18.07,-63.05,2,confirmed,2020-03-12T00:00:00Z
France,FR,,,,46.23,2.21,3661,confirmed,2020-03-13T00:00:00Z
France,FR,French Guiana,,,3.93,-53.13,5,confirmed,2020-03-13T00:00:00Z
France,FR,French Polynesia,,,-17.68,149.41,3,confirmed,2020-03-13T00:00:00Z
France,FR,Guadeloupe,,,16.25,-61.58,1,confirmed,2020-03-13T00:00:00Z
France,FR,Martinique,,,14.64,-61.02,3,confirmed,2020-03-13T00:00:00Z
France,FR,Mayotte,,,-12.83,45.17,0,confirmed,2020-03-13T00:00:00Z
France,FR,New Caledonia,,,-20.9,165.62,0,confirmed,2020-03-13T00:00:00Z
France,FR,Reunion,,,-21.14,55.25,5,confirmed,2020-03-13T00:00:00Z
France,FR,Saint Barthelemy,,,17.9,-62.83,1,confirmed,2020-03-13T00:00:00Z
France,FR,Saint Pierre and Miquelon,,,46.89,-56.32,0,confirmed,2020-03-13T00:00:00Z
France,FR,St Martin,,,18.07,-63.05,2,confirmed,2020-03-13T00:00:00Z
France,FR,,,,46.23,2.21,4469,confirmed,2020-03-14T00:00:00Z
France,FR,French Guiana,,,3.93,-53.13,5,confirmed,2020-03-14T00:00:00Z
France,FR,French Polynesia,,,-17.68,149.41,3,confirmed,2020-03-14T00:00:00Z
France,FR,Guadeloupe,,,16.25,-61.58,1,confirmed,2020-03-14T00:00:00Z
France,FR,Martinique,,,14.64,-61.02,9,confirmed,2020-03-14T00:00:00Z
France,FR,Mayotte,,,-12.83,45.17,0,confirmed,2020-03-14T00:00:00Z
France,FR,New Caledonia,,,-20.9,165.62,0,confirmed,2020-03-14T00:00:00Z
France,FR,Reunion,,,-21.14,55.25,6,confirmed,2020-03-14T00:00:00Z
France,FR,Saint Barthelemy,,,17.9,-62.83,1,confirmed,2020-03-14T00:00:00Z
France,FR,Saint Pierre and Miquelon,,,46.89,-56.32,0,confirmed,2020-03-14T00:00:00Z
France,FR,St Martin,,,18.07,-63.05,2,confirmed,2020-03-14T00:00:00Z
France,FR,,,,46.23,2.21,4499,confirmed,2020-03-15T00:00:00Z
France,FR,French Guiana,,,3.93,-53.13,7,confirmed,2020-03-15T00:00:00Z
France,FR,French Polynesia,,,-17.68,149.41,3,confirmed,2020-03-15T00:00:00Z
France,FR,Guadeloupe,,,16.25,-61.58,3,confirmed,2020-03-15T00:00:00Z
France,FR,Martinique,,,14.64,-61.02,9,confirmed,2020-03-15T00:00:00Z
France,FR,Mayotte,,,-12.83,45.17,1,confirmed,2020-03-15T00:00:00Z
France,FR,New Caledonia,,,-20.9,165.62,0,confirmed,2020-03-15T00:00:00Z
France,FR,Reunion,,,-21.14,55.25,7,confirmed,2020-03-15T00:00:00Z
France,FR,Saint Barthelemy,,,17.9,-62.83,1,confirmed,2020-03-15T00:00:00Z
France,FR,Saint Pierre and Miquelon,,,46.89,-56.32,0,confirmed,2020-03-15T00:00:00Z
France,FR,St Martin,,,18.07,-63.05,2,confirmed,2020-03-15T00:00:00Z
France,FR,,,,46.23,2.21,6633,confirmed,2020-03-16T00:00:00Z
France,FR,French Guiana,,,3.93,-53.13,11,confirmed,2020-03-16T00:00:00Z
France,FR,French Polynesia,,,-17.68,149.41,3,confirmed,2020-03-16T00:00:00Z
France,FR,Guadeloupe,,,16.25,-61.58,6,confirmed,2020-03-16T00:00:00Z
France,FR,Martinique,,,14.64,-61.02,15,confirmed,2020-03-16T00:00:00Z
France,FR,Mayotte,,,-12.83,45.17,1,confirmed,2020-03-16T00:00:00Z
France,FR,New Caledonia,,,-20.9,165.62,0,confirmed,2020-03-16T00:00:00Z
France,FR,Reunion,,,-21.14,55.25,9,confirmed,2020-03-16T00:00:00Z
France,FR,Saint Barthelemy,,,17.9,-62.83,3,confirmed,2020-03-16T00:00:00Z
France,FR,Saint Pierre and Miquelon,,,46.89,-56.32,0,confirmed,2020-03-16T00:00:00Z
France,FR,St Martin,,,18.07,-63.05,2,confirmed,2020-03-16T00:00:00Z
France,FR,,,,46.23,2.21,7652,confirmed,2020-03-17T00:00:00Z
France,FR,French Guiana,,,3.93,-53.13,11,confirmed,2020-03-17T00:00:00Z
France,FR,French Polynesia,,,-17.68,149.41,3,confirmed,2020-03-17T00:00:00Z
France,FR,Guadeloupe,,,16.25,-61.58,18,confirmed,2020-03-17T00:00:00Z
France,FR,Martinique,,,14.64,-61.02,16,confirmed,2020-03-17T00:00:00Z
France,FR,Mayotte,,,-12.83,45.17,1,confirmed,2020-03-17T00:00:00Z
France,FR,New Caledonia,,,-20.9,165.62,0,confirmed,2020-03-17T00:00:00Z
France,FR,Reunion,,,-21.14,55.25,9,confirmed,2020-03-17T00:00:00Z
France,FR,Saint Barthelemy,,,17.9,-62.83,3,confirmed,2020-03-17T00:00:00Z
France,FR,Saint Pierre and Miquelon,,,46.89,-56.32,0,confirmed,2020-03-17T00:00:00Z
France,FR,St Martin,,,18.07,-63.05,2,confirmed,2020-03-17T00:00:00Z
France,FR,,,,46.23,2.21,9043,confirmed,2020-03-18T00:00:00Z
France,FR,French Guiana,,,3.93,-53.13,11,confirmed,2020-03-18T00:00:00Z
France,FR,French Polynesia,,,-17.68,149.41,3,confirmed,2020-03-18T00:00:00Z
France,FR,Guadeloupe,,,16.25,-61.58,27,confirmed,2020-03-18T00:00:00Z
France,FR,Martinique,,,14.64,-61.02,19,confirmed,2020-03-18T00:00:00Z
France,FR,Mayotte,,,-12.83,45.17,3,confirmed,2020-03-18T00:00:00Z
France,FR,New Caledonia,,,-20.9,165.62,0,confirmed,2020-03-18T00:00:00Z
France,FR,Reunion,,,-21.14,55.25,12,confirmed,2020-03-18T00:00:00Z
France,FR,Saint Barthelemy,,,17.9,-62.83,3,confirmed,2020-03-18T00:00:00Z
France,FR,Saint Pierre and Miquelon,,,46.89,-56.32,0,confirmed,2020-03-18T00:00:00Z
France,FR,St Martin,,,18.07,-63.05,3,confirmed,2020-03-18T00:00:00Z
France,FR,,,,46.23,2.21,10871,confirmed,2020-03-19T00:00:00Z
France,FR,French Guiana,,,3.93,-53.13,11,confirmed,2020-03-19T00:00:00Z
France,FR,French Polynesia,,,-17.68,149.41,6,confirmed,2020-03-19T00:00:00Z
France,FR,Guadeloupe,,,16.25,-61.58,33,confirmed,2020-03-19T00:00:00Z
France,FR,Martinique,,,14.64,-61.02,23,confirmed,2020-03-19T00:00:00Z
France,FR,Mayotte,,,-12.83,45.17,3,confirmed,2020-03-19T00:00:00Z
France,FR,New Caledonia,,,-20.9,165.62,2,confirmed,2020-03-19T00:00:00Z
France,FR,Reunion,,,-21.14,55.25,14,confirmed,2020-03-19T00:00:00Z
France,FR,Saint Barthelemy,,,17.9,-62.83,3,confirmed,2020-03-19T00:00:00Z
France,FR,Saint Pierre and Miquelon,,,46.89,-56.32,0,confirmed,2020-03-19T00:00:00Z
France,FR,St Martin,,,18.07,-63.05,4,confirmed,2020-03-19T00:00:00Z
France,FR,,,,46.23,2.21,12612,confirmed,2020-03-20T00:00:00Z
France,FR,French Guiana,,,3.93,-53.13,15,confirmed,2020-03-20T00:00:00Z
France,FR,French Polynesia,,,-17.68,149.41,11,confirmed,2020-03-20T00:00:00Z
France,FR,Guadeloupe,,,16.25,-61.58,45,confirmed,2020-03-20T00:00:00Z
France,FR,Martinique,,,14.64,-61.02,32,confirmed,2020-03-20T00:00:00Z
France,FR,Mayotte,,,-12.83,45.17,6,confirmed,2020-03-20T00:00:00Z
France,FR,New Caledonia,,,-20.9,165.62,2,confirmed,2020-03-20T00:00:00Z
France,FR,Reunion,,,-21.14,55.25,28,confirmed,2020-03-20T00:00:00Z
France,FR,Saint Barthelemy,,,17.9,-62.83,3,confirmed,2020-03-20T00:00:00Z
France,FR,Saint Pierre and Miquelon,,,46.89,-56.32,0,confirmed,2020-03-20T00:00:00Z
France,FR,St Martin,,,18.07,-63.05,4,confirmed,2020-03-20T00:00:00Z
France,FR,,,,46.23,2.21,14282,confirmed,2020-03-21T00:00:00Z
France,FR,French Guiana,,,3.93,-53.13,18,confirmed,2020-03-21T00:00:00Z
France,FR,French Polynesia,,,-17.68,149.41,15,confirmed,2020-03-21T00:00:00Z
France,FR,Guadeloupe,,,16.25,-61.58,53,confirmed,2020-03-21T00:00:00Z
France,FR,Martinique,,,14.64,-61.02,32,confirmed,2020-03-21T00:00:00Z
France,FR,Mayotte,,,-12.83,45.17,7,confirmed,2020-03-21T00:00:00Z
France,FR,New Caledonia,,,-20.9,165.62,4,confirmed,2020-03-21T00:00:00Z
France,FR,Reunion,,,-21.14,55.25,45,confirmed,2020-03-21T00:00:00Z
France,FR,Saint Barthelemy,,,17.9,-62.83,3,confirmed,2020-03-21T00:00:00Z
France,FR,Saint Pierre and Miquelon,,,46.89,-56.32,0,confirmed,2020-03-21T00:00:00Z
France,FR,St Martin,,,18.07,-63.05,4,confirmed,2020-03-21T00:00:00Z
France,FR,,,,46.23,2.21,16018,confirmed,2020-03-22T00:00:00Z
France,FR,French Guiana,,,3.93,-53.13,18,confirmed,2020-03-22T00:00:00Z
France,FR,French Polynesia,,,-17.68,149.41,18,confirmed,2020-03-22T00:00:00Z
France,FR,Guadeloupe,,,16.25,-61.58,58,confirmed,2020-03-22T00:00:00Z
France,FR,Martinique,,,14.64,-61.02,44,confirmed,2020-03-22T00:00:00Z
France,FR,Mayotte,,,-12.83,45.17,11,confirmed,2020-03-22T00:00:00Z
France,FR,New Caledonia,,,-20.9,165.62,4,confirmed,2020-03-22T00:00:00Z
France,FR,Reunion,,,-21.14,55.25,64,confirmed,2020-03-22T00:00:00Z
France,FR,Saint Barthelemy,,,17.9,-62.83,3,confirmed,2020-03-22T00:00:00Z
France,FR,Saint Pierre and Miquelon,,,46.89,-56.32,0,confirmed,2020-03-22T00:00:00Z
France,FR,St Martin,,,18.07,-63.05,5,confirmed,2020-03-22T00:00:00Z
France,FR,,,,46.23,2.21,19856,confirmed,2020-03-23T00:00:00Z
France,FR,French Guiana,,,3.93,-53.13,20,confirmed,2020-03-23T00:00:00Z
France,FR,French Polynesia,,,-17.68,149.41,18,confirmed,2020-03-23T00:00:00Z
France,FR,Guadeloupe,,,16.25,-61.58,62,confirmed,2020-03-23T00:00:00Z
France,FR,Martinique,,,14.64,-61.02,53,confirmed,2020-03-23T00:00:00Z
France,FR,Mayotte,,,-12.83,45.17,24,confirmed,2020-03-23T00:00:00Z
France,FR,New Caledonia,,,-20.9,165.62,8,confirmed,2020-03-23T00:00:00Z
France,FR,Reunion,,,-21.14,55.25,71,confirmed,2020-03-23T00:00:00Z
France,FR,Saint Barthelemy,,,17.9,-62.83,3,confirmed,2020-03-23T00:00:00Z
France,FR,Saint Pierre and Miquelon,,,46.89,-56.32,0,confirmed,2020-03-23T00:00:00Z
France,FR,St Martin,,,18.07,-63.05,8,confirmed,2020-03-23T00:00:00Z
France,FR,,,,46.23,2.21,22304,confirmed,2020-03-24T00:00:00Z
France,FR,French Guiana,,,3.93,-53.13,23,confirmed,2020-03-24T00:00:00Z
France,FR,French Polynesia,,,-17.68,149.41,25,confirmed,2020-03-24T00:00:00Z
France,FR,Guadeloupe,,,16.25,-61.58,62,confirmed,2020-03-24T00:00:00Z
France,FR,Martinique,,,14.64,-61.02,57,confirmed,2020-03-24T00:00:00Z
France,FR,Mayotte,,,-12.83,45.17,36,confirmed,2020-03-24T00:00:00Z
France,FR,New Caledonia,,,-20.9,165.62,10,confirmed,2020-03-24T00:00:00Z
France,FR,Reunion,,,-21.14,55.25,94,confirmed,2020-03-24T00:00:00Z
France,FR,Saint Barthelemy,,,17.9,-62.83,3,confirmed,2020-03-24T00:00:00Z
France,FR,Saint Pierre and Miquelon,,,46.89,-56.32,0,confirmed,2020-03-24T00:00:00Z
France,FR,St Martin,,,18.07,-63.05,8,confirmed,2020-03-24T00:00:00Z
France,FR,,,,46.23,2.21,25233,confirmed,2020-03-25T00:00:00Z
France,FR,French Guiana,,,3.93,-53.13,28,confirmed,2020-03-25T00:00:00Z
France,FR,French Polynesia,,,-17.68,149.41,25,confirmed,2020-03-25T00:00:00Z
France,FR,Guadeloupe,,,16.25,-61.58,73,confirmed,2020-03-25T00:00:00Z
France,FR,Martinique,,,14.64,-61.02,66,confirmed,2020-03-25T00:00:00Z
France,FR,Mayotte,,,-12.83,45.17,36,confirmed,2020-03-25T00:00:00Z
France,FR,New Caledonia,,,-20.9,165.62,14,confirmed,2020-03-25T00:00:00Z
France,FR,Reunion,,,-21.14,55.25,111,confirmed,2020-03-25T00:00:00Z
France,FR,Saint Barthelemy,,,17.9,-62.83,3,confirmed,2020-03-25T00:00:00Z
France,FR,Saint Pierre and Miquelon,,,46.89,-56.32,0,confirmed,2020-03-25T00:00:00Z
France,FR,St Martin,,,18.07,-63.05,11,confirmed,2020-03-25T00:00:00Z
France,FR,,,,46.23,2.21,29155,confirmed,2020-03-26T00:00:00Z
France,FR,French Guiana,,,3.93,-53.13,28,confirmed,2020-03-26T00:00:00Z
France,FR,French Polynesia,,,-17.68,149.41,30,confirmed,2020-03-26T00:00:00Z
France,FR,Guadeloupe,,,16.25,-61.58,73,confirmed,2020-03-26T00:00:00Z
France,FR,Martinique,,,14.64,-61.02,66,confirmed,2020-03-26T00:00:00Z
France,FR,Mayotte,,,-12.83,45.17,36,confirmed,2020-03-26T00:00:00Z
France,FR,New Caledonia,,,-20.9,165.62,14,confirmed,2020-03-26T00:00:00Z
France,FR,Reunion,,,-21.14,55.25,135,confirmed,2020-03-26T00:00:00Z
France,FR,Saint Barthelemy,,,17.9,-62.83,3,confirmed,2020-03-26T00:00:00Z
France,FR,Saint Pierre and Miquelon,,,46.89,-56.32,0,confirmed,2020-03-26T00:00:00Z
France,FR,St Martin,,,18.07,-63.05,11,confirmed,2020-03-26T00:00:00Z
France,FR,,,,46.23,2.21,32964,confirmed,2020-03-27T00:00:00Z
France,FR,French Guiana,,,3.93,-53.13,28,confirmed,2020-03-27T00:00:00Z
France,FR,French Polynesia,,,-17.68,149.41,30,confirmed,2020-03-27T00:00:00Z
France,FR,Guadeloupe,,,16.25,-61.58,73,confirmed,2020-03-27T00:00:00Z
France,FR,Martinique,,,14.64,-61.02,81,confirmed,2020-03-27T00:00:00Z
France,FR,Mayotte,,,-12.83,45.17,50,confirmed,2020-03-27T00:00:00Z
France,FR,New Caledonia,,,-20.9,165.62,15,confirmed,2020-03-27T00:00:00Z
France,FR,Reunion,,,-21.14,55.25,145,confirmed,2020-03-27T00:00:00Z
France,FR,Saint Barthelemy,,,17.9,-62.83,5,confirmed,2020-03-27T00:00:00Z
France,FR,Saint Pierre and Miquelon,,,46.89,-56.32,0,confirmed,2020-03-27T00:00:00Z
France,FR,St Martin,,,18.07,-63.05,11,confirmed,2020-03-27T00:00:00Z
France,FR,,,,46.23,2.21,37575,confirmed,2020-03-28T00:00:00Z
France,FR,French Guiana,,,3.93,-53.13,28,confirmed,2020-03-28T00:00:00Z
France,FR,French Polynesia,,,-17.68,149.41,30,confirmed,2020-03-28T00:00:00Z
France,FR,Guadeloupe,,,16.25,-61.58,102,confirmed,2020-03-28T00:00:00Z
France,FR,Martinique,,,14.64,-61.02,93,confirmed,2020-03-28T00:00:00Z
France,FR,Mayotte,,,-12.83,45.17,63,confirmed,2020-03-28T00:00:00Z
France,FR,New Caledonia,,,-20.9,165.62,15,confirmed,2020-03-28T00:00:00Z
France,FR,Reunion,,,-21.14,55.25,183,confirmed,2020-03-28T00:00:00Z
France,FR,Saint Barthelemy,,,17.9,-62.83,5,confirmed,2020-03-28T00:00:00Z
France,FR,Saint Pierre and Miquelon,,,46.89,-56.32,0,confirmed,2020-03-28T00:00:00Z
France,FR,St Martin,,,18.07,-63.05,11,confirmed,2020-03-28T00:00:00Z
France,FR,,,,46.23,2.21,40174,confirmed,2020-03-29T00:00:00Z
France,FR,French Guiana,,,3.93,-53.13,28,confirmed,2020-03-29T00:00:00Z
France,FR,French Polynesia,,,-17.68,149.41,30,confirmed,2020-03-29T00:00:00Z
France,FR,Guadeloupe,,,16.25,-61.58,106,confirmed,2020-03-29T00:00:00Z
France,FR,Martinique,,,14.64,-61.02,93,confirmed,2020-03-29T00:00:00Z
France,FR,Mayotte,,,-12.83,45.17,63,confirmed,2020-03-29T00:00:00Z
France,FR,New Caledonia,,,-20.9,165.62,15,confirmed,2020-03-29T00:00:00Z
France,FR,Reunion,,,-21.14,55.25,183,confirmed,2020-03-29T00:00:00Z
France,FR,Saint Barthelemy,,,17.9,-62.83,5,confirmed,2020-03-29T00:00:00Z
France,FR,Saint Pierre and Miquelon,,,46.89,-56.32,0,confirmed,2020-03-29T00:00:00Z
France,FR,St Martin,,,18.07,-63.05,11,confirmed,2020-03-29T00:00:00Z
France,FR,,,,46.23,2.21,44550,confirmed,2020-03-30T00:00:00Z
France,FR,French Guiana,,,3.93,-53.13,43,confirmed,2020-03-30T00:00:00Z
France,FR,French Polynesia,,,-17.68,149.41,36,confirmed,2020-03-30T00:00:00Z
France,FR,Guadeloupe,,,16.25,-61.58,106,confirmed,2020-03-30T00:00:00Z
France,FR,Martinique,,,14.64,-61.02,93,confirmed,2020-03-30T00:00:00Z
France,FR,Mayotte,,,-12.83,45.17,82,confirmed,2020-03-30T00:00:00Z
France,FR,New Caledonia,,,-20.9,165.62,15,confirmed,2020-03-30T00:00:00Z
France,FR,Reunion,,,-21.14,55.25,224,confirmed,2020-03-30T00:00:00Z
France,FR,Saint Barthelemy,,,17.9,-62.83,6,confirmed,2020-03-30T00:00:00Z
France,FR,Saint Pierre and Miquelon,,,46.89,-56.32,0,confirmed,2020-03-30T00:00:00Z
France,FR,St Martin,,,18.07,-63.05,15,confirmed,2020-03-30T00:00:00Z
France,FR,,,,46.23,2.21,52128,confirmed,2020-03-31T00:00:00Z
France,FR,French Guiana,,,3.93,-53.13,43,confirmed,2020-03-31T00:00:00Z
France,FR,French Polynesia,,,-17.68,149.41,36,confirmed,2020-03-31T00:00:00Z
France,FR,Guadeloupe,,,16.25,-61.58,114,confirmed,2020-03-31T00:00:00Z
France,FR,Martinique,,,14.64,-61.02,128,confirmed,2020-03-31T00:00:00Z
France,FR,Mayotte,,,-12.83,45.17,94,confirmed,2020-03-31T00:00:00Z
France,FR,New Caledonia,,,-20.9,165.62,16,confirmed,2020-03-31T00:00:00Z
France,FR,Reunion,,,-21.14,55.25,247,confirmed,2020-03-31T00:00:00Z
France,FR,Saint Barthelemy,,,17.9,-62.83,6,confirmed,2020-03-31T00:00:00Z
France,FR,Saint Pierre and Miquelon,,,46.89,-56.32,0,confirmed,2020-03-31T00:00:00Z
France,FR,St Martin,,,18.07,-63.05,15,confirmed,2020-03-31T00:00:00Z
France,FR,,,,46.23,2.21,56989,confirmed,2020-04-01T00:00:00Z
France,FR,French Guiana,,,3.93,-53.13,51,confirmed,2020-04-01T00:00:00Z
France,FR,French Polynesia,,,-17.68,149.41,37,confirmed,2020-04-01T00:00:00Z
France,FR,Guadeloupe,,,16.25,-61.58,125,confirmed,2020-04-01T00:00:00Z
France,FR,Martinique,,,14.64,-61.02,135,confirmed,2020-04-01T00:00:00Z
France,FR,Mayotte,,,-12.83,45.17,94,confirmed,2020-04-01T00:00:00Z
France,FR,New Caledonia,,,-20.9,165.62,16,confirmed,2020-04-01T00:00:00Z
France,FR,Reunion,,,-21.14,55.25,281,confirmed,2020-04-01T00:00:00Z
France,FR,Saint Barthelemy,,,17.9,-62.83,6,confirmed,2020-04-01T00:00:00Z
France,FR,Saint Pierre and Miquelon,,,46.89,-56.32,0,confirmed,2020-04-01T00:00:00Z
France,FR,St Martin,,,18.07,-63.05,15,confirmed,2020-04-01T00:00:00Z
