Country,CountryCode,Province,City,CityCode,Lat,Lon,Cases,Status,Date
Germany,DE,,,,51.17,10.45,130,confirmed,2020-03-01T00:00:00Z
Germany,DE,,,,51.17,10.45,159,confirmed,2020-03-02T00:00:00Z
Germany,DE,,,,51.17,10.45,196,confirmed,2020-03-03T00:00:00Z
Germany,DE,,,,51.17,10.45,262,confirmed,2020-03-04T00:00:00Z
Germany,DE,,,,51.17,10.45,482,confirmed,2020-03-05T00:00:00Z
Germany,DE,,,,51.17,10.45,670,confirmed,2020-03-06T00:00:00Z
Germany,DE,,,,51.17,10.45,799,confirmed,2020-03-07T00:00:00Z
Germany,DE,,,,51.17,10.45,1040,confirmed,2020-03-08T00:00:00Z
Germany,DE,,,,51.17,10.45,1176,confirmed,2020-03-09T00:00:00Z
Germany,DE,,,,51.17,10.45,1457,confirmed,2020-03-10T00:00:00Z
Germany,DE,,,,51.17,10.45,1908,confirmed,2020-03-11T00:00:00Z
Germany,DE,,,,51.17,10.45,2078,confirmed,2020-03-12T00:00:00Z
Germany,DE,,,,51.17,10.45,3675,confirmed,2020-03-13T00:00:00Z
Germany,DE,,,,51.17,10.45,4585,confirmed,2020-03-14T00:00:00Z
Germany,DE,,,,51.17,10.45,5795,confirmed,2020-03-15T00:00:00Z
Germany,DE,,,,51.17,10.45,7272,confirmed,2020-03-16T00:00:00Z
Germany,DE,,,,51.17,10.45,9257,confirmed,2020-03-17T00:00:00Z
Germany,DE,,,,51.17,10.45,12327,confirmed,2020-03-18T00:00:00Z
Germany,DE,,,,51.17,10.45,15320,confirmed,2020-03-19T00:00:00Z
Germany,DE,,,,51.17,10.45,19848,confirmed,2020-03-20T00:00:00Z
Germany,DE,,,,51.17,10.45,22213,confirmed,2020-03-21T00:00:00Z
Germany,DE,,,,51.17,10.45,24873,confirmed,2020-03-22T00:00:00Z
Germany,DE,,,,51.17,10.45,29056,confirmed,2020-03-23T00:00:00Z
Germany,DE,,,,51.17,10.45,32986,confirmed,2020-03-24T00:00:00Z
Germany,DE,,,,51.17,10.45,37323,confirmed,2020-03-25T00:00:00Z
Germany,DE,,,,51.17,10.45,43938,confirmed,2020-03-26T00:00:00Z
Germany,DE,,,,51.17,10.45,50871,confirmed,2020-03-27T00:00:00Z
Germany,DE,,,,51.17,10.45,57695,confirmed,2020-03-28T00:00:00Z
Germany,DE,,,,51.17,10.45,62095,confirmed,2020-03-29T00:00:00Z
Germany,DE,,,,51.17,10.45,66885,confirmed,2020-03-30T00:00:00Z
Germany,DE,,,,51.17,10.45,71808,confirmed,2020-03-31T00:00:00Z
Germany,DE,,,,51.17,10.45,77872,confirmed,2020-04-01T00:00:00Z
