Country,CountryCode,Province,City,CityCode,Lat,Lon,Cases,Status,Date
Greece,GR,,,,39.07,21.82,7,confirmed,2020-03-01T00:00:00Z
Greece,GR,,,,39.07,21.82,7,confirmed,2020-03-02T00:00:00Z
Greece,GR,,,,39.07,21.82,7,confirmed,2020-03-03T00:00:00Z
Greece,GR,,,,39.07,21.82,9,confirmed,2020-03-04T00:00:00Z
Greece,GR,,,,39.07,21.82,31,confirmed,2020-03-05T00:00:00Z
Greece,GR,,,,39.07,21.82,45,confirmed,2020-03-06T00:00:00Z
Greece,GR,,,,39.07,21.82,46,confirmed,2020-03-07T00:00:00Z
Greece,GR,,,,39.07,21.82,73,confirmed,2020-03-08T00:00:00Z
Greece,GR,,,,39.07,21.82,73,confirmed,2020-03-09T00:00:00Z
Greece,GR,,,,39.07,21.82,89,confirmed,2020-03-10T00:00:00Z
Greece,GR,,,,39.07,21.82,99,confirmed,2020-03-11T00:00:00Z
Greece,GR,,,,39.07,21.82,99,confirmed,2020-03-12T00:00:00Z
Greece,GR,,,,39.07,21.82,190,confirmed,2020-03-13T00:00:00Z
Greece,GR,,,,39.07,21.82,228,confirmed,2020-03-14T00:00:00Z
Greece,GR,,,,39.07,21.82,331,confirmed,2020-03-15T00:00:00Z
Greece,GR,,,,39.07,21.82,331,confirmed,2020-03-16T00:00:00Z
Greece,GR,,,,39.07,21.82,387,confirmed,2020-03-17T00:00:00Z
Greece,GR,,,,39.07,21.82,418,confirmed,2020-03-18T00:00:00Z
Greece,GR,,,,39.07,21.82,418,confirmed,2020-03-19T00:00:00Z
Greece,GR,,,,39.07,21.82,495,confirmed,2020-03-20T00:00:00Z
Greece,GR,,,,39.07,21.82,530,confirmed,2020-03-21T00:00:00Z
Greece,GR,,,,39.07,21.82,624,confirmed,2020-03-22T00:00:00Z
Greece,GR,,,,39.07,21.82,695,confirmed,2020-03-23T00:00:00Z
Greece,GR,,,,39.07,21.82,743,confirmed,2020-03-24T00:00:00Z
Greece,GR,,,,39.07,21.82,821,confirmed,2020-03-25T00:00:00Z
Greece,GR,,,,39.07,21.82,892,confirmed,2020-03-26T00:00:00Z
Greece,GR,,,,39.07,21.82,966,confirmed,2020-03-27T00:00:00Z
Greece,GR,,,,39.07,21.82,1061,confirmed,2020-03-28T00:00:00Z
Greece,GR,,,,39.07,21.82,1156,confirmed,2020-03-29T00:00:00Z
Greece,GR,,,,39.07,21.82,1212,confirmed,2020-03-30T00:00:00Z
Greece,GR,,,,39.07,21.82,1314,confirmed,2020-03-31T00:00:00Z
Greece,GR,,,,39.07,21.82,1415,confirmed,2020-04-01T00:00:00Z
