Country,CountryCode,Province,City,CityCode,Lat,Lon,Cases,Status,Date
Hungary,HU,,,,47.16,19.5,0,confirmed,2020-03-01T00:00:00Z
Hungary,HU,,,,47.16,19.5,0,confirmed,2020-03-02T00:00:00Z
Hungary,HU,,,,47.16,19.5,0,confirmed,2020-03-03T00:00:00Z
Hungary,HU,,,,47.16,19.5,2,confirmed,2020-03-04T00:00:00Z
Hungary,HU,,,,47.16,19.5,2,confirmed,2020-03-05T00:00:00Z
Hungary,HU,,,,47.16,19.5,2,confirmed,2020-03-06T00:00:00Z
Hungary,HU,,,,47.16,19.5,4,confirmed,2020-03-07T00:00:00Z
Hungary,HU,,,,47.16,19.5,7,confirmed,2020-03-08T00:00:00Z
Hungary,HU,,,,47.16,19.5,9,confirmed,2020-03-09T00:00:00Z
Hungary,HU,,,,47.16,19.5,9,confirmed,2020-03-10T00:00:00Z
Hungary,HU,,,,47.16,19.5,13,confirmed,2020-03-11T00:00:00Z
Hungary,HU,,,,47.16,19.5,13,confirmed,2020-03-12T00:00:00Z
Hungary,HU,,,,47.16,19.5,19,confirmed,2020-03-13T00:00:00Z
Hungary,HU,,,,47.16,19.5,30,confirmed,2020-03-14T00:00:00Z
Hungary,HU,,,,47.16,19.5,32,confirmed,2020-03-15T00:00:00Z
Hungary,HU,,,,47.16,19.5,39,confirmed,2020-03-16T00:00:00Z
Hungary,HU,,,,47.16,19.5,50,confirmed,2020-03-17T00:00:00Z
Hungary,HU,,,,47.16,19.5,58,confirmed,2020-03-18T00:00:00Z
Hungary,HU,,,,47.16,19.5,73,confirmed,2020-03-19T00:00:00Z
Hungary,HU,,,,47.16,19.5,85,confirmed,2020-03-20T00:00:00Z
Hungary,HU,,,,47.16,19.5,103,confirmed,2020-03-21T00:00:00Z
Hungary,HU,,,,47.16,19.5,131,confirmed,2020-03-22T00:00:00Z
Hungary,HU,,,,47.16,19.5,167,confirmed,2020-03-23T00:00:00Z
Hungary,HU,,,,47.16,19.5,187,confirmed,2020-03-24T00:00:00Z
Hungary,HU,,,,47.16,19.5,226,confirmed,2020-03-25T00:00:00Z
Hungary,HU,,,,47.16,19.5,261,confirmed,2020-03-26T00:00:00Z
Hungary,HU,,,,47.16,19.5,300,confirmed,2020-03-27T00:00:00Z
Hungary,HU,,,,47.16,19.5,343,confirmed,2020-03-28T00:00:00Z
Hungary,HU,,,,47.16,19.5,408,confirmed,2020-03-29T00:00:00Z
Hungary,HU,,,,47.16,19.5,447,confirmed,2020-03-30T00:00:00Z
Hungary,HU,,,,47.16,19.5,492,confirmed,2020-03-31T00:00:00Z
Hungary,HU,,,,47.16,19.5,525,confirmed,2020-04-01T00:00:00Z
