Country,CountryCode,Province,City,CityCode,Lat,Lon,Cases,Status,Date
Iceland,IS,,,,64.96,-19.02,3,confirmed,2020-03-01T00:00:00Z
Iceland,IS,,,,64.96,-19.02,6,confirmed,2020-03-02T00:00:00Z
Iceland,IS,,,,64.96,-19.02,11,confirmed,2020-03-03T00:00:00Z
Iceland,IS,,,,64.96,-19.02,26,confirmed,2020-03-04T00:00:00Z
Iceland,IS,,,,64.96,-19.02,34,confirmed,2020-03-05T00:00:00Z
Iceland,IS,,,,64.96,-19.02,43,confirmed,2020-03-06T00:00:00Z
Iceland,IS,,,,64.96,-19.02,50,confirmed,2020-03-07T00:00:00Z
Iceland,IS,,,,64.96,-19.02,50,confirmed,2020-03-08T00:00:00Z
Iceland,IS,,,,64.96,-19.02,58,confirmed,2020-03-09T00:00:00Z
Iceland,IS,,,,64.96,-19.02,69,confirmed,2020-03-10T00:00:00Z
Iceland,IS,,,,64.96,-19.02,85,confirmed,2020-03-11T00:00:00Z
Iceland,IS,,,,64.96,-19.02,103,confirmed,2020-03-12T00:00:00Z
Iceland,IS,,,,64.96,-19.02,134,confirmed,2020-03-13T00:00:00Z
Iceland,IS,,,,64.96,-19.02,156,confirmed,2020-03-14T00:00:00Z
Iceland,IS,,,,64.96,-19.02,171,confirmed,2020-03-15T00:00:00Z
Iceland,IS,,,,64.96,-19.02,180,confirmed,2020-03-16T00:00:00Z
Iceland,IS,,,,64.96,-19.02,220,confirmed,2020-03-17T00:00:00Z
Iceland,IS,,,,64.96,-19.02,250,confirmed,2020-03-18T00:00:00Z
Iceland,IS,,,,64.96,-19.02,330,confirmed,2020-03-19T00:00:00Z
Iceland,IS,,,,64.96,-19.02,409,confirmed,2020-03-20T00:00:00Z
Iceland,IS,,,,64.96,-19.02,473,confirmed,2020-03-21T00:00:00Z
Iceland,IS,,,,64.96,-19.02,568,confirmed,2020-03-22T00:00:00Z
Iceland,IS,,,,64.96,-19.02,588,confirmed,2020-03-23T00:00:00Z
Iceland,IS,,,,64.96,-19.02,648,confirmed,2020-03-24T00:00:00Z
Iceland,IS,,,,64.96,-19.02,737,confirmed,2020-03-25T00:00:00Z
Iceland,IS,,,,64.96,-19.02,802,confirmed,2020-03-26T00:00:00Z
Iceland,IS,,,,64.96,-19.02,890,confirmed,2020-03-27T00:00:00Z
Iceland,IS,,,,64.96,-19.02,963,confirmed,2020-03-28T00:00:00Z
Iceland,IS,,,,64.96,-19.02,1020,confirmed,2020-03-29T00:00:00Z
Iceland,IS,,,,64.96,-19.02,1086,confirmed,2020-03-30T00:00:00Z
Iceland,IS,,,,64.96,-19.02,1135,confirmed,2020-03-31T00:00:00Z
Iceland,IS,,,,64.96,-19.02,1220,confirmed,2020-04-01T00:00:00Z
