Country,CountryCode,Province,City,CityCode,Lat,Lon,Cases,Status,Date
India,IN,,,,20.59,78.96,3,confirmed,2020-03-01T00:00:00Z
India,IN,,,,20.59,78.96,5,confirmed,2020-03-02T00:00:00Z
India,IN,,,,20.59,78.96,5,confirmed,2020-03-03T00:00:00Z
India,IN,,,,20.59,78.96,28,confirmed,2020-03-04T00:00:00Z
India,IN,,,,20.59,78.96,30,confirmed,2020-03-05T00:00:00Z
India,IN,,,,20.59,78.96,31,confirmed,2020-03-06T00:00:00Z
India,IN,,,,20.59,78.96,34,confirmed,2020-03-07T00:00:00Z
India,IN,,,,20.59,78.96,39,confirmed,2020-03-08T00:00:00Z
India,IN,,,,20.59,78.96,43,confirmed,2020-03-09T00:00:00Z
India,IN,,,,20.59,78.96,56,confirmed,2020-03-10T00:00:00Z
India,IN,,,,20.59,78.96,62,confirmed,2020-03-11T00:00:00Z
India,IN,,,,20.59,78.96,73,confirmed,2020-03-12T00:00:00Z
India,IN,,,,20.59,78.96,82,confirmed,2020-03-13T00:00:00Z
India,IN,,,,20.59,78.96,102,confirmed,2020-03-14T00:00:00Z
India,IN,,,,20.59,78.96,113,confirmed,2020-03-15T00:00:00Z
India,IN,,,,20.59,78.96,119,confirmed,2020-03-16T00:00:00Z
India,IN,,,,20.59,78.96,142,confirmed,2020-03-17T00:00:00Z
India,IN,,,,20.59,78.96,156,confirmed,2020-03-18T00:00:00Z
India,IN,,,,20.59,78.96,194,confirmed,2020-03-19T00:00:00Z
India,IN,,,,20.59,78.96,244,confirmed,2020-03-20T00:00:00Z
India,IN,,,,20.59,78.96,330,confirmed,2020-03-21T00:00:00Z
India,IN,,,,20.59,78.96,396,confirmed,2020-03-22T00:00:00Z
India,IN,,,,20.59,78.96,499,confirmed,2020-03-23T00:00:00Z
India,IN,,,,20.59,78.96,536,confirmed,2020-03-24T00:00:00Z
India,IN,,,,20.59,78.96,657,confirmed,2020-03-25T00:00:00Z
India,IN,,,,20.59,78.96,727,confirmed,2020-03-26T00:00:00Z
India,IN,,,,20.59,78.96,887,confirmed,2020-03-27T00:00:00Z
India,IN,,,,20.59,78.96,987,confirmed,2020-03-28T00:00:00Z
India,IN,,,,20.59,78.96,1024,confirmed,2020-03-29T00:00:00Z
India,IN,,,,20.59,78.96,1251,confirmed,2020-03-30T00:00:00Z
India,IN,,,,20.59,78.96,1397,confirmed,2020-03-31T00:00:00Z
India,IN,,,,20.59,78.96,1998,confirmed,2020-04-01T00:00:00Z
