Country,CountryCode,Province,City,CityCode,Lat,Lon,Cases,Status,Date
Indonesia,ID,,,,-0.79,113.92,0,confirmed,2020-03-01T00:00:00Z
Indonesia,ID,,,,-0.79,113.92,2,confirmed,2020-03-02T00:00:00Z
Indonesia,ID,,,,-0.79,113.92,2,confirmed,2020-03-03T00:00:00Z
Indonesia,ID,,,,-0.79,113.92,2,confirmed,2020-03-04T00:00:00Z
Indonesia,ID,,,,-0.79,113.92,2,confirmed,2020-03-05T00:00:00Z
Indonesia,ID,,,,-0.79,113.92,4,confirmed,2020-03-06T00:00:00Z
Indonesia,ID,,,,-0.79,113.92,4,confirmed,2020-03-07T00:00:00Z
Indonesia,ID,,,,-0.79,113.92,6,confirmed,2020-03-08T00:00:00Z
Indonesia,ID,,,,-0.79,113.92,19,confirmed,2020-03-09T00:00:00Z
Indonesia,ID,,,,-0.79,113.92,27,confirmed,2020-03-10T00:00:00Z
Indonesia,ID,,,,-0.79,113.92,34,confirmed,2020-03-11T00:00:00Z
Indonesia,ID,,,,-0.79,113.92,34,confirmed,2020-03-12T00:00:00Z
Indonesia,ID,,,,-0.79,113.92,69,confirmed,2020-03-13T00:00:00Z
Indonesia,ID,,,,-0.79,113.92,96,confirmed,2020-03-14T00:00:00Z
Indonesia,ID,,,,-0.79,113.92,117,confirmed,2020-03-15T00:00:00Z
Indonesia,ID,,,,-0.79,113.92,134,confirmed,2020-03-16T00:00:00Z
Indonesia,ID,,,,-0.79,113.92,172,confirmed,2020-03-17T00:00:00Z
Indonesia,ID,,,,-0.79,113.92,227,confirmed,2020-03-18T00:00:00Z
Indonesia,ID,,,,-0.79,113.92,311,confirmed,2020-03-19T00:00:00Z
Indonesia,ID,,,,-0.79,113.92,369,confirmed,2020-03-20T00:00:00Z
Indonesia,ID,,,,-0.79,113.92,450,confirmed,2020-03-21T00:00:00Z
Indonesia,ID,,,,-0.79,113.92,514,confirmed,2020-03-22T00:00:00Z
Indonesia,ID,,,,-0.79,113.92,579,confirmed,2020-03-23T00:00:00Z
Indonesia,ID,,,,-0.79,113.92,686,confirmed,2020-03-24T00:00:00Z
Indonesia,ID,,,,-0.79,113.92,790,confirmed,2020-03-25T00:00:00Z
Indonesia,ID,,,,-0.79,113.92,893,confirmed,2020-03-26T00:00:00Z
Indonesia,ID,,,,-0.79,113.92,1046,confirmed,2020-03-27T00:00:00Z
Indonesia,ID,,,,-0.79,113.92,1155,confirmed,2020-03-28T00:00:00Z
Indonesia,ID,,,,-0.79,113.92,1285,confirmed,2020-03-29T00:00:00Z
Indonesia,ID,,,,-0.79,113.92,1414,confirmed,2020-03-30T00:00:00Z
Indonesia,ID,,,,-0.79,113.92,1528,confirmed,2020-03-31T00:00:00Z
Indonesia,ID,,,,-0.79,113.92,1677,confirmed,2020-04-01T00:00:00Z
