Country,CountryCode,Province,City,CityCode,Lat,Lon,Cases,Status,Date
Ireland,IE,,,,53.41,-8.24,1,confirmed,2020-03-01T00:00:00Z
Ireland,IE,,,,53.41,-8.24,1,confirmed,2020-03-02T00:00:00Z
Ireland,IE,,,,53.41,-8.24,2,confirmed,2020-03-03T00:00:00Z
Ireland,IE,,,,53.41,-8.24,6,confirmed,2020-03-04T00:00:00Z
Ireland,IE,,,,53.41,-8.24,6,confirmed,2020-03-05T00:00:00Z
Ireland,IE,,,,53.41,-8.24,18,confirmed,2020-03-06T00:00:00Z
Ireland,IE,,,,53.41,-8.24,18,confirmed,2020-03-07T00:00:00Z
Ireland,IE,,,,53.41,-8.24,19,confirmed,2020-03-08T00:00:00Z
Ireland,IE,,,,53.41,-8.24,21,confirmed,2020-03-09T00:00:00Z
Ireland,IE,,,,53.41,-8.24,34,confirmed,2020-03-10T00:00:00Z
Ireland,IE,,,,53.41,-8.24,43,confirmed,2020-03-11T00:00:00Z
Ireland,IE,,,,53.41,-8.24,43,confirmed,2020-03-12T00:00:00Z
Ireland,IE,,,,53.41,-8.24,90,confirmed,2020-03-13T00:00:00Z
Ireland,IE,,,,53.41,-8.24,129,confirmed,2020-03-14T00:00:00Z
Ireland,IE,,,,53.41,-8.24,129,confirmed,2020-03-15T00:00:00Z
Ireland,IE,,,,53.41,-8.24,169,confirmed,2020-03-16T00:00:00Z
Ireland,IE,,,,53.41,-8.24,223,confirmed,2020-03-17T00:00:00Z
Ireland,IE,,,,53.41,-8.24,292,confirmed,2020-03-18T00:00:00Z
Ireland,IE,,,,53.41,-8.24,557,confirmed,2020-03-19T00:00:00Z
Ireland,IE,,,,53.41,-8.24,683,confirmed,2020-03-20T00:00:00Z
Ireland,IE,,,,53.41,-8.24,785,confirmed,2020-03-21T00:00:00Z
Ireland,IE,,,,53.41,-8.24,906,confirmed,2020-03-22T00:00:00Z
Ireland,IE,,,,53.41,-8.24,1125,confirmed,2020-03-23T00:00:00Z
Ireland,IE,,,,53.41,-8.24,1329,confirmed,2020-03-24T00:00:00Z
Ireland,IE,,,,53.41,-8.24,1564,confirmed,2020-03-25T00:00:00Z
Ireland,IE,,,,53.41,-8.24,1819,confirmed,2020-03-26T00:00:00Z
Ireland,IE,,,,53.41,-8.24,2121,confirmed,2020-03-27T00:00:00Z
Ireland,IE,,,,53.41,-8.24,2415,confirmed,2020-03-28T00:00:00Z
Ireland,IE,,,,53.41,-8.24,2615,confirmed,2020-03-29T00:00:00Z
Ireland,IE,,,,53.41,-8.24,2910,confirmed,2020-03-30T00:00:00Z
Ireland,IE,,,,53.41,-8.24,3235,confirmed,2020-03-31T00:00:00Z
Ireland,IE,,,,53.41,-8.24,3447,confirmed,2020-04-01T00:00:00Z
