Country,CountryCode,Province,City,CityCode,Lat,Lon,Cases,Status,Date
Israel,IL,,,,31.05,34.85,10,confirmed,2020-03-01T00:00:00Z
Israel,IL,,,,31.05,34.85,10,confirmed,2020-03-02T00:00:00Z
Israel,IL,,,,31.05,34.85,12,confirmed,2020-03-03T00:00:00Z
Israel,IL,,,,31.05,34.85,15,confirmed,2020-03-04T00:00:00Z
Israel,IL,,,,31.05,34.85,20,confirmed,2020-03-05T00:00:00Z
Israel,IL,,,,31.05,34.85,37,confirmed,2020-03-06T00:00:00Z
Israel,IL,,,,31.05,34.85,43,confirmed,2020-03-07T00:00:00Z
Israel,IL,,,,31.05,34.85,61,confirmed,2020-03-08T00:00:00Z
Israel,IL,,,,31.05,34.85,61,confirmed,2020-03-09T00:00:00Z
Israel,IL,,,,31.05,34.85,75,confirmed,2020-03-10T00:00:00Z
Israel,IL,,,,31.05,34.85,79,confirmed,2020-03-11T00:00:00Z
Israel,IL,,,,31.05,34.85,100,confirmed,2020-03-12T00:00:00Z
Israel,IL,,,,31.05,34.85,126,confirmed,2020-03-13T00:00:00Z
Israel,IL,,,,31.05,34.85,155,confirmed,2020-03-14T00:00:00Z
Israel,IL,,,,31.05,34.85,213,confirmed,2020-03-15T00:00:00Z
Israel,IL,,,,31.05,34.85,218,confirmed,2020-03-16T00:00:00Z
Israel,IL,,,,31.05,34.85,250,confirmed,2020-03-17T00:00:00Z
Israel,IL,,,,31.05,34.85,304,confirmed,2020-03-18T00:00:00Z
Israel,IL,,,,31.05,34.85,427,confirmed,2020-03-19T00:00:00Z
Israel,IL,,,,31.05,34.85,529,confirmed,2020-03-20T00:00:00Z
Israel,IL,,,,31.05,34.85,712,confirmed,2020-03-21T00:00:00Z
Israel,IL,,,,31.05,34.85,883,confirmed,2020-03-22T00:00:00Z
Israel,IL,,,,31.05,34.85,1071,confirmed,2020-03-23T00:00:00Z
Israel,IL,,,,31.05,34.85,1238,confirmed,2020-03-24T00:00:00Z
Israel,IL,,,,31.05,34.85,2369,confirmed,2020-03-25T00:00:00Z
Israel,IL,,,,31.05,34.85,2693,confirmed,2020-03-26T00:00:00Z
Israel,IL,,,,31.05,34.85,3035,confirmed,2020-03-27T00:00:00Z
Israel,IL,,,,31.05,34.85,3619,confirmed,2020-03-28T00:00:00Z
Israel,IL,,,,31.05,34.85,4247,confirmed,2020-03-29T00:00:00Z
Israel,IL,,,,31.05,34.85,4695,confirmed,2020-03-30T00:00:00Z
Israel,IL,,,,31.05,34.85,5358,confirmed,2020-03-31T00:00:00Z
Israel,IL,,,,31.05,34.85,6092,confirmed,2020-04-01T00:00:00Z
