Country,CountryCode,Province,City,CityCode,Lat,Lon,Cases,Status,Date
Italy,IT,,,,41.87,12.57,1694,confirmed,2020-03-01T00:00:00Z
Italy,IT,,,,41.87,12.57,2036,confirmed,2020-03-02T00:00:00Z
Italy,IT,,,,41.87,12.57,2502,confirmed,2020-03-03T00:00:00Z
Italy,IT,,,,41.87,12.57,3089,confirmed,2020-03-04T00:00:00Z
Italy,IT,,,,41.87,12.57,3858,confirmed,2020-03-05T00:00:00Z
Italy,IT,,,,41.87,12.57,4636,confirmed,2020-03-06T00:00:00Z
Italy,IT,,,,41.87,12.57,5883,confirmed,2020-03-07T00:00:00Z
Italy,IT,,,,41.87,12.57,7375,confirmed,2020-03-08T00:00:00Z
Italy,IT,,,,41.87,12.57,9172,confirmed,2020-03-09T00:00:00Z
Italy,IT,,,,41.87,12.57,10149,confirmed,2020-03-10T00:00:00Z
Italy,IT,,,,41.87,12.57,12462,confirmed,2020-03-11T00:00:00Z
Italy,IT,,,,41.87,12.57,15113,confirmed,2020-03-12T00:00:00Z
Italy,IT,,,,41.87,12.57,17660,confirmed,2020-03-13T00:00:00Z
Italy,IT,,,,41.87,12.57,21157,confirmed,2020-03-14T00:00:00Z
Italy,IT,,,,41.87,12.57,24747,confirmed,2020-03-15T00:00:00Z
Italy,IT,,,,41.87,12.57,27980,confirmed,2020-03-16T00:00:00Z
Italy,IT,,,,41.87,12.57,31506,confirmed,2020-03-17T00:00:00Z
Italy,IT,,,,41.87,12.57,35713,confirmed,2020-03-18T00:00:00Z
Italy,IT,,,,41.87,12.57,41035,confirmed,2020-03-19T00:00:00Z
Italy,IT,,,,41.87,12.57,47021,confirmed,2020-03-20T00:00:00Z
Italy,IT,,,,41.87,12.57,53578,confirmed,2020-03-21T00:00:00Z
Italy,IT,,,,41.87,12.57,59138,confirmed,2020-03-22T00:00:00Z
Italy,IT,,,,41.87,12.57,63927,confirmed,2020-03-23T00:00:00Z
Italy,IT,,,,41.87,12.57,69176,confirmed,2020-03-24T00:00:00Z
Italy,IT,,,,41.87,12.57,74386,confirmed,2020-03-25T00:00:00Z
Italy,IT,,,,41.87,12.57,80589,confirmed,2020-03-26T00:00:00Z
Italy,IT,,,,41.87,12.57,86498,confirmed,2020-03-27T00:00:00Z
Italy,IT,,,,41.87,12.57,92472,confirmed,2020-03-28T00:00:00Z
Italy,IT,,,,41.87,12.57,97689,confirmed,2020-03-29T00:00:00Z
Italy,IT,,,,41.87,12.57,101739,confirmed,2020-03-30T00:00:00Z
Italy,IT,,,,41.87,12.57,105792,confirmed,2020-03-31T00:00:00Z
Italy,IT,,,,41.87,12.57,110574,confirmed,2020-04-01T00:00:00Z
