Country,CountryCode,Province,City,CityCode,Lat,Lon,Cases,Status,Date
Japan,JP,,,,36.2,138.25,259,confirmed,2020-03-01T00:00:00Z
Japan,JP,,,,36.2,138.25,278,confirmed,2020-03-02T00:00:00Z
Japan,JP,,,,36.2,138.25,298,confirmed,2020-03-03T00:00:00Z
Japan,JP,,,,36.2,138.25,333,confirmed,2020-03-04T00:00:00Z
Japan,JP,,,,36.2,138.25,365,confirmed,2020-03-05T00:00:00Z
Japan,JP,,,,36.2,138.25,420,confirmed,2020-03-06T00:00:00Z
Japan,JP,,,,36.2,138.25,466,confirmed,2020-03-07T00:00:00Z
Japan,JP,,,,36.2,138.25,499,confirmed,2020-03-08T00:00:00Z
Japan,JP,,,,36.2,138.25,527,confirmed,2020-03-09T00:00:00Z
Japan,JP,,,,36.2,138.25,585,confirmed,2020-03-10T00:00:00Z
Japan,JP,,,,36.2,138.25,640,confirmed,2020-03-11T00:00:00Z
Japan,JP,,,,36.2,138.25,696,confirmed,2020-03-12T00:00:00Z
Japan,JP,,,,36.2,138.25,733,confirmed,2020-03-13T00:00:00Z
Japan,JP,,,,36.2,138.25,795,confirmed,2020-03-14T00:00:00Z
Japan,JP,,,,36.2,138.25,826,confirmed,2020-03-15T00:00:00Z
Japan,JP,,,,36.2,138.25,843,confirmed,2020-03-16T00:00:00Z
Japan,JP,,,,36.2,138.25,893,confirmed,2020-03-17T00:00:00Z
Japan,JP,,,,36.2,138.25,928,confirmed,2020-03-18T00:00:00Z
Japan,JP,,,,36.2,138.25,968,confirmed,2020-03-19T00:00:00Z
Japan,JP,,,,36.2,138.25,1022,confirmed,2020-03-20T00:00:00Z
Japan,JP,,,,36.2,138.25,1059,confirmed,2020-03-21T00:00:00Z
Japan,JP,,,,36.2,138.25,1104,confirmed,2020-03-22T00:00:00Z
Japan,JP,,,,36.2,138.25,1144,confirmed,2020-03-23T00:00:00Z
Japan,JP,,,,36.2,138.25,1217,confirmed,2020-03-24T00:00:00Z
Japan,JP,,,,36.2,138.25,1314,confirmed,2020-03-25T00:00:00Z
Japan,JP,,,,36.2,138.25,1416,confirmed,2020-03-26T00:00:00Z
Japan,JP,,,,36.2,138.25,1530,confirmed,2020-03-27T00:00:00Z
Japan,JP,,,,36.2,138.25,1728,confirmed,2020-03-28T00:00:00Z
Japan,JP,,,,36.2,138.25,1907,confirmed,2020-03-29T00:00:00Z
Japan,JP,,,,36.2,138.25,2001,confirmed,2020-03-30T00:00:00Z
Japan,JP,,,,36.2,138.25,2255,confirmed,2020-03-31T00:00:00Z
Japan,JP,,,,36.2,138.25,2535,confirmed,2020-04-01T00:00:00Z
