Country,CountryCode,Province,City,CityCode,Lat,Lon,Cases,Status,Date
Latvia,LV,,,,56.88,24.6,0,confirmed,2020-03-01T00:00:00Z
Latvia,LV,,,,56.88,24.6,1,confirmed,2020-03-02T00:00:00Z
Latvia,LV,,,,56.88,24.6,1,confirmed,2020-03-03T00:00:00Z
Latvia,LV,,,,56.88,24.6,1,confirmed,2020-03-04T00:00:00Z
Latvia,LV,,,,56.88,24.6,1,confirmed,2020-03-05T00:00:00Z
Latvia,LV,,,,56.88,24.6,1,confirmed,2020-03-06T00:00:00Z
Latvia,LV,,,,56.88,24.6,1,confirmed,2020-03-07T00:00:00Z
Latvia,LV,,,,56.88,24.6,2,confirmed,2020-03-08T00:00:00Z
Latvia,LV,,,,56.88,24.6,6,confirmed,2020-03-09T00:00:00Z
Latvia,LV,,,,56.88,24.6,8,confirmed,2020-03-10T00:00:00Z
Latvia,LV,,,,56.88,24.6,10,confirmed,2020-03-11T00:00:00Z
Latvia,LV,,,,56.88,24.6,10,confirmed,2020-03-12T00:00:00Z
Latvia,LV,,,,56.88,24.6,17,confirmed,2020-03-13T00:00:00Z
Latvia,LV,,,,56.88,24.6,26,confirmed,2020-03-14T00:00:00Z
Latvia,LV,,,,56.88,24.6,30,confirmed,2020-03-15T00:00:00Z
Latvia,LV,,,,56.88,24.6,34,confirmed,2020-03-16T00:00:00Z
Latvia,LV,,,,56.88,24.6,49,confirmed,2020-03-17T00:00:00Z
Latvia,LV,,,,56.88,24.6,71,confirmed,2020-03-18T00:00:00Z
Latvia,LV,,,,56.88,24.6,86,confirmed,2020-03-19T00:00:00Z
Latvia,LV,,,,56.88,24.6,111,confirmed,2020-03-20T00:00:00Z
Latvia,LV,,,,56.88,24.6,124,confirmed,2020-03-21T00:00:00Z
Latvia,LV,,,,56.88,24.6,139,confirmed,2020-03-22T00:00:00Z
Latvia,LV,,,,56.88,24.6,180,confirmed,2020-03-23T00:00:00Z
Latvia,LV,,,,56.88,24.6,197,confirmed,2020-03-24T00:00:00Z
Latvia,LV,,,,56.88,24.6,221,confirmed,2020-03-25T00:00:00Z
Latvia,LV,,,,56.88,24.6,244,confirmed,2020-03-26T00:00:00Z
Latvia,LV,,,,56.88,24.6,280,confirmed,2020-03-27T00:00:00Z
Latvia,LV,,,,56.88,24.6,305,confirmed,2020-03-28T00:00:00Z
Latvia,LV,,,,56.88,24.6,347,confirmed,2020-03-29T00:00:00Z
Latvia,LV,,,,56.88,24.6,376,confirmed,2020-03-30T00:00:00Z
Latvia,LV,,,,56.88,24.6,398,confirmed,2020-03-31T00:00:00Z
Latvia,LV,,,,56.88,24.6,446,confirmed,2020-04-01T00:00:00Z
