Country,CountryCode,Province,City,CityCode,Lat,Lon,Cases,Status,Date
Lithuania,LT,,,,55.17,23.88,1,confirmed,2020-03-01T00:00:00Z
Lithuania,LT,,,,55.17,23.88,1,confirmed,2020-03-02T00:00:00Z
Lithuania,LT,,,,55.17,23.88,1,confirmed,2020-03-03T00:00:00Z
Lithuania,LT,,,,55.17,23.88,1,confirmed,2020-03-04T00:00:00Z
Lithuania,LT,,,,55.17,23.88,1,confirmed,2020-03-05T00:00:00Z
Lithuania,LT,,,,55.17,23.88,1,confirmed,2020-03-06T00:00:00Z
Lithuania,LT,,,,55.17,23.88,1,confirmed,2020-03-07T00:00:00Z
Lithuania,LT,,,,55.17,23.88,1,confirmed,2020-03-08T00:00:00Z
Lithuania,LT,,,,55.17,23.88,1,confirmed,2020-03-09T00:00:00Z
Lithuania,LT,,,,55.17,23.88,1,confirmed,2020-03-10T00:00:00Z
Lithuania,LT,,,,55.17,23.88,3,confirmed,2020-03-11T00:00:00Z
Lithuania,LT,,,,55.17,23.88,3,confirmed,2020-03-12T00:00:00Z
Lithuania,LT,,,,55.17,23.88,6,confirmed,2020-03-13T00:00:00Z
Lithuania,LT,,,,55.17,23.88,8,confirmed,2020-03-14T00:00:00Z
Lithuania,LT,,,,55.17,23.88,12,confirmed,2020-03-15T00:00:00Z
Lithuania,LT,,,,55.17,23.88,17,confirmed,2020-03-16T00:00:00Z
Lithuania,LT,,,,55.17,23.88,25,confirmed,2020-03-17T00:00:00Z
Lithuania,LT,,,,55.17,23.88,27,confirmed,2020-03-18T00:00:00Z
Lithuania,LT,,,,55.17,23.88,36,confirmed,2020-03-19T00:00:00Z
Lithuania,LT,,,,55.17,23.88,49,confirmed,2020-03-20T00:00:00Z
Lithuania,LT,,,,55.17,23.88,83,confirmed,2020-03-21T00:00:00Z
Lithuania,LT,,,,55.17,23.88,143,confirmed,2020-03-22T00:00:00Z
Lithuania,LT,,,,55.17,23.88,179,confirmed,2020-03-23T00:00:00Z
Lithuania,LT,,,,55.17,23.88,209,confirmed,2020-03-24T00:00:00Z
Lithuania,LT,,,,55.17,23.88,274,confirmed,2020-03-25T00:00:00Z
Lithuania,LT,,,,55.17,23.88,299,confirmed,2020-03-26T00:00:00Z
Lithuania,LT,,,,55.17,23.88,358,confirmed,2020-03-27T00:00:00Z
Lithuania,LT,,,,55.17,23.88,394,confirmed,2020-03-28T00:00:00Z
Lithuania,LT,,,,55.17,23.88,460,confirmed,2020-03-29T00:00:00Z
Lithuania,LT,,,,55.17,23.88,491,confirmed,2020-03-30T00:00:00Z
Lithuania,LT,,,,55.17,23.88,537,confirmed,2020-03-31T00:00:00Z
Lithuania,LT,,,,55.17,23.88,581,confirmed,2020-04-01T00:00:00Z
