Country,CountryCode,Province,City,CityCode,Lat,Lon,Cases,Status,Date
Luxembourg,LU,,,,49.82,6.13,1,confirmed,2020-03-01T00:00:00Z
Luxembourg,LU,,,,49.82,6.13,1,confirmed,2020-03-02T00:00:00Z
Luxembourg,LU,,,,49.82,6.13,1,confirmed,2020-03-03T00:00:00Z
Luxembourg,LU,,,,49.82,6.13,1,confirmed,2020-03-04T00:00:00Z
Luxembourg,LU,,,,49.82,6.13,1,confirmed,2020-03-05T00:00:00Z
Luxembourg,LU,,,,49.82,6.13,2,confirmed,2020-03-06T00:00:00Z
Luxembourg,LU,,,,49.82,6.13,2,confirmed,2020-03-07T00:00:00Z
Luxembourg,LU,,,,49.82,6.13,3,confirmed,2020-03-08T00:00:00Z
Luxembourg,LU,,,,49.82,6.13,3,confirmed,2020-03-09T00:00:00Z
Luxembourg,LU,,,,49.82,6.13,5,confirmed,2020-03-10T00:00:00Z
Luxembourg,LU,,,,49.82,6.13,7,confirmed,2020-03-11T00:00:00Z
Luxembourg,LU,,,,49.82,6.13,19,confirmed,2020-03-12T00:00:00Z
Luxembourg,LU,,,,49.82,6.13,34,confirmed,2020-03-13T00:00:00Z
Luxembourg,LU,,,,49.82,6.13,51,confirmed,2020-03-14T00:00:00Z
Luxembourg,LU,,,,49.82,6.13,59,confirmed,2020-03-15T00:00:00Z
Luxembourg,LU,,,,49.82,6.13,77,confirmed,2020-03-16T00:00:00Z
Luxembourg,LU,,,,49.82,6.13,140,confirmed,2020-03-17T00:00:00Z
Luxembourg,LU,,,,49.82,6.13,203,confirmed,2020-03-18T00:00:00Z
Luxembourg,LU,,,,49.82,6.13,335,confirmed,2020-03-19T00:00:00Z
Luxembourg,LU,,,,49.82,6.13,484,confirmed,2020-03-20T00:00:00Z
Luxembourg,LU,,,,49.82,6.13,670,confirmed,2020-03-21T00:00:00Z
Luxembourg,LU,,,,49.82,6.13,798,confirmed,2020-03-22T00:00:00Z
Luxembourg,LU,,,,49.82,6.13,875,confirmed,2020-03-23T00:00:00Z
Luxembourg,LU,,,,49.82,6.13,1099,confirmed,2020-03-24T00:00:00Z
Luxembourg,LU,,,,49.82,6.13,1333,confirmed,2020-03-25T00:00:00Z
Luxembourg,LU,,,,49.82,6.13,1453,confirmed,2020-03-26T00:00:00Z
Luxembourg,LU,,,,49.82,6.13,1605,confirmed,2020-03-27T00:00:00Z
Luxembourg,LU,,,,49.82,6.13,1831,confirmed,2020-03-28T00:00:00Z
Luxembourg,LU,,,,49.82,6.13,1950,confirmed,2020-03-29T00:00:00Z
Luxembourg,LU,,,,49.82,6.13,1988,confirmed,2020-03-30T00:00:00Z
Luxembourg,LU,,,,49.82,6.13,2178,confirmed,2020-03-31T00:00:00Z
Luxembourg,LU,,,,49.82,6.13,2319,confirmed,2020-04-01T00:00:00Z
