Country,CountryCode,Province,City,CityCode,Lat,Lon,Cases,Status,Date
Mexico,MX,,,,23.63,-102.55,5,confirmed,2020-03-01T00:00:00Z
Mexico,MX,,,,23.63,-102.55,5,confirmed,2020-03-02T00:00:00Z
Mexico,MX,,,,23.63,-102.55,5,confirmed,2020-03-03T00:00:00Z
Mexico,MX,,,,23.63,-102.55,5,confirmed,2020-03-04T00:00:00Z
Mexico,MX,,,,23.63,-102.55,5,confirmed,2020-03-05T00:00:00Z
Mexico,MX,,,,23.63,-102.55,6,confirmed,2020-03-06T00:00:00Z
Mexico,MX,,,,23.63,-102.55,6,confirmed,2020-03-07T00:00:00Z
Mexico,MX,,,,23.63,-102.55,7,confirmed,2020-03-08T00:00:00Z
Mexico,MX,,,,23.63,-102.55,7,confirmed,2020-03-09T00:00:00Z
Mexico,MX,,,,23.63,-102.55,7,confirmed,2020-03-10T00:00:00Z
Mexico,MX,,,,23.63,-102.55,8,confirmed,2020-03-11T00:00:00Z
Mexico,MX,,,,23.63,-102.55,12,confirmed,2020-03-12T00:00:00Z
Mexico,MX,,,,23.63,-102.55,26,confirmed,2020-03-13T00:00:00Z
Mexico,MX,,,,23.63,-102.55,41,confirmed,2020-03-14T00:00:00Z
Mexico,MX,,,,23.63,-102.55,53,confirmed,2020-03-15T00:00:00Z
Mexico,MX,,,,23.63,-102.55,82,confirmed,2020-03-16T00:00:00Z
Mexico,MX,,,,23.63,-102.55,93,confirmed,2020-03-17T00:00:00Z
Mexico,MX,,,,23.63,-102.55,118,confirmed,2020-03-18T00:00:00Z
Mexico,MX,,,,23.63,-102.55,164,confirmed,2020-03-19T00:00:00Z
Mexico,MX,,,,23.63,-102.55,203,confirmed,2020-03-20T00:00:00Z
Mexico,MX,,,,23.63,-102.55,251,confirmed,2020-03-21T00:00:00Z
Mexico,MX,,,,23.63,-102.55,316,confirmed,2020-03-22T00:00:00Z
Mexico,MX,,,,23.63,-102.55,367,confirmed,2020-03-23T00:00:00Z
Mexico,MX,,,,23.63,-102.55,405,confirmed,2020-03-24T00:00:00Z
Mexico,MX,,,,23.63,-102.55,475,confirmed,2020-03-25T00:00:00Z
Mexico,MX,,,,23.63,-102.55,585,confirmed,2020-03-26T00:00:00Z
Mexico,MX,,,,23.63,-102.55,717,confirmed,2020-03-27T00:00:00Z
Mexico,MX,,,,23.63,-102.55,848,confirmed,2020-03-28T00:00:00Z
Mexico,MX,,,,23.63,-102.55,993,confirmed,2020-03-29T00:00:00Z
Mexico,MX,,,,23.63,-102.55,1094,confirmed,2020-03-30T00:00:00Z
Mexico,MX,,,,23.63,-102.55,1215,confirmed,2020-03-31T00:00:00Z
Mexico,MX,,,,23.63,-102.55,1378,confirmed,2020-04-01T00:00:00Z
