Country,CountryCode,Province,City,CityCode,Lat,Lon,Cases,Status,Date
Netherlands,NL,,,,52.13,5.29,10,confirmed,2020-03-01T00:00:00Z
Netherlands,NL,Aruba,,,12.52,-70.04,0,confirmed,2020-03-01T00:00:00Z
Netherlands,NL,"Bonaire, Sint Eustatius and Saba",,,12.18,-68.24,0,confirmed,2020-03-01T00:00:00Z
Netherlands,NL,Curacao,,,12.17,-68.99,0,confirmed,2020-03-01T00:00:00Z
Netherlands,NL,Drenthe,,,52.86,6.62,0,confirmed,2020-03-01T00:00:00Z
Netherlands,NL,Flevoland,,,52.55,5.52,0,confirmed,2020-03-01T00:00:00Z
Netherlands,NL,Friesland,,,53.09,5.79,0,confirmed,2020-03-01T00:00:00Z
Netherlands,NL,Gelderland,,,52.06,5.94,0,confirmed,2020-03-01T00:00:00Z
Netherlands,NL,Groningen,,,53.22,6.74,0,confirmed,2020-03-01T00:00:00Z
Netherlands,NL,Limburg,,,51.21,5.93,0,confirmed,2020-03-01T00:00:00Z
Netherlands,NL,Noord-Brabant,,,51.56,5.18,0,confirmed,2020-03-01T00:00:00Z
Netherlands,NL,Noord-Holland,,,52.6,4.92,0,confirmed,2020-03-01T00:00:00Z
Netherlands,NL,Overijssel,,,52.44,6.44,0,confirmed,2020-03-01T00:00:00Z
Netherlands,NL,Sint Maarten,,,18.04,-63.05,0,confirmed,2020-03-01T00:00:00Z
Netherlands,NL,Utrecht,,,52.08,5.16,0,confirmed,2020-03-01T00:00:00Z
Netherlands,NL,Zeeland,,,51.48,3.86,0,confirmed,2020-03-01T00:00:00Z
Netherlands,NL,Zuid-Holland,,,51.94,4.46,0,confirmed,2020-03-01T00:00:00Z
Netherlands,NL,,,,52.13,5.29,18,confirmed,2020-03-02T00:00:00Z
Netherlands,NL,Aruba,,,12.52,-70.04,0,confirmed,2020-03-02T00:00:00Z
Netherlands,NL,"Bonaire, Sint Eustatius and Saba",,,12.18,-68.24,0,confirmed,2020-03-02T00:00:00Z
Netherlands,NL,Curacao,,,12.17,-68.99,0,confirmed,2020-03-02T00:00:00Z
Netherlands,NL,Drenthe,,,52.86,6.62,0,confirmed,2020-03-02T00:00:00Z
Netherlands,NL,Flevoland,,,52.55,5.52,0,confirmed,2020-03-02T00:00:00Z
Netherlands,NL,Friesland,,,53.09,5.79,0,confirmed,2020-03-02T00:00:00Z
Netherlands,NL,Gelderland,,,52.06,5.94,0,confirmed,2020-03-02T00:00:00Z
Netherlands,NL,Groningen,,,53.22,6.74,0,confirmed,2020-03-02T00:00:00Z
Netherlands,NL,Limburg,,,51.21,5.93,0,confirmed,2020-03-02T00:00:00Z
Netherlands,NL,Noord-Brabant,,,51.56,5.18,0,confirmed,2020-03-02T00:00:00Z
Netherlands,NL,Noord-Holland,,,52.6,4.92,0,confirmed,2020-03-02T00:00:00Z
Netherlands,NL,Overijssel,,,52.44,6.44,0,confirmed,2020-03-02T00:00:00Z
Netherlands,NL,Sint Maarten,,,18.04,-63.05,0,confirmed,2020-03-02T00:00:00Z
Netherlands,NL,Utrecht,,,52.08,5.16,0,confirmed,2020-03-02T00:00:00Z
Netherlands,NL,Zeeland,,,51.48,3.86,0,confirmed,2020-03-02T00:00:00Z
Netherlands,NL,Zuid-Holland,,,51.94,4.46,0,confirmed,2020-03-02T00:00:00Z
Netherlands,NL,,,,52.13,5.29,24,confirmed,2020-03-03T00:00:00Z
Netherlands,NL,Aruba,,,12.52,-70.04,0,confirmed,2020-03-03T00:00:00Z
Netherlands,NL,"Bonaire, Sint Eustatius and Saba",,,12.18,-68.24,0,confirmed,2020-03-03T00:00:00Z
Netherlands,NL,Curacao,,,12.17,-68.99,0,confirmed,2020-03-03T00:00:00Z
Netherlands,NL,Drenthe,,,52.86,6.62,0,confirmed,2020-03-03T00:00:00Z
Netherlands,NL,Flevoland,,,52.55,5.52,0,confirmed,2020-03-03T00:00:00Z
Netherlands,NL,Friesland,,,53.09,5.79,0,confirmed,2020-03-03T00:00:00Z
Netherlands,NL,Gelderland,,,52.06,5.94,0,confirmed,2020-03-03T00:00:00Z
Netherlands,NL,Groningen,,,53.22,6.74,0,confirmed,2020-03-03T00:00:00Z
Netherlands,NL,Limburg,,,51.21,5.93,0,confirmed,2020-03-03T00:00:00Z
Netherlands,NL,Noord-Brabant,,,51.56,5.18,0,confirmed,2020-03-03T00:00:00Z
Netherlands,NL,Noord-Holland,,,52.6,4.92,0,confirmed,2020-03-03T00:00:00Z
Netherlands,NL,Overijssel,,,52.44,6.44,0,confirmed,2020-03-03T00:00:00Z
Netherlands,NL,Sint Maarten,,,18.04,-63.05,0,confirmed,2020-03-03T00:00:00Z
Netherlands,NL,Utrecht,,,52.08,5.16,0,confirmed,2020-03-03T00:00:00Z
Netherlands,NL,Zeeland,,,51.48,3.86,0,confirmed,2020-03-03T00:00:00Z
Netherlands,NL,Zuid-Holland,,,51.94,4.46,0,confirmed,2020-03-03T00:00:00Z
Netherlands,NL,,,,52.13,5.29,38,confirmed,2020-03-04T00:00:00Z
Netherlands,NL,Aruba,,,12.52,-70.04,0,confirmed,2020-03-04T00:00:00Z
Netherlands,NL,"Bonaire, Sint Eustatius and Saba",,,12.18,-68.24,0,confirmed,2020-03-04T00:00:00Z
Netherlands,NL,Curacao,,,12.17,-68.99,0,confirmed,2020-03-04T00:00:00Z
Netherlands,NL,Drenthe,,,52.86,6.62,0,confirmed,2020-03-04T00:00:00Z
Netherlands,NL,Flevoland,,,52.55,5.52,0,confirmed,2020-03-04T00:00:00Z
Netherlands,NL,Friesland,,,53.09,5.79,0,confirmed,2020-03-04T00:00:00Z
Netherlands,NL,Gelderland,,,52.06,5.94,0,confirmed,2020-03-04T00:00:00Z
Netherlands,NL,Groningen,,,53.22,6.74,0,confirmed,2020-03-04T00:00:00Z
Netherlands,NL,Limburg,,,51.21,5.93,0,confirmed,2020-03-04T00:00:00Z
Netherlands,NL,Noord-Brabant,,,51.56,5.18,0,confirmed,2020-03-04T00:00:00Z
Netherlands,NL,Noord-Holland,,,52.6,4.92,0,confirmed,2020-03-04T00:00:00Z
Netherlands,NL,Overijssel,,,52.44,6.44,0,confirmed,2020-03-04T00:00:00Z
Netherlands,NL,Sint Maarten,,,18.04,-63.05,0,confirmed,2020-03-04T00:00:00Z
Netherlands,NL,Utrecht,,,52.08,5.16,0,confirmed,2020-03-04T00:00:00Z
Netherlands,NL,Zeeland,,,51.48,3.86,0,confirmed,2020-03-04T00:00:00Z
Netherlands,NL,Zuid-Holland,,,51.94,4.46,0,confirmed,2020-03-04T00:00:00Z
Netherlands,NL,,,,52.13,5.29,82,confirmed,2020-03-05T00:00:00Z
Netherlands,NL,Aruba,,,12.52,-70.04,0,confirmed,2020-03-05T00:00:00Z
Netherlands,NL,"Bonaire, Sint Eustatius and Saba",,,12.18,-68.24,0,confirmed,2020-03-05T00:00:00Z
Netherlands,NL,Curacao,,,12.17,-68.99,0,confirmed,2020-03-05T00:00:00Z
Netherlands,NL,Drenthe,,,52.86,6.62,0,confirmed,2020-03-05T00:00:00Z
Netherlands,NL,Flevoland,,,52.55,5.52,0,confirmed,2020-03-05T00:00:00Z
Netherlands,NL,Friesland,,,53.09,5.79,0,confirmed,2020-03-05T00:00:00Z
Netherlands,NL,Gelderland,,,52.06,5.94,0,confirmed,2020-03-05T00:00:00Z
Netherlands,NL,Groningen,,,53.22,6.74,0,confirmed,2020-03-05T00:00:00Z
Netherlands,NL,Limburg,,,51.21,5.93,0,confirmed,2020-03-05T00:00:00Z
Netherlands,NL,Noord-Brabant,,,51.56,5.18,0,confirmed,2020-03-05T00:00:00Z
Netherlands,NL,Noord-Holland,,,52.6,4.92,0,confirmed,2020-03-05T00:00:00Z
Netherlands,NL,Overijssel,,,52.44,6.44,0,confirmed,2020-03-05T00:00:00Z
Netherlands,NL,Sint Maarten,,,18.04,-63.05,0,confirmed,2020-03-05T00:00:00Z
Netherlands,NL,Utrecht,,,52.08,5.16,0,confirmed,2020-03-05T00:00:00Z
Netherlands,NL,Zeeland,,,51.48,3.86,0,confirmed,2020-03-05T00:00:00Z
Netherlands,NL,Zuid-Holland,,,51.94,4.46,0,confirmed,2020-03-05T00:00:00Z
Netherlands,NL,,,,52.13,5.29,128,confirmed,2020-03-06T00:00:00Z
Netherlands,NL,Aruba,,,12.52,-70.04,0,confirmed,2020-03-06T00:00:00Z
Netherlands,NL,"Bonaire, Sint Eustatius and Saba",,,12.18,-68.24,0,confirmed,2020-03-06T00:00:00Z
Netherlands,NL,Curacao,,,12.17,-68.99,0,confirmed,2020-03-06T00:00:00Z
Netherlands,NL,Drenthe,,,52.86,6.62,0,confirmed,2020-03-06T00:00:00Z
Netherlands,NL,Flevoland,,,52.55,5.52,0,confirmed,2020-03-06T00:00:00Z
Netherlands,NL,Friesland,,,53.09,5.79,0,confirmed,2020-03-06T00:00:00Z
Netherlands,NL,Gelderland,,,52.06,5.94,0,confirmed,2020-03-06T00:00:00Z
Netherlands,NL,Groningen,,,53.22,6.74,0,confirmed,2020-03-06T00:00:00Z
Netherlands,NL,Limburg,,,51.21,5.93,0,confirmed,2020-03-06T00:00:00Z
Netherlands,NL,Noord-Brabant,,,51.56,5.18,0,confirmed,2020-03-06T00:00:00Z
Netherlands,NL,Noord-Holland,,,52.6,4.92,0,confirmed,2020-03-06T00:00:00Z
Netherlands,NL,Overijssel,,,52.44,6.44,0,confirmed,2020-03-06T00:00:00Z
Netherlands,NL,Sint Maarten,,,18.04,-63.05,0,confirmed,2020-03-06T00:00:00Z
Netherlands,NL,Utrecht,,,52.08,5.16,0,confirmed,2020-03-06T00:00:00Z
Netherlands,NL,Zeeland,,,51.48,3.86,0,confirmed,2020-03-06T00:00:00Z
Netherlands,NL,Zuid-Holland,,,51.94,4.46,0,confirmed,2020-03-06T00:00:00Z
Netherlands,NL,,,,52.13,5.29,188,confirmed,2020-03-07T00:00:00Z
Netherlands,NL,Aruba,,,12.52,-70.04,0,confirmed,2020-03-07T00:00:00Z
Netherlands,NL,"Bonaire, Sint Eustatius and Saba",,,12.18,-68.24,0,confirmed,2020-03-07T00:00:00Z
Netherlands,NL,Curacao,,,12.17,-68.99,0,confirmed,2020-03-07T00:00:00Z
Netherlands,NL,Drenthe,,,52.86,6.62,0,confirmed,2020-03-07T00:00:00Z
Netherlands,NL,Flevoland,,,52.55,5.52,0,confirmed,2020-03-07T00:00:00Z
Netherlands,NL,Friesland,,,53.09,5.79,0,confirmed,2020-03-07T00:00:00Z
Netherlands,NL,Gelderland,,,52.06,5.94,0,confirmed,2020-03-07T00:00:00Z
Netherlands,NL,Groningen,,,53.22,6.74,0,confirmed,2020-03-07T00:00:00Z
Netherlands,NL,Limburg,,,51.21,5.93,0,confirmed,2020-03-07T00:00:00Z
Netherlands,NL,Noord-Brabant,,,51.56,5.18,0,confirmed,2020-03-07T00:00:00Z
Netherlands,NL,Noord-Holland,,,52.6,4.92,0,confirmed,2020-03-07T00:00:00Z
Netherlands,NL,Overijssel,,,52.44,6.44,0,confirmed,2020-03-07T00:00:00Z
Netherlands,NL,Sint Maarten,,,18.04,-63.05,0,confirmed,2020-03-07T00:00:00Z
Netherlands,NL,Utrecht,,,52.08,5.16,0,confirmed,2020-03-07T00:00:00Z
Netherlands,NL,Zeeland,,,51.48,3.86,0,confirmed,2020-03-07T00:00:00Z
Netherlands,NL,Zuid-Holland,,,51.94,4.46,0,confirmed,2020-03-07T00:00:00Z
Netherlands,NL,,,,52.13,5.29,265,confirmed,2020-03-08T00:00:00Z
Netherlands,NL,Aruba,,,12.52,-70.04,0,confirmed,2020-03-08T00:00:00Z
Netherlands,NL,"Bonaire, Sint Eustatius and Saba",,,12.18,-68.24,0,confirmed,2020-03-08T00:00:00Z
Netherlands,NL,Curacao,,,12.17,-68.99,0,confirmed,2020-03-08T00:00:00Z
Netherlands,NL,Drenthe,,,52.86,6.62,0,confirmed,2020-03-08T00:00:00Z
Netherlands,NL,Flevoland,,,52.55,5.52,0,confirmed,2020-03-08T00:00:00Z
Netherlands,NL,Friesland,,,53.09,5.79,0,confirmed,2020-03-08T00:00:00Z
Netherlands,NL,Gelderland,,,52.06,5.94,0,confirmed,2020-03-08T00:00:00Z
Netherlands,NL,Groningen,,,53.22,6.74,0,confirmed,2020-03-08T00:00:00Z
Netherlands,NL,Limburg,,,51.21,5.93,0,confirmed,2020-03-08T00:00:00Z
Netherlands,NL,Noord-Brabant,,,51.56,5.18,0,confirmed,2020-03-08T00:00:00Z
Netherlands,NL,Noord-Holland,,,52.6,4.92,0,confirmed,2020-03-08T00:00:00Z
Netherlands,NL,Overijssel,,,52.44,6.44,0,confirmed,2020-03-08T00:00:00Z
Netherlands,NL,Sint Maarten,,,18.04,-63.05,0,confirmed,2020-03-08T00:00:00Z
Netherlands,NL,Utrecht,,,52.08,5.16,0,confirmed,2020-03-08T00:00:00Z
Netherlands,NL,Zeeland,,,51.48,3.86,0,confirmed,2020-03-08T00:00:00Z
Netherlands,NL,Zuid-Holland,,,51.94,4.46,0,confirmed,2020-03-08T00:00:00Z
Netherlands,NL,,,,52.13,5.29,321,confirmed,2020-03-09T00:00:00Z
Netherlands,NL,Aruba,,,12.52,-70.04,0,confirmed,2020-03-09T00:00:00Z
Netherlands,NL,"Bonaire, Sint Eustatius and Saba",,,12.18,-68.24,0,confirmed,2020-03-09T00:00:00Z
Netherlands,NL,Curacao,,,12.17,-68.99,0,confirmed,2020-03-09T00:00:00Z
Netherlands,NL,Drenthe,,,52.86,6.62,0,confirmed,2020-03-09T00:00:00Z
Netherlands,NL,Flevoland,,,52.55,5.52,0,confirmed,2020-03-09T00:00:00Z
Netherlands,NL,Friesland,,,53.09,5.79,0,confirmed,2020-03-09T00:00:00Z
Netherlands,NL,Gelderland,,,52.06,5.94,0,confirmed,2020-03-09T00:00:00Z
Netherlands,NL,Groningen,,,53.22,6.74,0,confirmed,2020-03-09T00:00:00Z
Netherlands,NL,Limburg,,,51.21,5.93,0,confirmed,2020-03-09T00:00:00Z
Netherlands,NL,Noord-Brabant,,,51.56,5.18,0,confirmed,2020-03-09T00:00:00Z
Netherlands,NL,Noord-Holland,,,52.6,4.92,0,confirmed,2020-03-09T00:00:00Z
Netherlands,NL,Overijssel,,,52.44,6.44,0,confirmed,2020-03-09T00:00:00Z
Netherlands,NL,Sint Maarten,,,18.04,-63.05,0,confirmed,2020-03-09T00:00:00Z
Netherlands,NL,Utrecht,,,52.08,5.16,0,confirmed,2020-03-09T00:00:00Z
Netherlands,NL,Zeeland,,,51.48,3.86,0,confirmed,2020-03-09T00:00:00Z
Netherlands,NL,Zuid-Holland,,,51.94,4.46,0,confirmed,2020-03-09T00:00:00Z
Netherlands,NL,,,,52.13,5.29,382,confirmed,2020-03-10T00:00:00Z
Netherlands,NL,Aruba,,,12.52,-70.04,0,confirmed,2020-03-10T00:00:00Z
Netherlands,NL,"Bonaire, Sint Eustatius and Saba",,,12.18,-68.24,0,confirmed,2020-03-10T00:00:00Z
Netherlands,NL,Curacao,,,12.17,-68.99,0,confirmed,2020-03-10T00:00:00Z
Netherlands,NL,Drenthe,,,52.86,6.62,0,confirmed,2020-03-10T00:00:00Z
Netherlands,NL,Flevoland,,,52.55,5.52,0,confirmed,2020-03-10T00:00:00Z
Netherlands,NL,Friesland,,,53.09,5.79,0,confirmed,2020-03-10T00:00:00Z
Netherlands,NL,Gelderland,,,52.06,5.94,0,confirmed,2020-03-10T00:00:00Z
Netherlands,NL,Groningen,,,53.22,6.74,0,confirmed,2020-03-10T00:00:00Z
Netherlands,NL,Limburg,,,51.21,5.93,0,confirmed,2020-03-10T00:00:00Z
Netherlands,NL,Noord-Brabant,,,51.56,5.18,0,confirmed,2020-03-10T00:00:00Z
Netherlands,NL,Noord-Holland,,,52.6,4.92,0,confirmed,2020-03-10T00:00:00Z
Netherlands,NL,Overijssel,,,52.44,6.44,0,confirmed,2020-03-10T00:00:00Z
Netherlands,NL,Sint Maarten,,,18.04,-63.05,0,confirmed,2020-03-10T00:00:00Z
Netherlands,NL,Utrecht,,,52.08,5.16,0,confirmed,2020-03-10T00:00:00Z
Netherlands,NL,Zeeland,,,51.48,3.86,0,confirmed,2020-03-10T00:00:00Z
Netherlands,NL,Zuid-Holland,,,51.94,4.46,0,confirmed,2020-03-10T00:00:00Z
Netherlands,NL,,,,52.13,5.29,503,confirmed,2020-03-11T00:00:00Z
Netherlands,NL,Aruba,,,12.52,-70.04,0,confirmed,2020-03-11T00:00:00Z
Netherlands,NL,"Bonaire, Sint Eustatius and Saba",,,12.18,-68.24,0,confirmed,2020-03-11T00:00:00Z
Netherlands,NL,Curacao,,,12.17,-68.99,0,confirmed,2020-03-11T00:00:00Z
Netherlands,NL,Drenthe,,,52.86,6.62,0,confirmed,2020-03-11T00:00:00Z
Netherlands,NL,Flevoland,,,52.55,5.52,0,confirmed,2020-03-11T00:00:00Z
Netherlands,NL,Friesland,,,53.09,5.79,0,confirmed,2020-03-11T00:00:00Z
Netherlands,NL,Gelderland,,,52.06,5.94,0,confirmed,2020-03-11T00:00:00Z
Netherlands,NL,Groningen,,,53.22,6.74,0,confirmed,2020-03-11T00:00:00Z
Netherlands,NL,Limburg,,,51.21,5.93,0,confirmed,2020-03-11T00:00:00Z
Netherlands,NL,Noord-Brabant,,,51.56,5.18,0,confirmed,2020-03-11T00:00:00Z
Netherlands,NL,Noord-Holland,,,52.6,4.92,0,confirmed,2020-03-11T00:00:00Z
Netherlands,NL,Overijssel,,,52.44,6.44,0,confirmed,2020-03-11T00:00:00Z
Netherlands,NL,Sint Maarten,,,18.04,-63.05,0,confirmed,2020-03-11T00:00:00Z
Netherlands,NL,Utrecht,,,52.08,5.16,0,confirmed,2020-03-11T00:00:00Z
Netherlands,NL,Zeeland,,,51.48,3.86,0,confirmed,2020-03-11T00:00:00Z
Netherlands,NL,Zuid-Holland,,,51.94,4.46,0,confirmed,2020-03-11T00:00:00Z
Netherlands,NL,,,,52.13,5.29,503,confirmed,2020-03-12T00:00:00Z
Netherlands,NL,Aruba,,,12.52,-70.04,0,confirmed,2020-03-12T00:00:00Z
Netherlands,NL,"Bonaire, Sint Eustatius and Saba",,,12.18,-68.24,0,confirmed,2020-03-12T00:00:00Z
Netherlands,NL,Curacao,,,12.17,-68.99,0,confirmed,2020-03-12T00:00:00Z
Netherlands,NL,Drenthe,,,52.86,6.62,0,confirmed,2020-03-12T00:00:00Z
Netherlands,NL,Flevoland,,,52.55,5.52,0,confirmed,2020-03-12T00:00:00Z
Netherlands,NL,Friesland,,,53.09,5.79,0,confirmed,2020-03-12T00:00:00Z
Netherlands,NL,Gelderland,,,52.06,5.94,0,confirmed,2020-03-12T00:00:00Z
Netherlands,NL,Groningen,,,53.22,6.74,0,confirmed,2020-03-12T00:00:00Z
Netherlands,NL,Limburg,,,51.21,5.93,0,confirmed,2020-03-12T00:00:00Z
Netherlands,NL,Noord-Brabant,,,51.56,5.18,0,confirmed,2020-03-12T00:00:00Z
Netherlands,NL,Noord-Holland,,,52.6,4.92,0,confirmed,2020-03-12T00:00:00Z
Netherlands,NL,Overijssel,,,52.44,6.44,0,confirmed,2020-03-12T00:00:00Z
Netherlands,NL,Sint Maarten,,,18.04,-63.05,0,confirmed,2020-03-12T00:00:00Z
Netherlands,NL,Utrecht,,,52.08,5.16,0,confirmed,2020-03-12T00:00:00Z
Netherlands,NL,Zeeland,,,51.48,3.86,0,confirmed,2020-03-12T00:00:00Z
Netherlands,NL,Zuid-Holland,,,51.94,4.46,0,confirmed,2020-03-12T00:00:00Z
Netherlands,NL,,,,52.13,5.29,804,confirmed,2020-03-13T00:00:00Z
Netherlands,NL,Aruba,,,12.52,-70.04,2,confirmed,2020-03-13T00:00:00Z
Netherlands,NL,"Bonaire, Sint Eustatius and Saba",,,12.18,-68.24,0,confirmed,2020-03-13T00:00:00Z
Netherlands,NL,Curacao,,,12.17,-68.99,0,confirmed,2020-03-13T00:00:00Z
Netherlands,NL,Drenthe,,,52.86,6.62,0,confirmed,2020-03-13T00:00:00Z
Netherlands,NL,Flevoland,,,52.55,5.52,0,confirmed,2020-03-13T00:00:00Z
Netherlands,NL,Friesland,,,53.09,5.79,0,confirmed,2020-03-13T00:00:00Z
Netherlands,NL,Gelderland,,,52.06,5.94,0,confirmed,2020-03-13T00:00:00Z
Netherlands,NL,Groningen,,,53.22,6.74,0,confirmed,2020-03-13T00:00:00Z
Netherlands,NL,Limburg,,,51.21,5.93,0,confirmed,2020-03-13T00:00:00Z
Netherlands,NL,Noord-Brabant,,,51.56,5.18,0,confirmed,2020-03-13T00:00:00Z
Netherlands,NL,Noord-Holland,,,52.6,4.92,0,confirmed,2020-03-13T00:00:00Z
Netherlands,NL,Overijssel,,,52.44,6.44,0,confirmed,2020-03-13T00:00:00Z
Netherlands,NL,Sint Maarten,,,18.04,-63.05,0,confirmed,2020-03-13T00:00:00Z
Netherlands,NL,Utrecht,,,52.08,5.16,0,confirmed,2020-03-13T00:00:00Z
Netherlands,NL,Zeeland,,,51.48,3.86,0,confirmed,2020-03-13T00:00:00Z
Netherlands,NL,Zuid-Holland,,,51.94,4.46,0,confirmed,2020-03-13T00:00:00Z
Netherlands,NL,,,,52.13,5.29,959,confirmed,2020-03-14T00:00:00Z
Netherlands,NL,Aruba,,,12.52,-70.04,2,confirmed,2020-03-14T00:00:00Z
Netherlands,NL,"Bonaire, Sint Eustatius and Saba",,,12.18,-68.24,0,confirmed,2020-03-14T00:00:00Z
Netherlands,NL,Curacao,,,12.17,-68.99,1,confirmed,2020-03-14T00:00:00Z
Netherlands,NL,Drenthe,,,52.86,6.62,0,confirmed,2020-03-14T00:00:00Z
Netherlands,NL,Flevoland,,,52.55,5.52,0,confirmed,2020-03-14T00:00:00Z
Netherlands,NL,Friesland,,,53.09,5.79,0,confirmed,2020-03-14T00:00:00Z
Netherlands,NL,Gelderland,,,52.06,5.94,0,confirmed,2020-03-14T00:00:00Z
Netherlands,NL,Groningen,,,53.22,6.74,0,confirmed,2020-03-14T00:00:00Z
Netherlands,NL,Limburg,,,51.21,5.93,0,confirmed,2020-03-14T00:00:00Z
Netherlands,NL,Noord-Brabant,,,51.56,5.18,0,confirmed,2020-03-14T00:00:00Z
Netherlands,NL,Noord-Holland,,,52.6,4.92,0,confirmed,2020-03-14T00:00:00Z
Netherlands,NL,Overijssel,,,52.44,6.44,0,confirmed,2020-03-14T00:00:00Z
Netherlands,NL,Sint Maarten,,,18.04,-63.05,0,confirmed,2020-03-14T00:00:00Z
Netherlands,NL,Utrecht,,,52.08,5.16,0,confirmed,2020-03-14T00:00:00Z
Netherlands,NL,Zeeland,,,51.48,3.86,0,confirmed,2020-03-14T00:00:00Z
Netherlands,NL,Zuid-Holland,,,51.94,4.46,0,confirmed,2020-03-14T00:00:00Z
Netherlands,NL,,,,52.13,5.29,1135,confirmed,2020-03-15T00:00:00Z
Netherlands,NL,Aruba,,,12.52,-70.04,2,confirmed,2020-03-15T00:00:00Z
Netherlands,NL,"Bonaire, Sint Eustatius and Saba",,,12.18,-68.24,0,confirmed,2020-03-15T00:00:00Z
Netherlands,NL,Curacao,,,12.17,-68.99,1,confirmed,2020-03-15T00:00:00Z
Netherlands,NL,Drenthe,,,52.86,6.62,0,confirmed,2020-03-15T00:00:00Z
Netherlands,NL,Flevoland,,,52.55,5.52,0,confirmed,2020-03-15T00:00:00Z
Netherlands,NL,Friesland,,,53.09,5.79,0,confirmed,2020-03-15T00:00:00Z
Netherlands,NL,Gelderland,,,52.06,5.94,0,confirmed,2020-03-15T00:00:00Z
Netherlands,NL,Groningen,,,53.22,6.74,0,confirmed,2020-03-15T00:00:00Z
Netherlands,NL,Limburg,,,51.21,5.93,0,confirmed,2020-03-15T00:00:00Z
Netherlands,NL,Noord-Brabant,,,51.56,5.18,0,confirmed,2020-03-15T00:00:00Z
Netherlands,NL,Noord-Holland,,,52.6,4.92,0,confirmed,2020-03-15T00:00:00Z
Netherlands,NL,Overijssel,,,52.44,6.44,0,confirmed,2020-03-15T00:00:00Z
Netherlands,NL,Sint Maarten,,,18.04,-63.05,0,confirmed,2020-03-15T00:00:00Z
Netherlands,NL,Utrecht,,,52.08,5.16,0,confirmed,2020-03-15T00:00:00Z
Netherlands,NL,Zeeland,,,51.48,3.86,0,confirmed,2020-03-15T00:00:00Z
Netherlands,NL,Zuid-Holland,,,51.94,4.46,0,confirmed,2020-03-15T00:00:00Z
Netherlands,NL,,,,52.13,5.29,1413,confirmed,2020-03-16T00:00:00Z
Netherlands,NL,Aruba,,,12.52,-70.04,2,confirmed,2020-03-16T00:00:00Z
Netherlands,NL,"Bonaire, Sint Eustatius and Saba",,,12.18,-68.24,0,confirmed,2020-03-16T00:00:00Z
Netherlands,NL,Curacao,,,12.17,-68.99,1,confirmed,2020-03-16T00:00:00Z
Netherlands,NL,Drenthe,,,52.86,6.62,0,confirmed,2020-03-16T00:00:00Z
Netherlands,NL,Flevoland,,,52.55,5.52,0,confirmed,2020-03-16T00:00:00Z
Netherlands,NL,Friesland,,,53.09,5.79,0,confirmed,2020-03-16T00:00:00Z
Netherlands,NL,Gelderland,,,52.06,5.94,0,confirmed,2020-03-16T00:00:00Z
Netherlands,NL,Groningen,,,53.22,6.74,0,confirmed,2020-03-16T00:00:00Z
Netherlands,NL,Limburg,,,51.21,5.93,0,confirmed,2020-03-16T00:00:00Z
Netherlands,NL,Noord-Brabant,,,51.56,5.18,0,confirmed,2020-03-16T00:00:00Z
Netherlands,NL,Noord-Holland,,,52.6,4.92,0,confirmed,2020-03-16T00:00:00Z
Netherlands,NL,Overijssel,,,52.44,6.44,0,confirmed,2020-03-16T00:00:00Z
Netherlands,NL,Sint Maarten,,,18.04,-63.05,0,confirmed,2020-03-16T00:00:00Z
Netherlands,NL,Utrecht,,,52.08,5.16,0,confirmed,2020-03-16T00:00:00Z
Netherlands,NL,Zeeland,,,51.48,3.86,0,confirmed,2020-03-16T00:00:00Z
Netherlands,NL,Zuid-Holland,,,51.94,4.46,0,confirmed,2020-03-16T00:00:00Z
Netherlands,NL,,,,52.13,5.29,1705,confirmed,2020-03-17T00:00:00Z
Netherlands,NL,Aruba,,,12.52,-70.04,3,confirmed,2020-03-17T00:00:00Z
Netherlands,NL,"Bonaire, Sint Eustatius and Saba",,,12.18,-68.24,0,confirmed,2020-03-17T00:00:00Z
Netherlands,NL,Curacao,,,12.17,-68.99,3,confirmed,2020-03-17T00:00:00Z
Netherlands,NL,Drenthe,,,52.86,6.62,0,confirmed,2020-03-17T00:00:00Z
Netherlands,NL,Flevoland,,,52.55,5.52,0,confirmed,2020-03-17T00:00:00Z
Netherlands,NL,Friesland,,,53.09,5.79,0,confirmed,2020-03-17T00:00:00Z
Netherlands,NL,Gelderland,,,52.06,5.94,0,confirmed,2020-03-17T00:00:00Z
Netherlands,NL,Groningen,,,53.22,6.74,0,confirmed,2020-03-17T00:00:00Z
Netherlands,NL,Limburg,,,51.21,5.93,0,confirmed,2020-03-17T00:00:00Z
Netherlands,NL,Noord-Brabant,,,51.56,5.18,0,confirmed,2020-03-17T00:00:00Z
Netherlands,NL,Noord-Holland,,,52.6,4.92,0,confirmed,2020-03-17T00:00:00Z
Netherlands,NL,Overijssel,,,52.44,6.44,0,confirmed,2020-03-17T00:00:00Z
Netherlands,NL,Sint Maarten,,,18.04,-63.05,0,confirmed,2020-03-17T00:00:00Z
Netherlands,NL,Utrecht,,,52.08,5.16,0,confirmed,2020-03-17T00:00:00Z
Netherlands,NL,Zeeland,,,51.48,3.86,0,confirmed,2020-03-17T00:00:00Z
Netherlands,NL,Zuid-Holland,,,51.94,4.46,0,confirmed,2020-03-17T00:00:00Z
Netherlands,NL,,,,52.13,5.29,2051,confirmed,2020-03-18T00:00:00Z
Netherlands,NL,Aruba,,,12.52,-70.04,4,confirmed,2020-03-18T00:00:00Z
Netherlands,NL,"Bonaire, Sint Eustatius and Saba",,,12.18,-68.24,0,confirmed,2020-03-18T00:00:00Z
Netherlands,NL,Curacao,,,12.17,-68.99,3,confirmed,2020-03-18T00:00:00Z
Netherlands,NL,Drenthe,,,52.86,6.62,0,confirmed,2020-03-18T00:00:00Z
Netherlands,NL,Flevoland,,,52.55,5.52,0,confirmed,2020-03-18T00:00:00Z
Netherlands,NL,Friesland,,,53.09,5.79,0,confirmed,2020-03-18T00:00:00Z
Netherlands,NL,Gelderland,,,52.06,5.94,0,confirmed,2020-03-18T00:00:00Z
Netherlands,NL,Groningen,,,53.22,6.74,0,confirmed,2020-03-18T00:00:00Z
Netherlands,NL,Limburg,,,51.21,5.93,0,confirmed,2020-03-18T00:00:00Z
Netherlands,NL,Noord-Brabant,,,51.56,5.18,0,confirmed,2020-03-18T00:00:00Z
Netherlands,NL,Noord-Holland,,,52.6,4.92,0,confirmed,2020-03-18T00:00:00Z
Netherlands,NL,Overijssel,,,52.44,6.44,0,confirmed,2020-03-18T00:00:00Z
Netherlands,NL,Sint Maarten,,,18.04,-63.05,0,confirmed,2020-03-18T00:00:00Z
Netherlands,NL,Utrecht,,,52.08,5.16,0,confirmed,2020-03-18T00:00:00Z
Netherlands,NL,Zeeland,,,51.48,3.86,0,confirmed,2020-03-18T00:00:00Z
Netherlands,NL,Zuid-Holland,,,51.94,4.46,0,confirmed,2020-03-18T00:00:00Z
Netherlands,NL,,,,52.13,5.29,2460,confirmed,2020-03-19T00:00:00Z
Netherlands,NL,Aruba,,,12.52,-70.04,4,confirmed,2020-03-19T00:00:00Z
Netherlands,NL,"Bonaire, Sint Eustatius and Saba",,,12.18,-68.24,0,confirmed,2020-03-19T00:00:00Z
Netherlands,NL,Curacao,,,12.17,-68.99,3,confirmed,2020-03-19T00:00:00Z
Netherlands,NL,Drenthe,,,52.86,6.62,0,confirmed,2020-03-19T00:00:00Z
Netherlands,NL,Flevoland,,,52.55,5.52,0,confirmed,2020-03-19T00:00:00Z
Netherlands,NL,Friesland,,,53.09,5.79,0,confirmed,2020-03-19T00:00:00Z
Netherlands,NL,Gelderland,,,52.06,5.94,0,confirmed,2020-03-19T00:00:00Z
Netherlands,NL,Groningen,,,53.22,6.74,0,confirmed,2020-03-19T00:00:00Z
Netherlands,NL,Limburg,,,51.21,5.93,0,confirmed,2020-03-19T00:00:00Z
Netherlands,NL,Noord-Brabant,,,51.56,5.18,0,confirmed,2020-03-19T00:00:00Z
Netherlands,NL,Noord-Holland,,,52.6,4.92,0,confirmed,2020-03-19T00:00:00Z
Netherlands,NL,Overijssel,,,52.44,6.44,0,confirmed,2020-03-19T00:00:00Z
Netherlands,NL,Sint Maarten,,,18.04,-63.05,0,confirmed,2020-03-19T00:00:00Z
Netherlands,NL,Utrecht,,,52.08,5.16,0,confirmed,2020-03-19T00:00:00Z
Netherlands,NL,Zeeland,,,51.48,3.86,0,confirmed,2020-03-19T00:00:00Z
Netherlands,NL,Zuid-Holland,,,51.94,4.46,0,confirmed,2020-03-19T00:00:00Z
Netherlands,NL,,,,52.13,5.29,2994,confirmed,2020-03-20T00:00:00Z
Netherlands,NL,Aruba,,,12.52,-70.04,5,confirmed,2020-03-20T00:00:00Z
Netherlands,NL,"Bonaire, Sint Eustatius and Saba",,,12.18,-68.24,0,confirmed,2020-03-20T00:00:00Z
Netherlands,NL,Curacao,,,12.17,-68.99,3,confirmed,2020-03-20T00:00:00Z
Netherlands,NL,Drenthe,,,52.86,6.62,0,confirmed,2020-03-20T00:00:00Z
Netherlands,NL,Flevoland,,,52.55,5.52,0,confirmed,2020-03-20T00:00:00Z
Netherlands,NL,Friesland,,,53.09,5.79,0,confirmed,2020-03-20T00:00:00Z
Netherlands,NL,Gelderland,,,52.06,5.94,0,confirmed,2020-03-20T00:00:00Z
Netherlands,NL,Groningen,,,53.22,6.74,0,confirmed,2020-03-20T00:00:00Z
Netherlands,NL,Limburg,,,51.21,5.93,0,confirmed,2020-03-20T00:00:00Z
Netherlands,NL,Noord-Brabant,,,51.56,5.18,0,confirmed,2020-03-20T00:00:00Z
Netherlands,NL,Noord-Holland,,,52.6,4.92,0,confirmed,2020-03-20T00:00:00Z
Netherlands,NL,Overijssel,,,52.44,6.44,0,confirmed,2020-03-20T00:00:00Z
Netherlands,NL,Sint Maarten,,,18.04,-63.05,1,confirmed,2020-03-20T00:00:00Z
Netherlands,NL,Utrecht,,,52.08,5.16,0,confirmed,2020-03-20T00:00:00Z
Netherlands,NL,Zeeland,,,51.48,3.86,0,confirmed,2020-03-20T00:00:00Z
Netherlands,NL,Zuid-Holland,,,51.94,4.46,0,confirmed,2020-03-20T00:00:00Z
Netherlands,NL,,,,52.13,5.29,3631,confirmed,2020-03-21T00:00:00Z
Netherlands,NL,Aruba,,,12.52,-70.04,5,confirmed,2020-03-21T00:00:00Z
Netherlands,NL,"Bonaire, Sint Eustatius and Saba",,,12.18,-68.24,0,confirmed,2020-03-21T00:00:00Z
Netherlands,NL,Curacao,,,12.17,-68.99,3,confirmed,2020-03-21T00:00:00Z
Netherlands,NL,Drenthe,,,52.86,6.62,0,confirmed,2020-03-21T00:00:00Z
Netherlands,NL,Flevoland,,,52.55,5.52,0,confirmed,2020-03-21T00:00:00Z
Netherlands,NL,Friesland,,,53.09,5.79,0,confirmed,2020-03-21T00:00:00Z
Netherlands,NL,Gelderland,,,52.06,5.94,0,confirmed,2020-03-21T00:00:00Z
Netherlands,NL,Groningen,,,53.22,6.74,0,confirmed,2020-03-21T00:00:00Z
Netherlands,NL,Limburg,,,51.21,5.93,0,confirmed,2020-03-21T00:00:00Z
Netherlands,NL,Noord-Brabant,,,51.56,5.18,0,confirmed,2020-03-21T00:00:00Z
Netherlands,NL,Noord-Holland,,,52.6,4.92,0,confirmed,2020-03-21T00:00:00Z
Netherlands,NL,Overijssel,,,52.44,6.44,0,confirmed,2020-03-21T00:00:00Z
Netherlands,NL,Sint Maarten,,,18.04,-63.05,1,confirmed,2020-03-21T00:00:00Z
Netherlands,NL,Utrecht,,,52.08,5.16,0,confirmed,2020-03-21T00:00:00Z
Netherlands,NL,Zeeland,,,51.48,3.86,0,confirmed,2020-03-21T00:00:00Z
Netherlands,NL,Zuid-Holland,,,51.94,4.46,0,confirmed,2020-03-21T00:00:00Z
Netherlands,NL,,,,52.13,5.29,4204,confirmed,2020-03-22T00:00:00Z
Netherlands,NL,Aruba,,,12.52,-70.04,9,confirmed,2020-03-22T00:00:00Z
Netherlands,NL,"Bonaire, Sint Eustatius and Saba",,,12.18,-68.24,0,confirmed,2020-03-22T00:00:00Z
Netherlands,NL,Curacao,,,12.17,-68.99,3,confirmed,2020-03-22T00:00:00Z
Netherlands,NL,Drenthe,,,52.86,6.62,0,confirmed,2020-03-22T00:00:00Z
Netherlands,NL,Flevoland,,,52.55,5.52,0,confirmed,2020-03-22T00:00:00Z
Netherlands,NL,Friesland,,,53.09,5.79,0,confirmed,2020-03-22T00:00:00Z
Netherlands,NL,Gelderland,,,52.06,5.94,0,confirmed,2020-03-22T00:00:00Z
Netherlands,NL,Groningen,,,53.22,6.74,0,confirmed,2020-03-22T00:00:00Z
Netherlands,NL,Limburg,,,51.21,5.93,0,confirmed,2020-03-22T00:00:00Z
Netherlands,NL,Noord-Brabant,,,51.56,5.18,0,confirmed,2020-03-22T00:00:00Z
Netherlands,NL,Noord-Holland,,,52.6,4.92,0,confirmed,2020-03-22T00:00:00Z
Netherlands,NL,Overijssel,,,52.44,6.44,0,confirmed,2020-03-22T00:00:00Z
Netherlands,NL,Sint Maarten,,,18.04,-63.05,1,confirmed,2020-03-22T00:00:00Z
Netherlands,NL,Utrecht,,,52.08,5.16,0,confirmed,2020-03-22T00:00:00Z
Netherlands,NL,Zeeland,,,51.48,3.86,0,confirmed,2020-03-22T00:00:00Z
Netherlands,NL,Zuid-Holland,,,51.94,4.46,0,confirmed,2020-03-22T00:00:00Z
Netherlands,NL,,,,52.13,5.29,4749,confirmed,2020-03-23T00:00:00Z
Netherlands,NL,Aruba,,,12.52,-70.04,9,confirmed,2020-03-23T00:00:00Z
Netherlands,NL,"Bonaire, Sint Eustatius and Saba",,,12.18,-68.24,0,confirmed,2020-03-23T00:00:00Z
Netherlands,NL,Curacao,,,12.17,-68.99,4,confirmed,2020-03-23T00:00:00Z
Netherlands,NL,Drenthe,,,52.86,6.62,0,confirmed,2020-03-23T00:00:00Z
Netherlands,NL,Flevoland,,,52.55,5.52,0,confirmed,2020-03-23T00:00:00Z
Netherlands,NL,Friesland,,,53.09,5.79,0,confirmed,2020-03-23T00:00:00Z
Netherlands,NL,Gelderland,,,52.06,5.94,0,confirmed,2020-03-23T00:00:00Z
Netherlands,NL,Groningen,,,53.22,6.74,0,confirmed,2020-03-23T00:00:00Z
Netherlands,NL,Limburg,,,51.21,5.93,0,confirmed,2020-03-23T00:00:00Z
Netherlands,NL,Noord-Brabant,,,51.56,5.18,0,confirmed,2020-03-23T00:00:00Z
Netherlands,NL,Noord-Holland,,,52.6,4.92,0,confirmed,2020-03-23T00:00:00Z
Netherlands,NL,Overijssel,,,52.44,6.44,0,confirmed,2020-03-23T00:00:00Z
Netherlands,NL,Sint Maarten,,,18.04,-63.05,2,confirmed,2020-03-23T00:00:00Z
Netherlands,NL,Utrecht,,,52.08,5.16,0,confirmed,2020-03-23T00:00:00Z
Netherlands,NL,Zeeland,,,51.48,3.86,0,confirmed,2020-03-23T00:00:00Z
Netherlands,NL,Zuid-Holland,,,51.94,4.46,0,confirmed,2020-03-23T00:00:00Z
Netherlands,NL,,,,52.13,5.29,5560,confirmed,2020-03-24T00:00:00Z
Netherlands,NL,Aruba,,,12.52,-70.04,12,confirmed,2020-03-24T00:00:00Z
Netherlands,NL,"Bonaire, Sint Eustatius and Saba",,,12.18,-68.24,0,confirmed,2020-03-24T00:00:00Z
Netherlands,NL,Curacao,,,12.17,-68.99,6,confirmed,2020-03-24T00:00:00Z
Netherlands,NL,Drenthe,,,52.86,6.62,0,confirmed,2020-03-24T00:00:00Z
Netherlands,NL,Flevoland,,,52.55,5.52,0,confirmed,2020-03-24T00:00:00Z
Netherlands,NL,Friesland,,,53.09,5.79,0,confirmed,2020-03-24T00:00:00Z
Netherlands,NL,Gelderland,,,52.06,5.94,0,confirmed,2020-03-24T00:00:00Z
Netherlands,NL,Groningen,,,53.22,6.74,0,confirmed,2020-03-24T00:00:00Z
Netherlands,NL,Limburg,,,51.21,5.93,0,confirmed,2020-03-24T00:00:00Z
Netherlands,NL,Noord-Brabant,,,51.56,5.18,0,confirmed,2020-03-24T00:00:00Z
Netherlands,NL,Noord-Holland,,,52.6,4.92,0,confirmed,2020-03-24T00:00:00Z
Netherlands,NL,Overijssel,,,52.44,6.44,0,confirmed,2020-03-24T00:00:00Z
Netherlands,NL,Sint Maarten,,,18.04,-63.05,2,confirmed,2020-03-24T00:00:00Z
Netherlands,NL,Utrecht,,,52.08,5.16,0,confirmed,2020-03-24T00:00:00Z
Netherlands,NL,Zeeland,,,51.48,3.86,0,confirmed,2020-03-24T00:00:00Z
Netherlands,NL,Zuid-Holland,,,51.94,4.46,0,confirmed,2020-03-24T00:00:00Z
Netherlands,NL,,,,52.13,5.29,6412,confirmed,2020-03-25T00:00:00Z
Netherlands,NL,Aruba,,,12.52,-70.04,17,confirmed,2020-03-25T00:00:00Z
Netherlands,NL,"Bonaire, Sint Eustatius and Saba",,,12.18,-68.24,0,confirmed,2020-03-25T00:00:00Z
Netherlands,NL,Curacao,,,12.17,-68.99,6,confirmed,2020-03-25T00:00:00Z
Netherlands,NL,Drenthe,,,52.86,6.62,0,confirmed,2020-03-25T00:00:00Z
Netherlands,NL,Flevoland,,,52.55,5.52,0,confirmed,2020-03-25T00:00:00Z
Netherlands,NL,Friesland,,,53.09,5.79,0,confirmed,2020-03-25T00:00:00Z
Netherlands,NL,Gelderland,,,52.06,5.94,0,confirmed,2020-03-25T00:00:00Z
Netherlands,NL,Groningen,,,53.22,6.74,0,confirmed,2020-03-25T00:00:00Z
Netherlands,NL,Limburg,,,51.21,5.93,0,confirmed,2020-03-25T00:00:00Z
Netherlands,NL,Noord-Brabant,,,51.56,5.18,0,confirmed,2020-03-25T00:00:00Z
Netherlands,NL,Noord-Holland,,,52.6,4.92,0,confirmed,2020-03-25T00:00:00Z
Netherlands,NL,Overijssel,,,52.44,6.44,0,confirmed,2020-03-25T00:00:00Z
Netherlands,NL,Sint Maarten,,,18.04,-63.05,3,confirmed,2020-03-25T00:00:00Z
Netherlands,NL,Utrecht,,,52.08,5.16,0,confirmed,2020-03-25T00:00:00Z
Netherlands,NL,Zeeland,,,51.48,3.86,0,confirmed,2020-03-25T00:00:00Z
Netherlands,NL,Zuid-Holland,,,51.94,4.46,0,confirmed,2020-03-25T00:00:00Z
Netherlands,NL,,,,52.13,5.29,7431,confirmed,2020-03-26T00:00:00Z
Netherlands,NL,Aruba,,,12.52,-70.04,28,confirmed,2020-03-26T00:00:00Z
Netherlands,NL,"Bonaire, Sint Eustatius and Saba",,,12.18,-68.24,0,confirmed,2020-03-26T00:00:00Z
Netherlands,NL,Curacao,,,12.17,-68.99,6,confirmed,2020-03-26T00:00:00Z
Netherlands,NL,Drenthe,,,52.86,6.62,0,confirmed,2020-03-26T00:00:00Z
Netherlands,NL,Flevoland,,,52.55,5.52,0,confirmed,2020-03-26T00:00:00Z
Netherlands,NL,Friesland,,,53.09,5.79,0,confirmed,2020-03-26T00:00:00Z
Netherlands,NL,Gelderland,,,52.06,5.94,0,confirmed,2020-03-26T00:00:00Z
Netherlands,NL,Groningen,,,53.22,6.74,0,confirmed,2020-03-26T00:00:00Z
Netherlands,NL,Limburg,,,51.21,5.93,0,confirmed,2020-03-26T00:00:00Z
Netherlands,NL,Noord-Brabant,,,51.56,5.18,0,confirmed,2020-03-26T00:00:00Z
Netherlands,NL,Noord-Holland,,,52.6,4.92,0,confirmed,2020-03-26T00:00:00Z
Netherlands,NL,Overijssel,,,52.44,6.44,0,confirmed,2020-03-26T00:00:00Z
Netherlands,NL,Sint Maarten,,,18.04,-63.05,3,confirmed,2020-03-26T00:00:00Z
Netherlands,NL,Utrecht,,,52.08,5.16,0,confirmed,2020-03-26T00:00:00Z
Netherlands,NL,Zeeland,,,51.48,3.86,0,confirmed,2020-03-26T00:00:00Z
Netherlands,NL,Zuid-Holland,,,51.94,4.46,0,confirmed,2020-03-26T00:00:00Z
Netherlands,NL,,,,52.13,5.29,8603,confirmed,2020-03-27T00:00:00Z
Netherlands,NL,Aruba,,,12.52,-70.04,33,confirmed,2020-03-27T00:00:00Z
Netherlands,NL,"Bonaire, Sint Eustatius and Saba",,,12.18,-68.24,0,confirmed,2020-03-27T00:00:00Z
Netherlands,NL,Curacao,,,12.17,-68.99,8,confirmed,2020-03-27T00:00:00Z
Netherlands,NL,Drenthe,,,52.86,6.62,0,confirmed,2020-03-27T00:00:00Z
Netherlands,NL,Flevoland,,,52.55,5.52,0,confirmed,2020-03-27T00:00:00Z
Netherlands,NL,Friesland,,,53.09,5.79,0,confirmed,2020-03-27T00:00:00Z
Netherlands,NL,Gelderland,,,52.06,5.94,0,confirmed,2020-03-27T00:00:00Z
Netherlands,NL,Groningen,,,53.22,6.74,0,confirmed,2020-03-27T00:00:00Z
Netherlands,NL,Limburg,,,51.21,5.93,0,confirmed,2020-03-27T00:00:00Z
Netherlands,NL,Noord-Brabant,,,51.56,5.18,0,confirmed,2020-03-27T00:00:00Z
Netherlands,NL,Noord-Holland,,,52.6,4.92,0,confirmed,2020-03-27T00:00:00Z
Netherlands,NL,Overijssel,,,52.44,6.44,0,confirmed,2020-03-27T00:00:00Z
Netherlands,NL,Sint Maarten,,,18.04,-63.05,3,confirmed,2020-03-27T00:00:00Z
Netherlands,NL,Utrecht,,,52.08,5.16,0,confirmed,2020-03-27T00:00:00Z
Netherlands,NL,Zeeland,,,51.48,3.86,0,confirmed,2020-03-27T00:00:00Z
Netherlands,NL,Zuid-Holland,,,51.94,4.46,0,confirmed,2020-03-27T00:00:00Z
Netherlands,NL,,,,52.13,5.29,9762,confirmed,2020-03-28T00:00:00Z
Netherlands,NL,Aruba,,,12.52,-70.04,46,confirmed,2020-03-28T00:00:00Z
Netherlands,NL,"Bonaire, Sint Eustatius and Saba",,,12.18,-68.24,0,confirmed,2020-03-28T00:00:00Z
Netherlands,NL,Curacao,,,12.17,-68.99,8,confirmed,2020-03-28T00:00:00Z
Netherlands,NL,Drenthe,,,52.86,6.62,0,confirmed,2020-03-28T00:00:00Z
Netherlands,NL,Flevoland,,,52.55,5.52,0,confirmed,2020-03-28T00:00:00Z
Netherlands,NL,Friesland,,,53.09,5.79,0,confirmed,2020-03-28T00:00:00Z
Netherlands,NL,Gelderland,,,52.06,5.94,0,confirmed,2020-03-28T00:00:00Z
Netherlands,NL,Groningen,,,53.22,6.74,0,confirmed,2020-03-28T00:00:00Z
Netherlands,NL,Limburg,,,51.21,5.93,0,confirmed,2020-03-28T00:00:00Z
Netherlands,NL,Noord-Brabant,,,51.56,5.18,0,confirmed,2020-03-28T00:00:00Z
Netherlands,NL,Noord-Holland,,,52.6,4.92,0,confirmed,2020-03-28T00:00:00Z
Netherlands,NL,Overijssel,,,52.44,6.44,0,confirmed,2020-03-28T00:00:00Z
Netherlands,NL,Sint Maarten,,,18.04,-63.05,3,confirmed,2020-03-28T00:00:00Z
Netherlands,NL,Utrecht,,,52.08,5.16,0,confirmed,2020-03-28T00:00:00Z
Netherlands,NL,Zeeland,,,51.48,3.86,0,confirmed,2020-03-28T00:00:00Z
Netherlands,NL,Zuid-Holland,,,51.94,4.46,0,confirmed,2020-03-28T00:00:00Z
Netherlands,NL,,,,52.13,5.29,10866,confirmed,2020-03-29T00:00:00Z
Netherlands,NL,Aruba,,,12.52,-70.04,50,confirmed,2020-03-29T00:00:00Z
Netherlands,NL,"Bonaire, Sint Eustatius and Saba",,,12.18,-68.24,0,confirmed,2020-03-29T00:00:00Z
Netherlands,NL,Curacao,,,12.17,-68.99,8,confirmed,2020-03-29T00:00:00Z
Netherlands,NL,Drenthe,,,52.86,6.62,0,confirmed,2020-03-29T00:00:00Z
Netherlands,NL,Flevoland,,,52.55,5.52,0,confirmed,2020-03-29T00:00:00Z
Netherlands,NL,Friesland,,,53.09,5.79,0,confirmed,2020-03-29T00:00:00Z
Netherlands,NL,Gelderland,,,52.06,5.94,0,confirmed,2020-03-29T00:00:00Z
Netherlands,NL,Groningen,,,53.22,6.74,0,confirmed,2020-03-29T00:00:00Z
Netherlands,NL,Limburg,,,51.21,5.93,0,confirmed,2020-03-29T00:00:00Z
Netherlands,NL,Noord-Brabant,,,51.56,5.18,0,confirmed,2020-03-29T00:00:00Z
Netherlands,NL,Noord-Holland,,,52.6,4.92,0,confirmed,2020-03-29T00:00:00Z
Netherlands,NL,Overijssel,,,52.44,6.44,0,confirmed,2020-03-29T00:00:00Z
Netherlands,NL,Sint Maarten,,,18.04,-63.05,6,confirmed,2020-03-29T00:00:00Z
Netherlands,NL,Utrecht,,,52.08,5.16,0,confirmed,2020-03-29T00:00:00Z
Netherlands,NL,Zeeland,,,51.48,3.86,0,confirmed,2020-03-29T00:00:00Z
Netherlands,NL,Zuid-Holland,,,51.94,4.46,0,confirmed,2020-03-29T00:00:00Z
Netherlands,NL,,,,52.13,5.29,11750,confirmed,2020-03-30T00:00:00Z
Netherlands,NL,Aruba,,,12.52,-70.04,50,confirmed,2020-03-30T00:00:00Z
Netherlands,NL,"Bonaire, Sint Eustatius and Saba",,,12.18,-68.24,0,confirmed,2020-03-30T00:00:00Z
Netherlands,NL,Curacao,,,12.17,-68.99,11,confirmed,2020-03-30T00:00:00Z
Netherlands,NL,Drenthe,,,52.86,6.62,0,confirmed,2020-03-30T00:00:00Z
Netherlands,NL,Flevoland,,,52.55,5.52,0,confirmed,2020-03-30T00:00:00Z
Netherlands,NL,Friesland,,,53.09,5.79,0,confirmed,2020-03-30T00:00:00Z
Netherlands,NL,Gelderland,,,52.06,5.94,0,confirmed,2020-03-30T00:00:00Z
Netherlands,NL,Groningen,,,53.22,6.74,0,confirmed,2020-03-30T00:00:00Z
Netherlands,NL,Limburg,,,51.21,5.93,0,confirmed,2020-03-30T00:00:00Z
Netherlands,NL,Noord-Brabant,,,51.56,5.18,0,confirmed,2020-03-30T00:00:00Z
Netherlands,NL,Noord-Holland,,,52.6,4.92,0,confirmed,2020-03-30T00:00:00Z
Netherlands,NL,Overijssel,,,52.44,6.44,0,confirmed,2020-03-30T00:00:00Z
Netherlands,NL,Sint Maarten,,,18.04,-63.05,6,confirmed,2020-03-30T00:00:00Z
Netherlands,NL,Utrecht,,,52.08,5.16,0,confirmed,2020-03-30T00:00:00Z
Netherlands,NL,Zeeland,,,51.48,3.86,0,confirmed,2020-03-30T00:00:00Z
Netherlands,NL,Zuid-Holland,,,51.94,4.46,0,confirmed,2020-03-30T00:00:00Z
Netherlands,NL,,,,52.13,5.29,12595,confirmed,2020-03-31T00:00:00Z
Netherlands,NL,Aruba,,,12.52,-70.04,55,confirmed,2020-03-31T00:00:00Z
Netherlands,NL,"Bonaire, Sint Eustatius and Saba",,,12.18,-68.24,0,confirmed,2020-03-31T00:00:00Z
Netherlands,NL,Curacao,,,12.17,-68.99,11,confirmed,2020-03-31T00:00:00Z
Netherlands,NL,Drenthe,,,52.86,6.62,0,confirmed,2020-03-31T00:00:00Z
Netherlands,NL,Flevoland,,,52.55,5.52,0,confirmed,2020-03-31T00:00:00Z
Netherlands,NL,Friesland,,,53.09,5.79,0,confirmed,2020-03-31T00:00:00Z
Netherlands,NL,Gelderland,,,52.06,5.94,0,confirmed,2020-03-31T00:00:00Z
Netherlands,NL,Groningen,,,53.22,6.74,0,confirmed,2020-03-31T00:00:00Z
Netherlands,NL,Limburg,,,51.21,5.93,0,confirmed,2020-03-31T00:00:00Z
Netherlands,NL,Noord-Brabant,,,51.56,5.18,0,confirmed,2020-03-31T00:00:00Z
Netherlands,NL,Noord-Holland,,,52.6,4.92,0,confirmed,2020-03-31T00:00:00Z
Netherlands,NL,Overijssel,,,52.44,6.44,0,confirmed,2020-03-31T00:00:00Z
Netherlands,NL,Sint Maarten,,,18.04,-63.05,6,confirmed,2020-03-31T00:00:00Z
Netherlands,NL,Utrecht,,,52.08,5.16,0,confirmed,2020-03-31T00:00:00Z
Netherlands,NL,Zeeland,,,51.48,3.86,0,confirmed,2020-03-31T00:00:00Z
Netherlands,NL,Zuid-Holland,,,51.94,4.46,0,confirmed,2020-03-31T00:00:00Z
Netherlands,NL,,,,52.13,5.29,13614,confirmed,2020-04-01T00:00:00Z
Netherlands,NL,Aruba,,,12.52,-70.04,55,confirmed,2020-04-01T00:00:00Z
Netherlands,NL,"Bonaire, Sint Eustatius and Saba",,,12.18,-68.24,0,confirmed,2020-04-01T00:00:00Z
Netherlands,NL,Curacao,,,12.17,-68.99,11,confirmed,2020-04-01T00:00:00Z
Netherlands,NL,Drenthe,,,52.86,6.62,0,confirmed,2020-04-01T00:00:00Z
Netherlands,NL,Flevoland,,,52.55,5.52,0,confirmed,2020-04-01T00:00:00Z
Netherlands,NL,Friesland,,,53.09,5.79,0,confirmed,2020-04-01T00:00:00Z
Netherlands,NL,Gelderland,,,52.06,5.94,0,confirmed,2020-04-01T00:00:00Z
Netherlands,NL,Groningen,,,53.22,6.74,0,confirmed,2020-04-01T00:00:00Z
Netherlands,NL,Limburg,,,51.21,5.93,0,confirmed,2020-04-01T00:00:00Z
Netherlands,NL,Noord-Brabant,,,51.56,5.18,0,confirmed,2020-04-01T00:00:00Z
Netherlands,NL,Noord-Holland,,,52.6,4.92,0,confirmed,2020-04-01T00:00:00Z
Netherlands,NL,Overijssel,,,52.44,6.44,0,confirmed,2020-04-01T00:00:00Z
Netherlands,NL,Sint Maarten,,,18.04,-63.05,16,confirmed,2020-04-01T00:00:00Z
Netherlands,NL,Utrecht,,,52.08,5.16,0,confirmed,2020-04-01T00:00:00Z
Netherlands,NL,Zeeland,,,51.48,3.86,0,confirmed,2020-04-01T00:00:00Z
Netherlands,NL,Zuid-Holland,,,51.94,4.46,0,confirmed,2020-04-01T00:00:00Z
