Country,CountryCode,Province,City,CityCode,Lat,Lon,Cases,Status,Date
New Zealand,NZ,,,,-40.9,174.89,1,confirmed,2020-03-01T00:00:00Z
New Zealand,NZ,,,,-40.9,174.89,1,confirmed,2020-03-02T00:00:00Z
New Zealand,NZ,,,,-40.9,174.89,1,confirmed,2020-03-03T00:00:00Z
New Zealand,NZ,,,,-40.9,174.89,3,confirmed,2020-03-04T00:00:00Z
New Zealand,NZ,,,,-40.9,174.89,3,confirmed,2020-03-05T00:00:00Z
New Zealand,NZ,,,,-40.9,174.89,4,confirmed,2020-03-06T00:00:00Z
New Zealand,NZ,,,,-40.9,174.89,5,confirmed,2020-03-07T00:00:00Z
New Zealand,NZ,,,,-40.9,174.89,5,confirmed,2020-03-08T00:00:00Z
New Zealand,NZ,,,,-40.9,174.89,5,confirmed,2020-03-09T00:00:00Z
New Zealand,NZ,,,,-40.9,174.89,5,confirmed,2020-03-10T00:00:00Z
New Zealand,NZ,,,,-40.9,174.89,5,confirmed,2020-03-11T00:00:00Z
New Zealand,NZ,,,,-40.9,174.89,5,confirmed,2020-03-12T00:00:00Z
New Zealand,NZ,,,,-40.9,174.89,5,confirmed,2020-03-13T00:00:00Z
New Zealand,NZ,,,,-40.9,174.89,6,confirmed,2020-03-14T00:00:00Z
New Zealand,NZ,,,,-40.9,174.89,8,confirmed,2020-03-15T00:00:00Z
New Zealand,NZ,,,,-40.9,174.89,8,confirmed,2020-03-16T00:00:00Z
New Zealand,NZ,,,,-40.9,174.89,12,confirmed,2020-03-17T00:00:00Z
New Zealand,NZ,,,,-40.9,174.89,20,confirmed,2020-03-18T00:00:00Z
New Zealand,NZ,,,,-40.9,174.89,28,confirmed,2020-03-19T00:00:00Z
New Zealand,NZ,,,,-40.9,174.89,39,confirmed,2020-03-20T00:00:00Z
New Zealand,NZ,,,,-40.9,174.89,52,confirmed,2020-03-21T00:00:00Z
New Zealand,NZ,,,,-40.9,174.89,102,confirmed,2020-03-22T00:00:00Z
New Zealand,NZ,,,,-40.9,174.89,102,confirmed,2020-03-23T00:00:00Z
New Zealand,NZ,,,,-40.9,174.89,155,confirmed,2020-03-24T00:00:00Z
New Zealand,NZ,,,,-40.9,174.89,205,confirmed,2020-03-25T00:00:00Z
New Zealand,NZ,,,,-40.9,174.89,283,confirmed,2020-03-26T00:00:00Z
New Zealand,NZ,,,,-40.9,174.89,368,confirmed,2020-03-27T00:00:00Z
New Zealand,NZ,,,,-40.9,174.89,451,confirmed,2020-03-28T00:00:00Z
New Zealand,NZ,,,,-40.9,174.89,514,confirmed,2020-03-29T00:00:00Z
New Zealand,NZ,,,,-40.9,174.89,589,confirmed,2020-03-30T00:00:00Z
New Zealand,NZ,,,,-40.9,174.89,647,confirmed,2020-03-31T00:00:00Z
New Zealand,NZ,,,,-40.9,174.89,708,confirmed,2020-04-01T00:00:00Z
