Country,CountryCode,Province,City,CityCode,Lat,Lon,Cases,Status,Date
Norway,NO,,,,60.47,8.47,19,confirmed,2020-03-01T00:00:00Z
Norway,NO,,,,60.47,8.47,25,confirmed,2020-03-02T00:00:00Z
Norway,NO,,,,60.47,8.47,32,confirmed,2020-03-03T00:00:00Z
Norway,NO,,,,60.47,8.47,56,confirmed,2020-03-04T00:00:00Z
Norway,NO,,,,60.47,8.47,87,confirmed,2020-03-05T00:00:00Z
Norway,NO,,,,60.47,8.47,108,confirmed,2020-03-06T00:00:00Z
Norway,NO,,,,60.47,8.47,147,confirmed,2020-03-07T00:00:00Z
Norway,NO,,,,60.47,8.47,176,confirmed,2020-03-08T00:00:00Z
Norway,NO,,,,60.47,8.47,205,confirmed,2020-03-09T00:00:00Z
Norway,NO,,,,60.47,8.47,400,confirmed,2020-03-10T00:00:00Z
Norway,NO,,,,60.47,8.47,598,confirmed,2020-03-11T00:00:00Z
Norway,NO,,,,60.47,8.47,702,confirmed,2020-03-12T00:00:00Z
Norway,NO,,,,60.47,8.47,996,confirmed,2020-03-13T00:00:00Z
Norway,NO,,,,60.47,8.47,1090,confirmed,2020-03-14T00:00:00Z
Norway,NO,,,,60.47,8.47,1221,confirmed,2020-03-15T00:00:00Z
Norway,NO,,,,60.47,8.47,1333,confirmed,2020-03-16T00:00:00Z
Norway,NO,,,,60.47,8.47,1463,confirmed,2020-03-17T00:00:00Z
Norway,NO,,,,60.47,8.47,1550,confirmed,2020-03-18T00:00:00Z
Norway,NO,,,,60.47,8.47,1746,confirmed,2020-03-19T00:00:00Z
Norway,NO,,,,60.47,8.47,1914,confirmed,2020-03-20T00:00:00Z
Norway,NO,,,,60.47,8.47,2118,confirmed,2020-03-21T00:00:00Z
Norway,NO,,,,60.47,8.47,2385,confirmed,2020-03-22T00:00:00Z
Norway,NO,,,,60.47,8.47,2621,confirmed,2020-03-23T00:00:00Z
Norway,NO,,,,60.47,8.47,2863,confirmed,2020-03-24T00:00:00Z
Norway,NO,,,,60.47,8.47,3084,confirmed,2020-03-25T00:00:00Z
Norway,NO,,,,60.47,8.47,3369,confirmed,2020-03-26T00:00:00Z
Norway,NO,,,,60.47,8.47,3755,confirmed,2020-03-27T00:00:00Z
Norway,NO,,,,60.47,8.47,4015,confirmed,2020-03-28T00:00:00Z
Norway,NO,,,,60.47,8.47,4284,confirmed,2020-03-29T00:00:00Z
Norway,NO,,,,60.47,8.47,4445,confirmed,2020-03-30T00:00:00Z
Norway,NO,,,,60.47,8.47,4641,confirmed,2020-03-31T00:00:00Z
Norway,NO,,,,60.47,8.47,4863,confirmed,2020-04-01T00:00:00Z
