Country,CountryCode,Province,City,CityCode,Lat,Lon,Cases,Status,Date
Poland,PL,,,,51.92,19.15,0,confirmed,2020-03-01T00:00:00Z
Poland,PL,,,,51.92,19.15,0,confirmed,2020-03-02T00:00:00Z
Poland,PL,,,,51.92,19.15,0,confirmed,2020-03-03T00:00:00Z
Poland,PL,,,,51.92,19.15,1,confirmed,2020-03-04T00:00:00Z
Poland,PL,,,,51.92,19.15,1,confirmed,2020-03-05T00:00:00Z
Poland,PL,,,,51.92,19.15,5,confirmed,2020-03-06T00:00:00Z
Poland,PL,,,,51.92,19.15,5,confirmed,2020-03-07T00:00:00Z
Poland,PL,,,,51.92,19.15,11,confirmed,2020-03-08T00:00:00Z
Poland,PL,,,,51.92,19.15,16,confirmed,2020-03-09T00:00:00Z
Poland,PL,,,,51.92,19.15,22,confirmed,2020-03-10T00:00:00Z
Poland,PL,,,,51.92,19.15,31,confirmed,2020-03-11T00:00:00Z
Poland,PL,,,,51.92,19.15,49,confirmed,2020-03-12T00:00:00Z
Poland,PL,,,,51.92,19.15,68,confirmed,2020-03-13T00:00:00Z
Poland,PL,,,,51.92,19.15,103,confirmed,2020-03-14T00:00:00Z
Poland,PL,,,,51.92,19.15,119,confirmed,2020-03-15T00:00:00Z
Poland,PL,,,,51.92,19.15,177,confirmed,2020-03-16T00:00:00Z
Poland,PL,,,,51.92,19.15,238,confirmed,2020-03-17T00:00:00Z
Poland,PL,,,,51.92,19.15,251,confirmed,2020-03-18T00:00:00Z
Poland,PL,,,,51.92,19.15,355,confirmed,2020-03-19T00:00:00Z
Poland,PL,,,,51.92,19.15,425,confirmed,2020-03-20T00:00:00Z
Poland,PL,,,,51.92,19.15,536,confirmed,2020-03-21T00:00:00Z
Poland,PL,,,,51.92,19.15,634,confirmed,2020-03-22T00:00:00Z
Poland,PL,,,,51.92,19.15,749,confirmed,2020-03-23T00:00:00Z
Poland,PL,,,,51.92,19.15,901,confirmed,2020-03-24T00:00:00Z
Poland,PL,,,,51.92,19.15,1051,confirmed,2020-03-25T00:00:00Z
Poland,PL,,,,51.92,19.15,1221,confirmed,2020-03-26T00:00:00Z
Poland,PL,,,,51.92,19.15,1389,confirmed,2020-03-27T00:00:00Z
Poland,PL,,,,51.92,19.15,1638,confirmed,2020-03-28T00:00:00Z
Poland,PL,,,,51.92,19.15,1862,confirmed,2020-03-29T00:00:00Z
Poland,PL,,,,51.92,19.15,2055,confirmed,2020-03-30T00:00:00Z
Poland,PL,,,,51.92,19.15,2311,confirmed,2020-03-31T00:00:00Z
Poland,PL,,,,51.92,19.15,2554,confirmed,2020-04-01T00:00:00Z
