Country,CountryCode,Province,City,CityCode,Lat,Lon,Cases,Status,Date
Portugal,PT,,,,39.4,-8.22,0,confirmed,2020-03-01T00:00:00Z
Portugal,PT,,,,39.4,-8.22,2,confirmed,2020-03-02T00:00:00Z
Portugal,PT,,,,39.4,-8.22,2,confirmed,2020-03-03T00:00:00Z
Portugal,PT,,,,39.4,-8.22,5,confirmed,2020-03-04T00:00:00Z
Portugal,PT,,,,39.4,-8.22,8,confirmed,2020-03-05T00:00:00Z
Portugal,PT,,,,39.4,-8.22,13,confirmed,2020-03-06T00:00:00Z
Portugal,PT,,,,39.4,-8.22,20,confirmed,2020-03-07T00:00:00Z
Portugal,PT,,,,39.4,-8.22,30,confirmed,2020-03-08T00:00:00Z
Portugal,PT,,,,39.4,-8.22,30,confirmed,2020-03-09T00:00:00Z
Portugal,PT,,,,39.4,-8.22,41,confirmed,2020-03-10T00:00:00Z
Portugal,PT,,,,39.4,-8.22,59,confirmed,2020-03-11T00:00:00Z
Portugal,PT,,,,39.4,-8.22,59,confirmed,2020-03-12T00:00:00Z
Portugal,PT,,,,39.4,-8.22,112,confirmed,2020-03-13T00:00:00Z
Portugal,PT,,,,39.4,-8.22,169,confirmed,2020-03-14T00:00:00Z
Portugal,PT,,,,39.4,-8.22,245,confirmed,2020-03-15T00:00:00Z
Portugal,PT,,,,39.4,-8.22,331,confirmed,2020-03-16T00:00:00Z
Portugal,PT,,,,39.4,-8.22,448,confirmed,2020-03-17T00:00:00Z
Portugal,PT,,,,39.4,-8.22,448,confirmed,2020-03-18T00:00:00Z
Portugal,PT,,,,39.4,-8.22,785,confirmed,2020-03-19T00:00:00Z
Portugal,PT,,,,39.4,-8.22,1020,confirmed,2020-03-20T00:00:00Z
Portugal,PT,,,,39.4,-8.22,1280,confirmed,2020-03-21T00:00:00Z
Portugal,PT,,,,39.4,-8.22,1600,confirmed,2020-03-22T00:00:00Z
Portugal,PT,,,,39.4,-8.22,2060,confirmed,2020-03-23T00:00:00Z
Portugal,PT,,,,39.4,-8.22,2362,confirmed,2020-03-24T00:00:00Z
Portugal,PT,,,,39.4,-8.22,2995,confirmed,2020-03-25T00:00:00Z
Portugal,PT,,,,39.4,-8.22,3544,confirmed,2020-03-26T00:00:00Z
Portugal,PT,,,,39.4,-8.22,4268,confirmed,2020-03-27T00:00:00Z
Portugal,PT,,,,39.4,-8.22,5170,confirmed,2020-03-28T00:00:00Z
Portugal,PT,,,,39.4,-8.22,5962,confirmed,2020-03-29T00:00:00Z
Portugal,PT,,,,39.4,-8.22,6408,confirmed,2020-03-30T00:00:00Z
Portugal,PT,,,,39.4,-8.22,7443,confirmed,2020-03-31T00:00:00Z
Portugal,PT,,,,39.4,-8.22,8251,confirmed,2020-04-01T00:00:00Z
