Country,CountryCode,Province,City,CityCode,Lat,Lon,Cases,Status,Date
Russian Federation,RU,,,,61.52,105.32,2,confirmed,2020-03-01T00:00:00Z
Russian Federation,RU,,,,61.52,105.32,3,confirmed,2020-03-02T00:00:00Z
Russian Federation,RU,,,,61.52,105.32,3,confirmed,2020-03-03T00:00:00Z
Russian Federation,RU,,,,61.52,105.32,3,confirmed,2020-03-04T00:00:00Z
Russian Federation,RU,,,,61.52,105.32,4,confirmed,2020-03-05T00:00:00Z
Russian Federation,RU,,,,61.52,105.32,13,confirmed,2020-03-06T00:00:00Z
Russian Federation,RU,,,,61.52,105.32,13,confirmed,2020-03-07T00:00:00Z
Russian Federation,RU,,,,61.52,105.32,17,confirmed,2020-03-08T00:00:00Z
Russian Federation,RU,,,,61.52,105.32,17,confirmed,2020-03-09T00:00:00Z
Russian Federation,RU,,,,61.52,105.32,20,confirmed,2020-03-10T00:00:00Z
Russian Federation,RU,,,,61.52,105.32,20,confirmed,2020-03-11T00:00:00Z
Russian Federation,RU,,,,61.52,105.32,28,confirmed,2020-03-12T00:00:00Z
Russian Federation,RU,,,,61.52,105.32,45,confirmed,2020-03-13T00:00:00Z
Russian Federation,RU,,,,61.52,105.32,59,confirmed,2020-03-14T00:00:00Z
Russian Federation,RU,,,,61.52,105.32,63,confirmed,2020-03-15T00:00:00Z
Russian Federation,RU,,,,61.52,105.32,90,confirmed,2020-03-16T00:00:00Z
Russian Federation,RU,,,,61.52,105.32,114,confirmed,2020-03-17T00:00:00Z
Russian Federation,RU,,,,61.52,105.32,147,confirmed,2020-03-18T00:00:00Z
Russian Federation,RU,,,,61.52,105.32,199,confirmed,2020-03-19T00:00:00Z
Russian Federation,RU,,,,61.52,105.32,253,confirmed,2020-03-20T00:00:00Z
Russian Federation,RU,,,,61.52,105.32,306,confirmed,2020-03-21T00:00:00Z
Russian Federation,RU,,,,61.52,105.32,367,confirmed,2020-03-22T00:00:00Z
Russian Federation,RU,,,,61.52,105.32,438,confirmed,2020-03-23T00:00:00Z
Russian Federation,RU,,,,61.52,105.32,495,confirmed,2020-03-24T00:00:00Z
Russian Federation,RU,,,,61.52,105.32,658,confirmed,2020-03-25T00:00:00Z
Russian Federation,RU,,,,61.52,105.32,840,confirmed,2020-03-26T00:00:00Z
Russian Federation,RU,,,,61.52,105.32,1036,confirmed,2020-03-27T00:00:00Z
Russian Federation,RU,,,,61.52,105.32,1264,confirmed,2020-03-28T00:00:00Z
Russian Federation,RU,,,,61.52,105.32,1534,confirmed,2020-03-29T00:00:00Z
Russian Federation,RU,,,,61.52,105.32,1836,confirmed,2020-03-30T00:00:00Z
Russian Federation,RU,,,,61.52,105.32,2337,confirmed,2020-03-31T00:00:00Z
Russian Federation,RU,,,,61.52,105.32,2777,confirmed,2020-04-01T00:00:00Z
