Country,CountryCode,Province,City,CityCode,Lat,Lon,Cases,Status,Date
Slovenia,SI,,,,46.15,15,0,confirmed,2020-03-01T00:00:00Z
Slovenia,SI,,,,46.15,15,0,confirmed,2020-03-02T00:00:00Z
Slovenia,SI,,,,46.15,15,0,confirmed,2020-03-03T00:00:00Z
Slovenia,SI,,,,46.15,15,0,confirmed,2020-03-04T00:00:00Z
Slovenia,SI,,,,46.15,15,2,confirmed,2020-03-05T00:00:00Z
Slovenia,SI,,,,46.15,15,7,confirmed,2020-03-06T00:00:00Z
Slovenia,SI,,,,46.15,15,7,confirmed,2020-03-07T00:00:00Z
Slovenia,SI,,,,46.15,15,16,confirmed,2020-03-08T00:00:00Z
Slovenia,SI,,,,46.15,15,16,confirmed,2020-03-09T00:00:00Z
Slovenia,SI,,,,46.15,15,31,confirmed,2020-03-10T00:00:00Z
Slovenia,SI,,,,46.15,15,57,confirmed,2020-03-11T00:00:00Z
Slovenia,SI,,,,46.15,15,89,confirmed,2020-03-12T00:00:00Z
Slovenia,SI,,,,46.15,15,141,confirmed,2020-03-13T00:00:00Z
Slovenia,SI,,,,46.15,15,181,confirmed,2020-03-14T00:00:00Z
Slovenia,SI,,,,46.15,15,219,confirmed,2020-03-15T00:00:00Z
Slovenia,SI,,,,46.15,15,253,confirmed,2020-03-16T00:00:00Z
Slovenia,SI,,,,46.15,15,275,confirmed,2020-03-17T00:00:00Z
Slovenia,SI,,,,46.15,15,275,confirmed,2020-03-18T00:00:00Z
Slovenia,SI,,,,46.15,15,286,confirmed,2020-03-19T00:00:00Z
Slovenia,SI,,,,46.15,15,341,confirmed,2020-03-20T00:00:00Z
Slovenia,SI,,,,46.15,15,383,confirmed,2020-03-21T00:00:00Z
Slovenia,SI,,,,46.15,15,414,confirmed,2020-03-22T00:00:00Z
Slovenia,SI,,,,46.15,15,442,confirmed,2020-03-23T00:00:00Z
Slovenia,SI,,,,46.15,15,480,confirmed,2020-03-24T00:00:00Z
Slovenia,SI,,,,46.15,15,528,confirmed,2020-03-25T00:00:00Z
Slovenia,SI,,,,46.15,15,562,confirmed,2020-03-26T00:00:00Z
Slovenia,SI,,,,46.15,15,632,confirmed,2020-03-27T00:00:00Z
Slovenia,SI,,,,46.15,15,684,confirmed,2020-03-28T00:00:00Z
Slovenia,SI,,,,46.15,15,730,confirmed,2020-03-29T00:00:00Z
Slovenia,SI,,,,46.15,15,756,confirmed,2020-03-30T00:00:00Z
Slovenia,SI,,,,46.15,15,802,confirmed,2020-03-31T00:00:00Z
Slovenia,SI,,,,46.15,15,841,confirmed,2020-04-01T00:00:00Z
