Country,CountryCode,Province,City,CityCode,Lat,Lon,Cases,Status,Date
Spain,ES,,,,40.46,-3.75,84,confirmed,2020-03-01T00:00:00Z
Spain,ES,,,,40.46,-3.75,120,confirmed,2020-03-02T00:00:00Z
Spain,ES,,,,40.46,-3.75,165,confirmed,2020-03-03T00:00:00Z
Spain,ES,,,,40.46,-3.75,222,confirmed,2020-03-04T00:00:00Z
Spain,ES,,,,40.46,-3.75,259,confirmed,2020-03-05T00:00:00Z
Spain,ES,,,,40.46,-3.75,400,confirmed,2020-03-06T00:00:00Z
Spain,ES,,,,40.46,-3.75,500,confirmed,2020-03-07T00:00:00Z
Spain,ES,,,,40.46,-3.75,673,confirmed,2020-03-08T00:00:00Z
Spain,ES,,,,40.46,-3.75,1073,confirmed,2020-03-09T00:00:00Z
Spain,ES,,,,40.46,-3.75,1695,confirmed,2020-03-10T00:00:00Z
Spain,ES,,,,40.46,-3.75,2277,confirmed,2020-03-11T00:00:00Z
Spain,ES,,,,40.46,-3.75,2277,confirmed,2020-03-12T00:00:00Z
Spain,ES,,,,40.46,-3.75,5232,confirmed,2020-03-13T00:00:00Z
Spain,ES,,,,40.46,-3.75,6391,confirmed,2020-03-14T00:00:00Z
Spain,ES,,,,40.46,-3.75,7798,confirmed,2020-03-15T00:00:00Z
Spain,ES,,,,40.46,-3.75,9942,confirmed,2020-03-16T00:00:00Z
Spain,ES,,,,40.46,-3.75,11748,confirmed,2020-03-17T00:00:00Z
Spain,ES,,,,40.46,-3.75,13910,confirmed,2020-03-18T00:00:00Z
Spain,ES,,,,40.46,-3.75,17963,confirmed,2020-03-19T00:00:00Z
Spain,ES,,,,40.46,-3.75,20410,confirmed,2020-03-20T00:00:00Z
Spain,ES,,,,40.46,-3.75,25374,confirmed,2020-03-21T00:00:00Z
Spain,ES,,,,40.46,-3.75,28768,confirmed,2020-03-22T00:00:00Z
Spain,ES,,,,40.46,-3.75,35136,confirmed,2020-03-23T00:00:00Z
Spain,ES,,,,40.46,-3.75,39885,confirmed,2020-03-24T00:00:00Z
Spain,ES,,,,40.46,-3.75,49515,confirmed,2020-03-25T00:00:00Z
Spain,ES,,,,40.46,-3.75,57786,confirmed,2020-03-26T00:00:00Z
Spain,ES,,,,40.46,-3.75,65719,confirmed,2020-03-27T00:00:00Z
Spain,ES,,,,40.46,-3.75,73235,confirmed,2020-03-28T00:00:00Z
Spain,ES,,,,40.46,-3.75,80110,confirmed,2020-03-29T00:00:00Z
Spain,ES,,,,40.46,-3.75,87956,confirmed,2020-03-30T00:00:00Z
Spain,ES,,,,40.46,-3.75,95923,confirmed,2020-03-31T00:00:00Z
Spain,ES,,,,40.46,-3.75,104118,confirmed,2020-04-01T00:00:00Z
