Country,CountryCode,Province,City,CityCode,Lat,Lon,Cases,Status,Date
Sweden,SE,,,,60.13,18.64,14,confirmed,2020-03-01T00:00:00Z
Sweden,SE,,,,60.13,18.64,15,confirmed,2020-03-02T00:00:00Z
Sweden,SE,,,,60.13,18.64,21,confirmed,2020-03-03T00:00:00Z
Sweden,SE,,,,60.13,18.64,35,confirmed,2020-03-04T00:00:00Z
Sweden,SE,,,,60.13,18.64,94,confirmed,2020-03-05T00:00:00Z
Sweden,SE,,,,60.13,18.64,101,confirmed,2020-03-06T00:00:00Z
Sweden,SE,,,,60.13,18.64,161,confirmed,2020-03-07T00:00:00Z
Sweden,SE,,,,60.13,18.64,203,confirmed,2020-03-08T00:00:00Z
Sweden,SE,,,,60.13,18.64,248,confirmed,2020-03-09T00:00:00Z
Sweden,SE,,,,60.13,18.64,355,confirmed,2020-03-10T00:00:00Z
Sweden,SE,,,,60.13,18.64,500,confirmed,2020-03-11T00:00:00Z
Sweden,SE,,,,60.13,18.64,599,confirmed,2020-03-12T00:00:00Z
Sweden,SE,,,,60.13,18.64,814,confirmed,2020-03-13T00:00:00Z
Sweden,SE,,,,60.13,18.64,961,confirmed,2020-03-14T00:00:00Z
Sweden,SE,,,,60.13,18.64,1022,confirmed,2020-03-15T00:00:00Z
Sweden,SE,,,,60.13,18.64,1103,confirmed,2020-03-16T00:00:00Z
Sweden,SE,,,,60.13,18.64,1190,confirmed,2020-03-17T00:00:00Z
Sweden,SE,,,,60.13,18.64,1279,confirmed,2020-03-18T00:00:00Z
Sweden,SE,,,,60.13,18.64,1439,confirmed,2020-03-19T00:00:00Z
Sweden,SE,,,,60.13,18.64,1639,confirmed,2020-03-20T00:00:00Z
Sweden,SE,,,,60.13,18.64,1763,confirmed,2020-03-21T00:00:00Z
Sweden,SE,,,,60.13,18.64,1934,confirmed,2020-03-22T00:00:00Z
Sweden,SE,,,,60.13,18.64,2046,confirmed,2020-03-23T00:00:00Z
Sweden,SE,,,,60.13,18.64,2286,confirmed,2020-03-24T00:00:00Z
Sweden,SE,,,,60.13,18.64,2526,confirmed,2020-03-25T00:00:00Z
Sweden,SE,,,,60.13,18.64,2840,confirmed,2020-03-26T00:00:00Z
Sweden,SE,,,,60.13,18.64,3069,confirmed,2020-03-27T00:00:00Z
Sweden,SE,,,,60.13,18.64,3447,confirmed,2020-03-28T00:00:00Z
Sweden,SE,,,,60.13,18.64,3700,confirmed,2020-03-29T00:00:00Z
Sweden,SE,,,,60.13,18.64,4028,confirmed,2020-03-30T00:00:00Z
Sweden,SE,,,,60.13,18.64,4435,confirmed,2020-03-31T00:00:00Z
Sweden,SE,,,,60.13,18.64,4947,confirmed,2020-04-01T00:00:00Z
