Country,CountryCode,Province,City,CityCode,Lat,Lon,Cases,Status,Date
Switzerland,CH,,,,46.82,8.23,27,confirmed,2020-03-01T00:00:00Z
Switzerland,CH,,,,46.82,8.23,42,confirmed,2020-03-02T00:00:00Z
Switzerland,CH,,,,46.82,8.23,56,confirmed,2020-03-03T00:00:00Z
Switzerland,CH,,,,46.82,8.23,90,confirmed,2020-03-04T00:00:00Z
Switzerland,CH,,,,46.82,8.23,114,confirmed,2020-03-05T00:00:00Z
Switzerland,CH,,,,46.82,8.23,214,confirmed,2020-03-06T00:00:00Z
Switzerland,CH,,,,46.82,8.23,268,confirmed,2020-03-07T00:00:00Z
Switzerland,CH,,,,46.82,8.23,337,confirmed,2020-03-08T00:00:00Z
Switzerland,CH,,,,46.82,8.23,374,confirmed,2020-03-09T00:00:00Z
Switzerland,CH,,,,46.82,8.23,491,confirmed,2020-03-10T00:00:00Z
Switzerland,CH,,,,46.82,8.23,652,confirmed,2020-03-11T00:00:00Z
Switzerland,CH,,,,46.82,8.23,652,confirmed,2020-03-12T00:00:00Z
Switzerland,CH,,,,46.82,8.23,1139,confirmed,2020-03-13T00:00:00Z
Switzerland,CH,,,,46.82,8.23,1359,confirmed,2020-03-14T00:00:00Z
Switzerland,CH,,,,46.82,8.23,2200,confirmed,2020-03-15T00:00:00Z
Switzerland,CH,,,,46.82,8.23,2200,confirmed,2020-03-16T00:00:00Z
Switzerland,CH,,,,46.82,8.23,2700,confirmed,2020-03-17T00:00:00Z
Switzerland,CH,,,,46.82,8.23,3028,confirmed,2020-03-18T00:00:00Z
Switzerland,CH,,,,46.82,8.23,4075,confirmed,2020-03-19T00:00:00Z
Switzerland,CH,,,,46.82,8.23,5294,confirmed,2020-03-20T00:00:00Z
Switzerland,CH,,,,46.82,8.23,6575,confirmed,2020-03-21T00:00:00Z
Switzerland,CH,,,,46.82,8.23,7474,confirmed,2020-03-22T00:00:00Z
Switzerland,CH,,,,46.82,8.23,8795,confirmed,2020-03-23T00:00:00Z
Switzerland,CH,,,,46.82,8.23,9877,confirmed,2020-03-24T00:00:00Z
Switzerland,CH,,,,46.82,8.23,10897,confirmed,2020-03-25T00:00:00Z
Switzerland,CH,,,,46.82,8.23,11811,confirmed,2020-03-26T00:00:00Z
Switzerland,CH,,,,46.82,8.23,12928,confirmed,2020-03-27T00:00:00Z
Switzerland,CH,,,,46.82,8.23,14076,confirmed,2020-03-28T00:00:00Z
Switzerland,CH,,,,46.82,8.23,14829,confirmed,2020-03-29T00:00:00Z
Switzerland,CH,,,,46.82,8.23,15922,confirmed,2020-03-30T00:00:00Z
Switzerland,CH,,,,46.82,8.23,16605,confirmed,2020-03-31T00:00:00Z
Switzerland,CH,,,,46.82,8.23,17768,confirmed,2020-04-01T00:00:00Z
