Country,CountryCode,Province,City,CityCode,Lat,Lon,Cases,Status,Date
Turkey,TR,,,,38.96,35.24,0,confirmed,2020-03-01T00:00:00Z
Turkey,TR,,,,38.96,35.24,0,confirmed,2020-03-02T00:00:00Z
Turkey,TR,,,,38.96,35.24,0,confirmed,2020-03-03T00:00:00Z
Turkey,TR,,,,38.96,35.24,0,confirmed,2020-03-04T00:00:00Z
Turkey,TR,,,,38.96,35.24,0,confirmed,2020-03-05T00:00:00Z
Turkey,TR,,,,38.96,35.24,0,confirmed,2020-03-06T00:00:00Z
Turkey,TR,,,,38.96,35.24,0,confirmed,2020-03-07T00:00:00Z
Turkey,TR,,,,38.96,35.24,0,confirmed,2020-03-08T00:00:00Z
Turkey,TR,,,,38.96,35.24,0,confirmed,2020-03-09T00:00:00Z
Turkey,TR,,,,38.96,35.24,0,confirmed,2020-03-10T00:00:00Z
Turkey,TR,,,,38.96,35.24,1,confirmed,2020-03-11T00:00:00Z
Turkey,TR,,,,38.96,35.24,1,confirmed,2020-03-12T00:00:00Z
Turkey,TR,,,,38.96,35.24,5,confirmed,2020-03-13T00:00:00Z
Turkey,TR,,,,38.96,35.24,5,confirmed,2020-03-14T00:00:00Z
Turkey,TR,,,,38.96,35.24,6,confirmed,2020-03-15T00:00:00Z
Turkey,TR,,,,38.96,35.24,18,confirmed,2020-03-16T00:00:00Z
Turkey,TR,,,,38.96,35.24,47,confirmed,2020-03-17T00:00:00Z
Turkey,TR,,,,38.96,35.24,98,confirmed,2020-03-18T00:00:00Z
Turkey,TR,,,,38.96,35.24,192,confirmed,2020-03-19T00:00:00Z
Turkey,TR,,,,38.96,35.24,359,confirmed,2020-03-20T00:00:00Z
Turkey,TR,,,,38.96,35.24,670,confirmed,2020-03-21T00:00:00Z
Turkey,TR,,,,38.96,35.24,1236,confirmed,2020-03-22T00:00:00Z
Turkey,TR,,,,38.96,35.24,1529,confirmed,2020-03-23T00:00:00Z
Turkey,TR,,,,38.96,35.24,1872,confirmed,2020-03-24T00:00:00Z
Turkey,TR,,,,38.96,35.24,2433,confirmed,2020-03-25T00:00:00Z
Turkey,TR,,,,38.96,35.24,3629,confirmed,2020-03-26T00:00:00Z
Turkey,TR,,,,38.96,35.24,5698,confirmed,2020-03-27T00:00:00Z
Turkey,TR,,,,38.96,35.24,7402,confirmed,2020-03-28T00:00:00Z
Turkey,TR,,,,38.96,35.24,9217,confirmed,2020-03-29T00:00:00Z
Turkey,TR,,,,38.96,35.24,10827,confirmed,2020-03-30T00:00:00Z
Turkey,TR,,,,38.96,35.24,13531,confirmed,2020-03-31T00:00:00Z
Turkey,TR,,,,38.96,35.24,15679,confirmed,2020-04-01T00:00:00Z
