Country,CountryCode,Province,City,CityCode,Lat,Lon,Cases,Status,Date
United Kingdom,GB,,,,55.38,-3.44,94,confirmed,2020-03-01T00:00:00Z
United Kingdom,GB,Anguilla,,,18.22,-63.07,0,confirmed,2020-03-01T00:00:00Z
United Kingdom,GB,Bermuda,,,32.31,-64.75,94,confirmed,2020-03-01T00:00:00Z
United Kingdom,GB,British Virgin Islands,,,18.42,-64.64,0,confirmed,2020-03-01T00:00:00Z
United Kingdom,GB,Cayman Islands,,,19.31,-81.25,0,confirmed,2020-03-01T00:00:00Z
United Kingdom,GB,Channel Islands,,,49.37,-2.36,0,confirmed,2020-03-01T00:00:00Z
United Kingdom,GB,Falkland Islands (Malvinas),,,-51.8,-59.52,0,confirmed,2020-03-01T00:00:00Z
United Kingdom,GB,Gibraltar,,,36.14,-5.35,0,confirmed,2020-03-01T00:00:00Z
United Kingdom,GB,Isle of Man,,,54.24,-4.55,0,confirmed,2020-03-01T00:00:00Z
United Kingdom,GB,Montserrat,,,16.74,-62.19,0,confirmed,2020-03-01T00:00:00Z
United Kingdom,GB,Turks and Caicos Islands,,,21.69,-71.8,0,confirmed,2020-03-01T00:00:00Z
United Kingdom,GB,,,,55.38,-3.44,134,confirmed,2020-03-02T00:00:00Z
United Kingdom,GB,Anguilla,,,18.22,-63.07,0,confirmed,2020-03-02T00:00:00Z
United Kingdom,GB,Bermuda,,,32.31,-64.75,0,confirmed,2020-03-02T00:00:00Z
United Kingdom,GB,British Virgin Islands,,,18.42,-64.64,134,confirmed,2020-03-02T00:00:00Z
United Kingdom,GB,Cayman Islands,,,19.31,-81.25,0,confirmed,2020-03-02T00:00:00Z
United Kingdom,GB,Channel Islands,,,49.37,-2.36,0,confirmed,2020-03-02T00:00:00Z
United Kingdom,GB,Falkland Islands (Malvinas),,,-51.8,-59.52,0,confirmed,2020-03-02T00:00:00Z
United Kingdom,GB,Gibraltar,,,36.14,-5.35,0,confirmed,2020-03-02T00:00:00Z
United Kingdom,GB,Isle of Man,,,54.24,-4.55,0,confirmed,2020-03-02T00:00:00Z
United Kingdom,GB,Montserrat,,,16.74,-62.19,0,confirmed,2020-03-02T00:00:00Z
United Kingdom,GB,Turks and Caicos Islands,,,21.69,-71.8,0,confirmed,2020-03-02T00:00:00Z
United Kingdom,GB,,,,55.38,-3.44,189,confirmed,2020-03-03T00:00:00Z
United Kingdom,GB,Anguilla,,,18.22,-63.07,0,confirmed,2020-03-03T00:00:00Z
United Kingdom,GB,Bermuda,,,32.31,-64.75,0,confirmed,2020-03-03T00:00:00Z
United Kingdom,GB,British Virgin Islands,,,18.42,-64.64,0,confirmed,2020-03-03T00:00:00Z
United Kingdom,GB,Cayman Islands,,,19.31,-81.25,0,confirmed,2020-03-03T00:00:00Z
United Kingdom,GB,Channel Islands,,,49.37,-2.36,0,confirmed,2020-03-03T00:00:00Z
United Kingdom,GB,Falkland Islands (Malvinas),,,-51.8,-59.52,0,confirmed,2020-03-03T00:00:00Z
United Kingdom,GB,Gibraltar,,,36.14,-5.35,0,confirmed,2020-03-03T00:00:00Z
United Kingdom,GB,Isle of Man,,,54.24,-4.55,189,confirmed,2020-03-03T00:00:00Z
United Kingdom,GB,Montserrat,,,16.74,-62.19,0,confirmed,2020-03-03T00:00:00Z
United Kingdom,GB,Turks and Caicos Islands,,,21.69,-71.8,0,confirmed,2020-03-03T00:00:00Z
United Kingdom,GB,,,,55.38,-3.44,245,confirmed,2020-03-04T00:00:00Z
United Kingdom,GB,Anguilla,,,18.22,-63.07,0,confirmed,2020-03-04T00:00:00Z
United Kingdom,GB,Bermuda,,,32.31,-64.75,0,confirmed,2020-03-04T00:00:00Z
United Kingdom,GB,British Virgin Islands,,,18.42,-64.64,0,confirmed,2020-03-04T00:00:00Z
United Kingdom,GB,Cayman Islands,,,19.31,-81.25,0,confirmed,2020-03-04T00:00:00Z
United Kingdom,GB,Channel Islands,,,49.37,-2.36,0,confirmed,2020-03-04T00:00:00Z
United Kingdom,GB,Falkland Islands (Malvinas),,,-51.8,-59.52,0,confirmed,2020-03-04T00:00:00Z
United Kingdom,GB,Gibraltar,,,36.14,-5.35,1,confirmed,2020-03-04T00:00:00Z
United Kingdom,GB,Isle of Man,,,54.24,-4.55,245,confirmed,2020-03-04T00:00:00Z
United Kingdom,GB,Montserrat,,,16.74,-62.19,0,confirmed,2020-03-04T00:00:00Z
United Kingdom,GB,Turks and Caicos Islands,,,21.69,-71.8,0,confirmed,2020-03-04T00:00:00Z
United Kingdom,GB,,,,55.38,-3.44,294,confirmed,2020-03-05T00:00:00Z
United Kingdom,GB,Anguilla,,,18.22,-63.07,0,confirmed,2020-03-05T00:00:00Z
United Kingdom,GB,Bermuda,,,32.31,-64.75,0,confirmed,2020-03-05T00:00:00Z
United Kingdom,GB,British Virgin Islands,,,18.42,-64.64,0,confirmed,2020-03-05T00:00:00Z
United Kingdom,GB,Cayman Islands,,,19.31,-81.25,0,confirmed,2020-03-05T00:00:00Z
United Kingdom,GB,Channel Islands,,,49.37,-2.36,0,confirmed,2020-03-05T00:00:00Z
United Kingdom,GB,Falkland Islands (Malvinas),,,-51.8,-59.52,0,confirmed,2020-03-05T00:00:00Z
United Kingdom,GB,Gibraltar,,,36.14,-5.35,1,confirmed,2020-03-05T00:00:00Z
United Kingdom,GB,Isle of Man,,,54.24,-4.55,0,confirmed,2020-03-05T00:00:00Z
United Kingdom,GB,Montserrat,,,16.74,-62.19,0,confirmed,2020-03-05T00:00:00Z
United Kingdom,GB,Turks and Caicos Islands,,,21.69,-71.8,0,confirmed,2020-03-05T00:00:00Z
United Kingdom,GB,,,,55.38,-3.44,373,confirmed,2020-03-06T00:00:00Z
United Kingdom,GB,Anguilla,,,18.22,-63.07,0,confirmed,2020-03-06T00:00:00Z
United Kingdom,GB,Bermuda,,,32.31,-64.75,373,confirmed,2020-03-06T00:00:00Z
United Kingdom,GB,British Virgin Islands,,,18.42,-64.64,0,confirmed,2020-03-06T00:00:00Z
United Kingdom,GB,Cayman Islands,,,19.31,-81.25,0,confirmed,2020-03-06T00:00:00Z
United Kingdom,GB,Channel Islands,,,49.37,-2.36,0,confirmed,2020-03-06T00:00:00Z
United Kingdom,GB,Falkland Islands (Malvinas),,,-51.8,-59.52,0,confirmed,2020-03-06T00:00:00Z
United Kingdom,GB,Gibraltar,,,36.14,-5.35,1,confirmed,2020-03-06T00:00:00Z
United Kingdom,GB,Isle of Man,,,54.24,-4.55,0,confirmed,2020-03-06T00:00:00Z
United Kingdom,GB,Montserrat,,,16.74,-62.19,0,confirmed,2020-03-06T00:00:00Z
United Kingdom,GB,Turks and Caicos Islands,,,21.69,-71.8,0,confirmed,2020-03-06T00:00:00Z
United Kingdom,GB,,,,55.38,-3.44,428,confirmed,2020-03-07T00:00:00Z
United Kingdom,GB,Anguilla,,,18.22,-63.07,0,confirmed,2020-03-07T00:00:00Z
United Kingdom,GB,Bermuda,,,32.31,-64.75,0,confirmed,2020-03-07T00:00:00Z
United Kingdom,GB,British Virgin Islands,,,18.42,-64.64,0,confirmed,2020-03-07T00:00:00Z
United Kingdom,GB,Cayman Islands,,,19.31,-81.25,0,confirmed,2020-03-07T00:00:00Z
United Kingdom,GB,Channel Islands,,,49.37,-2.36,0,confirmed,2020-03-07T00:00:00Z
United Kingdom,GB,Falkland Islands (Malvinas),,,-51.8,-59.52,0,confirmed,2020-03-07T00:00:00Z
United Kingdom,GB,Gibraltar,,,36.14,-5.35,1,confirmed,2020-03-07T00:00:00Z
United Kingdom,GB,Isle of Man,,,54.24,-4.55,428,confirmed,2020-03-07T00:00:00Z
United Kingdom,GB,Montserrat,,,16.74,-62.19,0,confirmed,2020-03-07T00:00:00Z
United Kingdom,GB,Turks and Caicos Islands,,,21.69,-71.8,0,confirmed,2020-03-07T00:00:00Z
United Kingdom,GB,,,,55.38,-3.44,482,confirmed,2020-03-08T00:00:00Z
United Kingdom,GB,Anguilla,,,18.22,-63.07,0,confirmed,2020-03-08T00:00:00Z
United Kingdom,GB,Bermuda,,,32.31,-64.75,0,confirmed,2020-03-08T00:00:00Z
United Kingdom,GB,British Virgin Islands,,,18.42,-64.64,0,confirmed,2020-03-08T00:00:00Z
United Kingdom,GB,Cayman Islands,,,19.31,-81.25,482,confirmed,2020-03-08T00:00:00Z
United Kingdom,GB,Channel Islands,,,49.37,-2.36,0,confirmed,2020-03-08T00:00:00Z
United Kingdom,GB,Falkland Islands (Malvinas),,,-51.8,-59.52,0,confirmed,2020-03-08T00:00:00Z
United Kingdom,GB,Gibraltar,,,36.14,-5.35,1,confirmed,2020-03-08T00:00:00Z
United Kingdom,GB,Isle of Man,,,54.24,-4.55,0,confirmed,2020-03-08T00:00:00Z
United Kingdom,GB,Montserrat,,,16.74,-62.19,0,confirmed,2020-03-08T00:00:00Z
United Kingdom,GB,Turks and Caicos Islands,,,21.69,-71.8,0,confirmed,2020-03-08T00:00:00Z
United Kingdom,GB,,,,55.38,-3.44,629,confirmed,2020-03-09T00:00:00Z
United Kingdom,GB,Anguilla,,,18.22,-63.07,0,confirmed,2020-03-09T00:00:00Z
United Kingdom,GB,Bermuda,,,32.31,-64.75,0,confirmed,2020-03-09T00:00:00Z
United Kingdom,GB,British Virgin Islands,,,18.42,-64.64,0,confirmed,2020-03-09T00:00:00Z
United Kingdom,GB,Cayman Islands,,,19.31,-81.25,0,confirmed,2020-03-09T00:00:00Z
United Kingdom,GB,Channel Islands,,,49.37,-2.36,0,confirmed,2020-03-09T00:00:00Z
United Kingdom,GB,Falkland Islands (Malvinas),,,-51.8,-59.52,0,confirmed,2020-03-09T00:00:00Z
United Kingdom,GB,Gibraltar,,,36.14,-5.35,1,confirmed,2020-03-09T00:00:00Z
United Kingdom,GB,Isle of Man,,,54.24,-4.55,0,confirmed,2020-03-09T00:00:00Z
United Kingdom,GB,Montserrat,,,16.74,-62.19,0,confirmed,2020-03-09T00:00:00Z
United Kingdom,GB,Turks and Caicos Islands,,,21.69,-71.8,0,confirmed,2020-03-09T00:00:00Z
United Kingdom,GB,,,,55.38,-3.44,887,confirmed,2020-03-10T00:00:00Z
United Kingdom,GB,Anguilla,,,18.22,-63.07,0,confirmed,2020-03-10T00:00:00Z
United Kingdom,GB,Bermuda,,,32.31,-64.75,0,confirmed,2020-03-10T00:00:00Z
United Kingdom,GB,British Virgin Islands,,,18.42,-64.64,0,confirmed,2020-03-10T00:00:00Z
United Kingdom,GB,Cayman Islands,,,19.31,-81.25,0,confirmed,2020-03-10T00:00:00Z
United Kingdom,GB,Channel Islands,,,49.37,-2.36,1,confirmed,2020-03-10T00:00:00Z
United Kingdom,GB,Falkland Islands (Malvinas),,,-51.8,-59.52,0,confirmed,2020-03-10T00:00:00Z
United Kingdom,GB,Gibraltar,,,36.14,-5.35,1,confirmed,2020-03-10T00:00:00Z
United Kingdom,GB,Isle of Man,,,54.24,-4.55,887,confirmed,2020-03-10T00:00:00Z
United Kingdom,GB,Montserrat,,,16.74,-62.19,0,confirmed,2020-03-10T00:00:00Z
United Kingdom,GB,Turks and Caicos Islands,,,21.69,-71.8,0,confirmed,2020-03-10T00:00:00Z
United Kingdom,GB,,,,55.38,-3.44,1298,confirmed,2020-03-11T00:00:00Z
United Kingdom,GB,Anguilla,,,18.22,-63.07,0,confirmed,2020-03-11T00:00:00Z
United Kingdom,GB,Bermuda,,,32.31,-64.75,0,confirmed,2020-03-11T00:00:00Z
United Kingdom,GB,British Virgin Islands,,,18.42,-64.64,0,confirmed,2020-03-11T00:00:00Z
United Kingdom,GB,Cayman Islands,,,19.31,-81.25,0,confirmed,2020-03-11T00:00:00Z
United Kingdom,GB,Channel Islands,,,49.37,-2.36,2,confirmed,2020-03-11T00:00:00Z
United Kingdom,GB,Falkland Islands (Malvinas),,,-51.8,-59.52,0,confirmed,2020-03-11T00:00:00Z
United Kingdom,GB,Gibraltar,,,36.14,-5.35,1,confirmed,2020-03-11T00:00:00Z
United Kingdom,GB,Isle of Man,,,54.24,-4.55,0,confirmed,2020-03-11T00:00:00Z
United Kingdom,GB,Montserrat,,,16.74,-62.19,0,confirmed,2020-03-11T00:00:00Z
United Kingdom,GB,Turks and Caicos Islands,,,21.69,-71.8,0,confirmed,2020-03-11T00:00:00Z
United Kingdom,GB,,,,55.38,-3.44,1787,confirmed,2020-03-12T00:00:00Z
United Kingdom,GB,Anguilla,,,18.22,-63.07,0,confirmed,2020-03-12T00:00:00Z
United Kingdom,GB,Bermuda,,,32.31,-64.75,0,confirmed,2020-03-12T00:00:00Z
United Kingdom,GB,British Virgin Islands,,,18.42,-64.64,1787,confirmed,2020-03-12T00:00:00Z
United Kingdom,GB,Cayman Islands,,,19.31,-81.25,0,confirmed,2020-03-12T00:00:00Z
United Kingdom,GB,Channel Islands,,,49.37,-2.36,2,confirmed,2020-03-12T00:00:00Z
United Kingdom,GB,Falkland Islands (Malvinas),,,-51.8,-59.52,0,confirmed,2020-03-12T00:00:00Z
United Kingdom,GB,Gibraltar,,,36.14,-5.35,1,confirmed,2020-03-12T00:00:00Z
United Kingdom,GB,Isle of Man,,,54.24,-4.55,0,confirmed,2020-03-12T00:00:00Z
United Kingdom,GB,Montserrat,,,16.74,-62.19,0,confirmed,2020-03-12T00:00:00Z
United Kingdom,GB,Turks and Caicos Islands,,,21.69,-71.8,0,confirmed,2020-03-12T00:00:00Z
United Kingdom,GB,,,,55.38,-3.44,2266,confirmed,2020-03-13T00:00:00Z
United Kingdom,GB,Anguilla,,,18.22,-63.07,0,confirmed,2020-03-13T00:00:00Z
United Kingdom,GB,Bermuda,,,32.31,-64.75,0,confirmed,2020-03-13T00:00:00Z
United Kingdom,GB,British Virgin Islands,,,18.42,-64.64,0,confirmed,2020-03-13T00:00:00Z
United Kingdom,GB,Cayman Islands,,,19.31,-81.25,1,confirmed,2020-03-13T00:00:00Z
United Kingdom,GB,Channel Islands,,,49.37,-2.36,2,confirmed,2020-03-13T00:00:00Z
United Kingdom,GB,Falkland Islands (Malvinas),,,-51.8,-59.52,0,confirmed,2020-03-13T00:00:00Z
United Kingdom,GB,Gibraltar,,,36.14,-5.35,1,confirmed,2020-03-13T00:00:00Z
United Kingdom,GB,Isle of Man,,,54.24,-4.55,0,confirmed,2020-03-13T00:00:00Z
United Kingdom,GB,Montserrat,,,16.74,-62.19,2266,confirmed,2020-03-13T00:00:00Z
United Kingdom,GB,Turks and Caicos Islands,,,21.69,-71.8,0,confirmed,2020-03-13T00:00:00Z
United Kingdom,GB,,,,55.38,-3.44,2630,confirmed,2020-03-14T00:00:00Z
United Kingdom,GB,Anguilla,,,18.22,-63.07,0,confirmed,2020-03-14T00:00:00Z
United Kingdom,GB,Bermuda,,,32.31,-64.75,0,confirmed,2020-03-14T00:00:00Z
United Kingdom,GB,British Virgin Islands,,,18.42,-64.64,0,confirmed,2020-03-14T00:00:00Z
United Kingdom,GB,Cayman Islands,,,19.31,-81.25,1,confirmed,2020-03-14T00:00:00Z
United Kingdom,GB,Channel Islands,,,49.37,-2.36,2,confirmed,2020-03-14T00:00:00Z
United Kingdom,GB,Falkland Islands (Malvinas),,,-51.8,-59.52,2630,confirmed,2020-03-14T00:00:00Z
United Kingdom,GB,Gibraltar,,,36.14,-5.35,1,confirmed,2020-03-14T00:00:00Z
United Kingdom,GB,Isle of Man,,,54.24,-4.55,0,confirmed,2020-03-14T00:00:00Z
United Kingdom,GB,Montserrat,,,16.74,-62.19,0,confirmed,2020-03-14T00:00:00Z
United Kingdom,GB,Turks and Caicos Islands,,,21.69,-71.8,0,confirmed,2020-03-14T00:00:00Z
United Kingdom,GB,,,,55.38,-3.44,3072,confirmed,2020-03-15T00:00:00Z
United Kingdom,GB,Anguilla,,,18.22,-63.07,0,confirmed,2020-03-15T00:00:00Z
United Kingdom,GB,Bermuda,,,32.31,-64.75,0,confirmed,2020-03-15T00:00:00Z
United Kingdom,GB,British Virgin Islands,,,18.42,-64.64,0,confirmed,2020-03-15T00:00:00Z
United Kingdom,GB,Cayman Islands,,,19.31,-81.25,1,confirmed,2020-03-15T00:00:00Z
United Kingdom,GB,Channel Islands,,,49.37,-2.36,3,confirmed,2020-03-15T00:00:00Z
United Kingdom,GB,Falkland Islands (Malvinas),,,-51.8,-59.52,0,confirmed,2020-03-15T00:00:00Z
United Kingdom,GB,Gibraltar,,,36.14,-5.35,1,confirmed,2020-03-15T00:00:00Z
United Kingdom,GB,Isle of Man,,,54.24,-4.55,0,confirmed,2020-03-15T00:00:00Z
United Kingdom,GB,Montserrat,,,16.74,-62.19,3072,confirmed,2020-03-15T00:00:00Z
United Kingdom,GB,Turks and Caicos Islands,,,21.69,-71.8,0,confirmed,2020-03-15T00:00:00Z
United Kingdom,GB,,,,55.38,-3.44,3684,confirmed,2020-03-16T00:00:00Z
United Kingdom,GB,Anguilla,,,18.22,-63.07,0,confirmed,2020-03-16T00:00:00Z
United Kingdom,GB,Bermuda,,,32.31,-64.75,0,confirmed,2020-03-16T00:00:00Z
United Kingdom,GB,British Virgin Islands,,,18.42,-64.64,0,confirmed,2020-03-16T00:00:00Z
United Kingdom,GB,Cayman Islands,,,19.31,-81.25,1,confirmed,2020-03-16T00:00:00Z
United Kingdom,GB,Channel Islands,,,49.37,-2.36,6,confirmed,2020-03-16T00:00:00Z
United Kingdom,GB,Falkland Islands (Malvinas),,,-51.8,-59.52,0,confirmed,2020-03-16T00:00:00Z
United Kingdom,GB,Gibraltar,,,36.14,-5.35,1,confirmed,2020-03-16T00:00:00Z
United Kingdom,GB,Isle of Man,,,54.24,-4.55,0,confirmed,2020-03-16T00:00:00Z
United Kingdom,GB,Montserrat,,,16.74,-62.19,0,confirmed,2020-03-16T00:00:00Z
United Kingdom,GB,Turks and Caicos Islands,,,21.69,-71.8,0,confirmed,2020-03-16T00:00:00Z
United Kingdom,GB,,,,55.38,-3.44,4452,confirmed,2020-03-17T00:00:00Z
United Kingdom,GB,Anguilla,,,18.22,-63.07,0,confirmed,2020-03-17T00:00:00Z
United Kingdom,GB,Bermuda,,,32.31,-64.75,0,confirmed,2020-03-17T00:00:00Z
United Kingdom,GB,British Virgin Islands,,,18.42,-64.64,0,confirmed,2020-03-17T00:00:00Z
United Kingdom,GB,Cayman Islands,,,19.31,-81.25,1,confirmed,2020-03-17T00:00:00Z
United Kingdom,GB,Channel Islands,,,49.37,-2.36,6,confirmed,2020-03-17T00:00:00Z
United Kingdom,GB,Falkland Islands (Malvinas),,,-51.8,-59.52,0,confirmed,2020-03-17T00:00:00Z
United Kingdom,GB,Gibraltar,,,36.14,-5.35,3,confirmed,2020-03-17T00:00:00Z
United Kingdom,GB,Isle of Man,,,54.24,-4.55,0,confirmed,2020-03-17T00:00:00Z
United Kingdom,GB,Montserrat,,,16.74,-62.19,0,confirmed,2020-03-17T00:00:00Z
United Kingdom,GB,Turks and Caicos Islands,,,21.69,-71.8,0,confirmed,2020-03-17T00:00:00Z
United Kingdom,GB,,,,55.38,-3.44,5451,confirmed,2020-03-18T00:00:00Z
United Kingdom,GB,Anguilla,,,18.22,-63.07,0,confirmed,2020-03-18T00:00:00Z
United Kingdom,GB,Bermuda,,,32.31,-64.75,0,confirmed,2020-03-18T00:00:00Z
United Kingdom,GB,British Virgin Islands,,,18.42,-64.64,0,confirmed,2020-03-18T00:00:00Z
United Kingdom,GB,Cayman Islands,,,19.31,-81.25,1,confirmed,2020-03-18T00:00:00Z
United Kingdom,GB,Channel Islands,,,49.37,-2.36,6,confirmed,2020-03-18T00:00:00Z
United Kingdom,GB,Falkland Islands (Malvinas),,,-51.8,-59.52,0,confirmed,2020-03-18T00:00:00Z
United Kingdom,GB,Gibraltar,,,36.14,-5.35,8,confirmed,2020-03-18T00:00:00Z
United Kingdom,GB,Isle of Man,,,54.24,-4.55,0,confirmed,2020-03-18T00:00:00Z
United Kingdom,GB,Montserrat,,,16.74,-62.19,1,confirmed,2020-03-18T00:00:00Z
United Kingdom,GB,Turks and Caicos Islands,,,21.69,-71.8,5451,confirmed,2020-03-18T00:00:00Z
United Kingdom,GB,,,,55.38,-3.44,6506,confirmed,2020-03-19T00:00:00Z
United Kingdom,GB,Anguilla,,,18.22,-63.07,0,confirmed,2020-03-19T00:00:00Z
United Kingdom,GB,Bermuda,,,32.31,-64.75,2,confirmed,2020-03-19T00:00:00Z
United Kingdom,GB,British Virgin Islands,,,18.42,-64.64,0,confirmed,2020-03-19T00:00:00Z
United Kingdom,GB,Cayman Islands,,,19.31,-81.25,3,confirmed,2020-03-19T00:00:00Z
United Kingdom,GB,Channel Islands,,,49.37,-2.36,11,confirmed,2020-03-19T00:00:00Z
United Kingdom,GB,Falkland Islands (Malvinas),,,-51.8,-59.52,0,confirmed,2020-03-19T00:00:00Z
United Kingdom,GB,Gibraltar,,,36.14,-5.35,10,confirmed,2020-03-19T00:00:00Z
United Kingdom,GB,Isle of Man,,,54.24,-4.55,0,confirmed,2020-03-19T00:00:00Z
United Kingdom,GB,Montserrat,,,16.74,-62.19,1,confirmed,2020-03-19T00:00:00Z
United Kingdom,GB,Turks and Caicos Islands,,,21.69,-71.8,0,confirmed,2020-03-19T00:00:00Z
United Kingdom,GB,,,,55.38,-3.44,7760,confirmed,2020-03-20T00:00:00Z
United Kingdom,GB,Anguilla,,,18.22,-63.07,0,confirmed,2020-03-20T00:00:00Z
United Kingdom,GB,Bermuda,,,32.31,-64.75,2,confirmed,2020-03-20T00:00:00Z
United Kingdom,GB,British Virgin Islands,,,18.42,-64.64,0,confirmed,2020-03-20T00:00:00Z
United Kingdom,GB,Cayman Islands,,,19.31,-81.25,3,confirmed,2020-03-20T00:00:00Z
United Kingdom,GB,Channel Islands,,,49.37,-2.36,14,confirmed,2020-03-20T00:00:00Z
United Kingdom,GB,Falkland Islands (Malvinas),,,-51.8,-59.52,0,confirmed,2020-03-20T00:00:00Z
United Kingdom,GB,Gibraltar,,,36.14,-5.35,10,confirmed,2020-03-20T00:00:00Z
United Kingdom,GB,Isle of Man,,,54.24,-4.55,1,confirmed,2020-03-20T00:00:00Z
United Kingdom,GB,Montserrat,,,16.74,-62.19,1,confirmed,2020-03-20T00:00:00Z
United Kingdom,GB,Turks and Caicos Islands,,,21.69,-71.8,0,confirmed,2020-03-20T00:00:00Z
United Kingdom,GB,,,,55.38,-3.44,8957,confirmed,2020-03-21T00:00:00Z
United Kingdom,GB,Anguilla,,,18.22,-63.07,0,confirmed,2020-03-21T00:00:00Z
United Kingdom,GB,Bermuda,,,32.31,-64.75,2,confirmed,2020-03-21T00:00:00Z
United Kingdom,GB,British Virgin Islands,,,18.42,-64.64,0,confirmed,2020-03-21T00:00:00Z
United Kingdom,GB,Cayman Islands,,,19.31,-81.25,3,confirmed,2020-03-21T00:00:00Z
United Kingdom,GB,Channel Islands,,,49.37,-2.36,32,confirmed,2020-03-21T00:00:00Z
United Kingdom,GB,Falkland Islands (Malvinas),,,-51.8,-59.52,8957,confirmed,2020-03-21T00:00:00Z
United Kingdom,GB,Gibraltar,,,36.14,-5.35,10,confirmed,2020-03-21T00:00:00Z
United Kingdom,GB,Isle of Man,,,54.24,-4.55,1,confirmed,2020-03-21T00:00:00Z
United Kingdom,GB,Montserrat,,,16.74,-62.19,1,confirmed,2020-03-21T00:00:00Z
United Kingdom,GB,Turks and Caicos Islands,,,21.69,-71.8,0,confirmed,2020-03-21T00:00:00Z
United Kingdom,GB,,,,55.38,-3.44,10333,confirmed,2020-03-22T00:00:00Z
United Kingdom,GB,Anguilla,,,18.22,-63.07,10333,confirmed,2020-03-22T00:00:00Z
United Kingdom,GB,Bermuda,,,32.31,-64.75,6,confirmed,2020-03-22T00:00:00Z
United Kingdom,GB,British Virgin Islands,,,18.42,-64.64,0,confirmed,2020-03-22T00:00:00Z
United Kingdom,GB,Cayman Islands,,,19.31,-81.25,3,confirmed,2020-03-22T00:00:00Z
United Kingdom,GB,Channel Islands,,,49.37,-2.36,32,confirmed,2020-03-22T00:00:00Z
United Kingdom,GB,Falkland Islands (Malvinas),,,-51.8,-59.52,0,confirmed,2020-03-22T00:00:00Z
United Kingdom,GB,Gibraltar,,,36.14,-5.35,15,confirmed,2020-03-22T00:00:00Z
United Kingdom,GB,Isle of Man,,,54.24,-4.55,5,confirmed,2020-03-22T00:00:00Z
United Kingdom,GB,Montserrat,,,16.74,-62.19,1,confirmed,2020-03-22T00:00:00Z
United Kingdom,GB,Turks and Caicos Islands,,,21.69,-71.8,0,confirmed,2020-03-22T00:00:00Z
United Kingdom,GB,,,,55.38,-3.44,12668,confirmed,2020-03-23T00:00:00Z
United Kingdom,GB,Anguilla,,,18.22,-63.07,12668,confirmed,2020-03-23T00:00:00Z
United Kingdom,GB,Bermuda,,,32.31,-64.75,6,confirmed,2020-03-23T00:00:00Z
United Kingdom,GB,British Virgin Islands,,,18.42,-64.64,0,confirmed,2020-03-23T00:00:00Z
United Kingdom,GB,Cayman Islands,,,19.31,-81.25,5,confirmed,2020-03-23T00:00:00Z
United Kingdom,GB,Channel Islands,,,49.37,-2.36,36,confirmed,2020-03-23T00:00:00Z
United Kingdom,GB,Falkland Islands (Malvinas),,,-51.8,-59.52,0,confirmed,2020-03-23T00:00:00Z
United Kingdom,GB,Gibraltar,,,36.14,-5.35,15,confirmed,2020-03-23T00:00:00Z
United Kingdom,GB,Isle of Man,,,54.24,-4.55,13,confirmed,2020-03-23T00:00:00Z
United Kingdom,GB,Montserrat,,,16.74,-62.19,1,confirmed,2020-03-23T00:00:00Z
United Kingdom,GB,Turks and Caicos Islands,,,21.69,-71.8,0,confirmed,2020-03-23T00:00:00Z
United Kingdom,GB,,,,55.38,-3.44,15039,confirmed,2020-03-24T00:00:00Z
United Kingdom,GB,Anguilla,,,18.22,-63.07,0,confirmed,2020-03-24T00:00:00Z
United Kingdom,GB,Bermuda,,,32.31,-64.75,6,confirmed,2020-03-24T00:00:00Z
United Kingdom,GB,British Virgin Islands,,,18.42,-64.64,0,confirmed,2020-03-24T00:00:00Z
United Kingdom,GB,Cayman Islands,,,19.31,-81.25,6,confirmed,2020-03-24T00:00:00Z
United Kingdom,GB,Channel Islands,,,49.37,-2.36,36,confirmed,2020-03-24T00:00:00Z
United Kingdom,GB,Falkland Islands (Malvinas),,,-51.8,-59.52,0,confirmed,2020-03-24T00:00:00Z
United Kingdom,GB,Gibraltar,,,36.14,-5.35,15,confirmed,2020-03-24T00:00:00Z
United Kingdom,GB,Isle of Man,,,54.24,-4.55,23,confirmed,2020-03-24T00:00:00Z
United Kingdom,GB,Montserrat,,,16.74,-62.19,1,confirmed,2020-03-24T00:00:00Z
United Kingdom,GB,Turks and Caicos Islands,,,21.69,-71.8,0,confirmed,2020-03-24T00:00:00Z
United Kingdom,GB,,,,55.38,-3.44,17732,confirmed,2020-03-25T00:00:00Z
United Kingdom,GB,Anguilla,,,18.22,-63.07,0,confirmed,2020-03-25T00:00:00Z
United Kingdom,GB,Bermuda,,,32.31,-64.75,7,confirmed,2020-03-25T00:00:00Z
United Kingdom,GB,British Virgin Islands,,,18.42,-64.64,0,confirmed,2020-03-25T00:00:00Z
United Kingdom,GB,Cayman Islands,,,19.31,-81.25,8,confirmed,2020-03-25T00:00:00Z
United Kingdom,GB,Channel Islands,,,49.37,-2.36,46,confirmed,2020-03-25T00:00:00Z
United Kingdom,GB,Falkland Islands (Malvinas),,,-51.8,-59.52,0,confirmed,2020-03-25T00:00:00Z
United Kingdom,GB,Gibraltar,,,36.14,-5.35,26,confirmed,2020-03-25T00:00:00Z
United Kingdom,GB,Isle of Man,,,54.24,-4.55,23,confirmed,2020-03-25T00:00:00Z
United Kingdom,GB,Montserrat,,,16.74,-62.19,1,confirmed,2020-03-25T00:00:00Z
United Kingdom,GB,Turks and Caicos Islands,,,21.69,-71.8,0,confirmed,2020-03-25T00:00:00Z
United Kingdom,GB,,,,55.38,-3.44,20816,confirmed,2020-03-26T00:00:00Z
United Kingdom,GB,Anguilla,,,18.22,-63.07,0,confirmed,2020-03-26T00:00:00Z
United Kingdom,GB,Bermuda,,,32.31,-64.75,15,confirmed,2020-03-26T00:00:00Z
United Kingdom,GB,British Virgin Islands,,,18.42,-64.64,0,confirmed,2020-03-26T00:00:00Z
United Kingdom,GB,Cayman Islands,,,19.31,-81.25,8,confirmed,2020-03-26T00:00:00Z
United Kingdom,GB,Channel Islands,,,49.37,-2.36,66,confirmed,2020-03-26T00:00:00Z
United Kingdom,GB,Falkland Islands (Malvinas),,,-51.8,-59.52,0,confirmed,2020-03-26T00:00:00Z
United Kingdom,GB,Gibraltar,,,36.14,-5.35,35,confirmed,2020-03-26T00:00:00Z
United Kingdom,GB,Isle of Man,,,54.24,-4.55,25,confirmed,2020-03-26T00:00:00Z
United Kingdom,GB,Montserrat,,,16.74,-62.19,5,confirmed,2020-03-26T00:00:00Z
United Kingdom,GB,Turks and Caicos Islands,,,21.69,-71.8,0,confirmed,2020-03-26T00:00:00Z
United Kingdom,GB,,,,55.38,-3.44,24017,confirmed,2020-03-27T00:00:00Z
United Kingdom,GB,Anguilla,,,18.22,-63.07,0,confirmed,2020-03-27T00:00:00Z
United Kingdom,GB,Bermuda,,,32.31,-64.75,17,confirmed,2020-03-27T00:00:00Z
United Kingdom,GB,British Virgin Islands,,,18.42,-64.64,0,confirmed,2020-03-27T00:00:00Z
United Kingdom,GB,Cayman Islands,,,19.31,-81.25,8,confirmed,2020-03-27T00:00:00Z
United Kingdom,GB,Channel Islands,,,49.37,-2.36,88,confirmed,2020-03-27T00:00:00Z
United Kingdom,GB,Falkland Islands (Malvinas),,,-51.8,-59.52,0,confirmed,2020-03-27T00:00:00Z
United Kingdom,GB,Gibraltar,,,36.14,-5.35,55,confirmed,2020-03-27T00:00:00Z
United Kingdom,GB,Isle of Man,,,54.24,-4.55,29,confirmed,2020-03-27T00:00:00Z
United Kingdom,GB,Montserrat,,,16.74,-62.19,5,confirmed,2020-03-27T00:00:00Z
United Kingdom,GB,Turks and Caicos Islands,,,21.69,-71.8,24017,confirmed,2020-03-27T00:00:00Z
United Kingdom,GB,,,,55.38,-3.44,26839,confirmed,2020-03-28T00:00:00Z
United Kingdom,GB,Anguilla,,,18.22,-63.07,2,confirmed,2020-03-28T00:00:00Z
United Kingdom,GB,Bermuda,,,32.31,-64.75,17,confirmed,2020-03-28T00:00:00Z
United Kingdom,GB,British Virgin Islands,,,18.42,-64.64,2,confirmed,2020-03-28T00:00:00Z
United Kingdom,GB,Cayman Islands,,,19.31,-81.25,8,confirmed,2020-03-28T00:00:00Z
United Kingdom,GB,Channel Islands,,,49.37,-2.36,97,confirmed,2020-03-28T00:00:00Z
United Kingdom,GB,Falkland Islands (Malvinas),,,-51.8,-59.52,0,confirmed,2020-03-28T00:00:00Z
United Kingdom,GB,Gibraltar,,,36.14,-5.35,56,confirmed,2020-03-28T00:00:00Z
United Kingdom,GB,Isle of Man,,,54.24,-4.55,32,confirmed,2020-03-28T00:00:00Z
United Kingdom,GB,Montserrat,,,16.74,-62.19,5,confirmed,2020-03-28T00:00:00Z
United Kingdom,GB,Turks and Caicos Islands,,,21.69,-71.8,4,confirmed,2020-03-28T00:00:00Z
United Kingdom,GB,,,,55.38,-3.44,29696,confirmed,2020-03-29T00:00:00Z
United Kingdom,GB,Anguilla,,,18.22,-63.07,2,confirmed,2020-03-29T00:00:00Z
United Kingdom,GB,Bermuda,,,32.31,-64.75,22,confirmed,2020-03-29T00:00:00Z
United Kingdom,GB,British Virgin Islands,,,18.42,-64.64,2,confirmed,2020-03-29T00:00:00Z
United Kingdom,GB,Cayman Islands,,,19.31,-81.25,8,confirmed,2020-03-29T00:00:00Z
United Kingdom,GB,Channel Islands,,,49.37,-2.36,108,confirmed,2020-03-29T00:00:00Z
United Kingdom,GB,Falkland Islands (Malvinas),,,-51.8,-59.52,0,confirmed,2020-03-29T00:00:00Z
United Kingdom,GB,Gibraltar,,,36.14,-5.35,65,confirmed,2020-03-29T00:00:00Z
United Kingdom,GB,Isle of Man,,,54.24,-4.55,42,confirmed,2020-03-29T00:00:00Z
United Kingdom,GB,Montserrat,,,16.74,-62.19,5,confirmed,2020-03-29T00:00:00Z
United Kingdom,GB,Turks and Caicos Islands,,,21.69,-71.8,4,confirmed,2020-03-29T00:00:00Z
United Kingdom,GB,,,,55.38,-3.44,33969,confirmed,2020-03-30T00:00:00Z
United Kingdom,GB,Anguilla,,,18.22,-63.07,2,confirmed,2020-03-30T00:00:00Z
United Kingdom,GB,Bermuda,,,32.31,-64.75,27,confirmed,2020-03-30T00:00:00Z
United Kingdom,GB,British Virgin Islands,,,18.42,-64.64,2,confirmed,2020-03-30T00:00:00Z
United Kingdom,GB,Cayman Islands,,,19.31,-81.25,12,confirmed,2020-03-30T00:00:00Z
United Kingdom,GB,Channel Islands,,,49.37,-2.36,141,confirmed,2020-03-30T00:00:00Z
United Kingdom,GB,Falkland Islands (Malvinas),,,-51.8,-59.52,0,confirmed,2020-03-30T00:00:00Z
United Kingdom,GB,Gibraltar,,,36.14,-5.35,69,confirmed,2020-03-30T00:00:00Z
United Kingdom,GB,Isle of Man,,,54.24,-4.55,49,confirmed,2020-03-30T00:00:00Z
United Kingdom,GB,Montserrat,,,16.74,-62.19,5,confirmed,2020-03-30T00:00:00Z
United Kingdom,GB,Turks and Caicos Islands,,,21.69,-71.8,5,confirmed,2020-03-30T00:00:00Z
United Kingdom,GB,,,,55.38,-3.44,38484,confirmed,2020-03-31T00:00:00Z
United Kingdom,GB,Anguilla,,,18.22,-63.07,2,confirmed,2020-03-31T00:00:00Z
United Kingdom,GB,Bermuda,,,32.31,-64.75,32,confirmed,2020-03-31T00:00:00Z
United Kingdom,GB,British Virgin Islands,,,18.42,-64.64,3,confirmed,2020-03-31T00:00:00Z
United Kingdom,GB,Cayman Islands,,,19.31,-81.25,14,confirmed,2020-03-31T00:00:00Z
United Kingdom,GB,Channel Islands,,,49.37,-2.36,141,confirmed,2020-03-31T00:00:00Z
United Kingdom,GB,Falkland Islands (Malvinas),,,-51.8,-59.52,0,confirmed,2020-03-31T00:00:00Z
United Kingdom,GB,Gibraltar,,,36.14,-5.35,69,confirmed,2020-03-31T00:00:00Z
United Kingdom,GB,Isle of Man,,,54.24,-4.55,60,confirmed,2020-03-31T00:00:00Z
United Kingdom,GB,Montserrat,,,16.74,-62.19,5,confirmed,2020-03-31T00:00:00Z
United Kingdom,GB,Turks and Caicos Islands,,,21.69,-71.8,5,confirmed,2020-03-31T00:00:00Z
United Kingdom,GB,,,,55.38,-3.44,43398,confirmed,2020-04-01T00:00:00Z
United Kingdom,GB,Anguilla,,,18.22,-63.07,2,confirmed,2020-04-01T00:00:00Z
United Kingdom,GB,Bermuda,,,32.31,-64.75,32,confirmed,2020-04-01T00:00:00Z
United Kingdom,GB,British Virgin Islands,,,18.42,-64.64,3,confirmed,2020-04-01T00:00:00Z
United Kingdom,GB,Cayman Islands,,,19.31,-81.25,22,confirmed,2020-04-01T00:00:00Z
United Kingdom,GB,Channel Islands,,,49.37,-2.36,172,confirmed,2020-04-01T00:00:00Z
United Kingdom,GB,Falkland Islands (Malvinas),,,-51.8,-59.52,0,confirmed,2020-04-01T00:00:00Z
United Kingdom,GB,Gibraltar,,,36.14,-5.35,81,confirmed,2020-04-01T00:00:00Z
United Kingdom,GB,Isle of Man,,,54.24,-4.55,68,confirmed,2020-04-01T00:00:00Z
United Kingdom,GB,Montserrat,,,16.74,-62.19,5,confirmed,2020-04-01T00:00:00Z
United Kingdom,GB,Turks and Caicos Islands,,,21.69,-71.8,6,confirmed,2020-04-01T00:00:00Z
